component,path,language,source_form_hint,initial_classification,status,entry_point,tapenade_options,modes,oracle,dependencies,tapenade_result,fortad_result
non-regressions,nonRegressions/set01/B01,fortran,fixed,"mixed regression cases, references, harness, and data",expected-refusal,"gradfb(x,y,z,b,c,d,vol6)",-p|-d/-root-gradfb|-b/-root-gradfb,parser|forward|reverse,strict-and-legacy-compiler|fresh-Tapenade-parser-forward-reverse-generation|FortAD-exact-check-forward-reverse-legacy-do-diagnostic|independent-determinant-volume-JVP-VJP-oracle,legacy fixed-form and include context; exact-source-only,pass-fresh-parser-forward-reverse-generation-strict-refusal-legacy-compile-pass,expected-refusal-check-jvp-vjp-legacy-do-line-116-no-output
non-regressions,nonRegressions/set01/B03,fortran,fixed,"mixed regression cases, references, harness, and data",expected-refusal,"viscflux(npdes,ewt,ubn,nl,beta,xi1,qi1,xdoti1,qli1,qpi1,disti1,epst,xi2,qi2,xdoti2,qli2,qpi2,disti2,vres6,fn,second_order)",-p/-root-viscflux|-d/-root-viscflux|-b/-root-viscflux,parser|forward|reverse,strict-and-legacy-compiler|fresh-Tapenade-parser-forward-reverse-generation|FortAD-exact-check-forward-reverse-common-diagnostic|independent-viscous-flux-JVP-VJP-oracle,COMMON /files/ at line 33 plus external LOW call; no repaired port claimed,pass-fresh-parser-forward-reverse-generation-strict-refusal-legacy-compile-pass,expected-refusal-check-forward-reverse-unsupported-common-line-33-no-output
non-regressions,nonRegressions/set01/B05,fortran,fixed,"mixed regression cases, references, harness, and data",untriaged,untriaged,untriaged,untriaged,untriaged,untriaged,not-run,not-run
non-regressions,nonRegressions/set01/ala00,fortran,fixed,"mixed regression cases, references, harness, and data",expected-refusal,"root(x,y,initial)",-p/-root-root|-d/-root-root|-b/-root-root,parser|forward|reverse,strict-and-legacy-compiler|fresh-Tapenade-parser-forward-reverse-generation|FortAD-exact-check-forward-reverse-diagnostic|independent-fixed-point-JVP-VJP-oracle,PRINT at line 39 is unsupported; stored and fresh reverse references have a strict REAL*8 boundary; no repaired port claimed,pass-fresh-parser-forward-generation-strict-legacy-reverse-legacy-pass,expected-refusal-parser-forward-reverse-unsupported-print-line-39-no-output
non-regressions,nonRegressions/set01/ala01,fortran,fixed,"mixed regression cases, references, harness, and data",expected-refusal,"root(x,y,initial)",-p/-context/-root-root|-d/-context/-root-root|-b/-context/-root-root,parser|forward|reverse,strict-and-legacy-compiler|fresh-Tapenade-parser-forward-reverse-generation|FortAD-exact-parser-forward-reverse-diagnostic|independent-fixed-point-JVP-VJP-oracle,PRINT at line 39 is unsupported; reverse REAL*8 is strict-refused; no repaired port claimed,pass-fresh-parser-forward-reverse-generation-fresh-forward-matches-stored-fresh-reverse-matches-stored-strict-REAL8-refusal-legacy-pass,expected-refusal-unsupported-print-line-39-no-output
non-regressions,nonRegressions/set01/ala02,fortran,fixed,"mixed regression cases, references, harness, and data",expected-refusal,"root(x,y,initial)",-p|-d/-root-root|-b/-root-root,parser|forward|reverse,strict-and-legacy-compiler|fresh-Tapenade-parser-forward-reverse-generation|FortAD-exact-parser-forward-reverse-diagnostic|independent-fixed-point-JVP-VJP-oracle,the exact source has PRINT at line 39 and an implicit REAL-to-INTEGER actual/dummy mismatch; no repaired port claimed,pass-fresh-parser-forward-reverse-generation-parser-forward-strict-legacy-reverse-strict-refusal-legacy-pass,expected-refusal-modern-and-compatible-parser-forward-reverse-unsupported-print-line-39-no-output
non-regressions,nonRegressions/set01/ala03,fortran,fixed,"mixed regression cases, references, harness, and data",expected-refusal,"wave_resolution(id,p,n_global,n_local,nsteps,c,u_global)",-head-wave_resolution(u_global)/(c)-noisize,parser|forward|reverse,strict-and-legacy-compiler|fresh-Tapenade-parser-forward-reverse-generation|FortAD-check-forward-reverse-external-update-diagnostic|independent-wave-JVP-VJP-oracle,MPI/update/collect external calls and MPI include context; no repaired port claimed,pass-fresh-parser-forward-reverse-generation-parser-MPI-mismatch-forward-strict-pass-reverse-INTEGER4-refusal-legacy-pass,check-pass-expected-refusal-forward-reverse-external-update-no-output
non-regressions,nonRegressions/set01/ala04,fortran,fixed,"mixed regression cases, references, harness, and data",expected-refusal,"FP2(x,y)",-p/-context|-d/-context|-b/-context,parser|forward|reverse,strict-and-legacy-compiler|fresh-Tapenade-parser-forward-reverse-generation|FortAD-exact-check-forward-reverse-diagnostic|independent-nested-fixed-point-JVP-VJP-oracle,REAL*8 strict boundary and FortAD undeclared-name diagnostics; no repaired port claimed,pass-fresh-parser-forward-reverse-generation-strict-REAL8-refusal-legacy-pass,expected-refusal-exact-check-forward-independent-x-reverse-dependent-y-no-output
non-regressions,nonRegressions/set01/ala05,fortran,free,"mixed regression cases, references, harness, and data",expected-refusal,"NFP(x,y)",-head-NFP(y)/(x)-context-fixinterface,parser|forward|reverse,strict-and-legacy-compiler|fresh-Tapenade-parser-forward-reverse-generation|FortAD-exact-check-forward-reverse-DO-WHILE-diagnostic|independent-fixed-point-JVP-VJP-oracle,DO WHILE line 27; reverse REAL*8 strict boundary; no repaired port claimed,pass-fresh-parser-forward-reverse-generation-parser-forward-strict-legacy-reverse-REAL8-refusal-legacy-pass,expected-refusal-check-forward-reverse-unsupported-DO-WHILE-line-27-no-output
non-regressions,nonRegressions/set01/bd01,fortran,fixed,"mixed regression cases, references, harness, and data",runnable-ported,"titi(w,x,y,z); port set01_bd01(x_initial,y_initial,z_initial,w_final,x_final,y_final,z_final)",none,forward|reverse:w_final,strict-compiler|fresh-Tapenade-parser-tangent-adjoint-compile|hand|central-difference-sweep|adjoint-identity,none,pass-fresh-parser-tangent-reverse-generation-generated-compile,pass-transform-compile-runtime
non-regressions,nonRegressions/set01/bd02,fortran,fixed,"mixed regression cases, references, harness, and data",runnable-ported,"toto(a,b); titi(a,b); port set01_bd02(b,a)",none,forward|reverse:a,strict-compiler|fresh-Tapenade-parser-tangent-adjoint-compile|hand|central-difference-sweep|adjoint-identity,none,pass-fresh-parser-tangent-reverse-generation-generated-compile,pass-transform-compile-runtime
non-regressions,nonRegressions/set01/bd03,fortran,fixed,"mixed regression cases, references, harness, and data",runnable-ported,"g(a,b); f(a,b); port set01_bd03(b,a)",none,forward|reverse:a,strict-compiler|fresh-Tapenade-parser-tangent-adjoint-compile|hand|central-difference-sweep|adjoint-identity,none,pass-fresh-parser-tangent-reverse-generation-generated-compile,pass-transform-compile-runtime
non-regressions,nonRegressions/set01/bd04,fortran,fixed,"mixed regression cases, references, harness, and data",expected-refusal,"toto(a)",-p|-d-root-toto|-b-root-toto,parser|forward|reverse,strict-compiler|fresh-Tapenade-parser-forward-reverse-generation|FortAD-exact-parser-forward-reverse-print-diagnostic|independent-DO-control-JVP-VJP-oracle,PRINT at line 26; exact fixed-form source only; no repaired port claimed,pass-fresh-parser-tangent-reverse-generation-strict-compile,expected-refusal-parser-forward-reverse-unsupported-print-statement-line-26
non-regressions,nonRegressions/set01/bd05,fortran,fixed,"mixed regression cases, references, harness, and data",runnable-ported,"head(a,b,c); leaf(a,b,c); port set01_bd05(a_in,b_in,c_in,a_out,c_out)",none,forward|reverse:a_out|reverse:c_out,strict-compiler|fresh-Tapenade-parser-tangent-reverse-compile|hand|central-difference-sweep|adjoint-identity,"bounded port declares legacy loop index and exposes mutated A/C outputs",pass-fresh-parser-tangent-reverse-generation-generated-compile,pass-transform-compile-runtime
non-regressions,nonRegressions/set01/bd06,fortran,fixed,"mixed regression cases, references, harness, and data",expected-refusal,"toto(a,b)",none,forward|reverse,strict-compiler|FortAD-diagnostic,DIFFSIZES.inc-for-reference,stored-d-b-references-not-rerun,unsupported-reverse-constant-loop
non-regressions,nonRegressions/set01/bd07,fortran,mixed,"mixed regression cases, references, harness, and data",untriaged,untriaged,untriaged,untriaged,untriaged,untriaged,not-run,not-run
non-regressions,nonRegressions/set01/ht01,fortran,fixed,"mixed regression cases, references, harness, and data",untriaged,untriaged,untriaged,untriaged,untriaged,untriaged,not-run,not-run
non-regressions,nonRegressions/set01/ht02,fortran,fixed,"mixed regression cases, references, harness, and data",expected-refusal,top(a),-p|-d-root-top|-b-root-top,parser|forward|reverse,strict-and-legacy-compiler|fresh-Tapenade-parser-forward-reverse-generation|FortAD-exact-check-forward-reverse-diagnostic|independent-fixed-read-value-JVP-VJP-oracle,top reads x from an external unit after myopen opens that unit; the exact source therefore has an unsupported external I/O boundary; no synthetic I/O value or repaired port is claimed,pass-fresh-parser-forward-reverse-generation-strict-legacy-compile,expected-refusal-check-forward-reverse-unsupported-read-line-7-no-output
non-regressions,nonRegressions/set01/ht03,fortran,fixed,"mixed regression cases, references, harness, and data",expected-refusal,"top(i1,i2,i3,o1,o2,o3); sub1(i1,i2,o1,o2)",-p|-d-root-top|-b-root-top,parser|forward|reverse,strict-and-legacy-compiler|fresh-Tapenade-parser-tangent-reverse-generation|FortAD-exact-check-call-and-I-O-refusal|independent-conditional-read-value-JVP-VJP-oracle,sub1 opens and reads external file toto; top's active call has no FortAD derivative rule; no repaired port is claimed,pass-fresh-parser-forward-reverse-generation-strict-and-legacy-compile,pass-check-reemit-strict-and-legacy-free-compile; expected-top-call-refusal-and-direct-I-O-refusal-no-output
non-regressions,nonRegressions/set01/lh000,fortran,mixed,"mixed regression cases, references, harness, and data",expected-refusal,"none (empty program.f and program.f90)",-p|-d|-b (no root; empty source),parser|forward|reverse,independent-empty-source-and-refusal-semantics|strict-compiler|fresh-pinned-Tapenade-generation|FortAD-no-entry-boundary|upstream-source-SHA-256-contract,"empty source; stored messages only; no entry point",pass-fresh-parser-tangent-reverse-no-entry,not-applicable-no-entry-point
non-regressions,nonRegressions/set01/lh001,fortran,fixed,"mixed regression cases, references, harness, and data",runnable-ported,"top(i1,i2,i3,o1,o2,o3); port set01_lh001(i1,i2,i3,o1,o2,o3)",none,forward|reverse:o1,hand|central-difference-sweep|adjoint-identity,none,stored-d-b-references-not-rerun,pass-transform-compile-runtime
non-regressions,nonRegressions/set01/lh002,fortran,fixed,"mixed regression cases, references, harness, and data",runnable-ported,"top(x,y,z,a,b,c); port set01_lh002(x_initial,z_initial,b_initial,x_final,y_final,z_final,a_final)",none,forward|reverse:x_final,strict-compiler|hand|central-difference-sweep|adjoint-identity,none,stored-d-b-references-not-rerun,pass-transform-compile-runtime
non-regressions,nonRegressions/set01/lh003,fortran,fixed,"mixed regression cases, references, harness, and data",expected-refusal,"adj2(x,y,z,N,o)",none,forward|reverse,strict-source-inspection|safe-trace-hand-tangent|central-difference-sweep,none,pass-fresh-parser-tangent-reverse-generation-generated-compile-refusal,pass-exact-source-refusal-unsupported-statement-line-11
non-regressions,nonRegressions/set01/lh004,fortran,fixed,"mixed regression cases, references, harness, and data",expected-refusal,"tata(y,z,x); port set01_lh004(y_initial,z_initial,x1_final,x2_final)",none,forward|reverse,strict-compiler|forward-transform|primal|hand|central-difference-sweep|FortAD-diagnostic,none,stored-d-reference-not-rerun,reverse-refused-branch-in-loop
non-regressions,nonRegressions/set01/lh005,fortran,fixed,"mixed regression cases, references, harness, and data",expected-refusal,"adj4(y)",none,forward|reverse,strict-source-inspection|branch-hand-derivative|central-difference-sweep,"COMMON blocks and unit I/O",pass-fresh-parser-tangent-reverse-generation-generated-compile-refusal,pass-exact-source-refusal-unmatched-do-line-37
non-regressions,nonRegressions/set01/lh006,fortran,fixed,"mixed regression cases, references, harness, and data",expected-refusal,"adj6(x,y,z)",none,forward|reverse,strict-source-inspection|fixed-trace-hand-derivative|central-difference-sweep,external file donnees and COMMON block donnees,pass-fresh-parser-tangent-reverse-generation-generated-compile-refusal,pass-exact-source-refusal-unterminated-character-line-49
non-regressions,nonRegressions/set01/lh007,fortran,fixed,"mixed regression cases, references, harness, and data",expected-refusal,"adj3(z,t); sub1(u,y2,z,v); port set01_lh007(z,t,x5,x8,x10,y,u,v,...)",-p|-d-root-adj3|-b-root-adj3,forward|reverse:t_out,strict-compiler|fresh-Tapenade-parser-tangent-reverse-compile|independent-hand-JVP-VJP|central-difference-sweep|adjoint-identity|FortAD-diagnostic,"exact source uses COMMON /cc/ and reads uninitialized local U/V; bounded port makes storage projection and initial values explicit",pass-exact-and-fresh-generated-strict-compile,pass-exact-source-refusal-common-line-6-normalized-port-pass
non-regressions,nonRegressions/set01/lh008,fortran,fixed,"mixed regression cases, references, harness, and data",runnable-ported,"adjBlock1(x,y,z); port set01_lh008(y,x,z,objective)",none,forward|reverse:objective,strict-compiler|hand|central-difference-sweep|adjoint-identity,none,pass-parser-and-generated-compile,pass-transform-compile-runtime
non-regressions,nonRegressions/set01/lh009,fortran,fixed,"mixed regression cases, references, harness, and data",unsupported-invalid-upstream-fortran,"cfgLoop1(a,b,s); independent oracle only",-p|-d-root-cfgloop1|-b-root-cfgloop1,parser|forward|reverse,strict-compiler|fresh-Tapenade-parser-tangent-reverse-compile|independent-type-and-operation-oracle,none,pass-fresh-parser-tangent-reverse-generation-generated-compile-refusal,not-run-invalid-upstream-source
non-regressions,nonRegressions/set01/lh010,fortran,fixed,"mixed regression cases, references, harness, and data",runnable-ported,"toto(x); port set01_lh010(x,total)",none,forward|reverse,strict-compiler|hand|central-difference-sweep|adjoint-identity,none,pass-transform-compile,pass-transform-compile-runtime
non-regressions,nonRegressions/set01/lh011,fortran,fixed,"mixed regression cases, references, harness, and data",expected-refusal,"s1(a,b)",-p|-d-root-s1|-b-root-s1,parser|forward|reverse,strict-compiler|fresh-Tapenade-parser-tangent-reverse-compile|bounded-hand-JVP-VJP|central-difference-sweep|adjoint-identity,"uninitialized computed-GOTO selector; absent alternate-return callees TOTO/TUTU",pass-fresh-parser-tangent-reverse-generation-generated-compile-refusal,pass-exact-source-refusal-unsupported-computed-goto-line-6
non-regressions,nonRegressions/set01/lh012,fortran,fixed,"mixed regression cases, references, harness, and data",expected-refusal,"test(A,B,C)",none,forward|reverse,strict-compiler|fresh-Tapenade-parser-tangent-reverse-compile|safe-index-hand-JVP-VJP|central-difference-sweep|adjoint-identity,INDX-uninitialized-local,pass-fresh-parser-tangent-reverse-generated-compile,pass-forward-transform-reverse-generated-compile-refusal-indx-and-dependent-adjoint
non-regressions,nonRegressions/set01/lh013,fortran,fixed,"mixed regression cases, references, harness, and data",expected-refusal,"test(x,y)",none,forward|reverse,strict-compiler|fresh-Tapenade-parser-tangent-reverse-compile|initialization-safe-hand-JVP-VJP|central-difference-sweep|adjoint-identity,A(2)-read-before-initialization,pass-fresh-parser-tangent-reverse-generated-compile,pass-forward-transform-reverse-generated-compile-refusal-duplicate-adjoint
non-regressions,nonRegressions/set01/lh014,fortran,fixed,"mixed regression cases, references, harness, and data",expected-refusal,"test(X,Y,p,q)",none,forward|reverse,strict-compiler|fresh-Tapenade-parser-tangent-reverse-compile|hand-JVP-VJP|central-difference-sweep|adjoint-identity,implicit-loop-index-i,pass-fresh-parser-tangent-reverse-generated-compile,pass-generated-compile-refusal-implicit-index
non-regressions,nonRegressions/set01/lh015,fortran,fixed,"mixed regression cases, references, harness, and data",unsupported-invalid-upstream-fortran,"s2(i1,p,i2,t1); independent bounded loop-body oracle",-p|-d-root-s2|-b-root-s2,parser|forward|reverse,strict-compiler|fresh-Tapenade-parser-tangent-reverse-compile|bounded-loop-body-hand-JVP-VJP|central-difference-sweep|adjoint-identity,"exact source mixes INTEGER and REAL arguments in MAX, reads uninitialized REAL i3, and uses COMMON /c2/",pass-fresh-parser-tangent-reverse-generation-generated-compile-refusal,not-run-invalid-upstream-source
non-regressions,nonRegressions/set01/lh016,fortran,fixed,"mixed regression cases, references, harness, and data",expected-refusal,"ctest(in,out); port set01_lh016(input,output)",-root ctest,forward|reverse,strict-compiler|Tapenade-generated-compile|hand-real-coordinate-JVP-VJP|central-difference-sweep|adjoint-identity|FortAD-diagnostic,none,pass-fresh-forward-reverse-generated-compile,pass-forward-reverse-complex-adjoint-refusal
non-regressions,nonRegressions/set01/lh017,fortran,fixed,"mixed regression cases, references, harness, and data",runnable-ported,"test(a1,a2,b1,b2); port set01_lh017(a1,a2,branch,b1,b2)",none,forward|reverse:b1|reverse:b2,strict-compiler|hand|central-difference-sweep|adjoint-identity,"implicit branch state made explicit",pass-fresh-parser-tangent-reverse-generated-compile,pass-transform-compile-runtime
non-regressions,nonRegressions/set01/lh018,fortran,fixed,"mixed regression cases, references, harness, and data",runnable-ported,"top(a,b,c,d); f(u,v); port set01_lh018(b,c,a_out)",none,forward|reverse:a_out,strict-compiler|fresh-Tapenade-parser-tangent-reverse-compile|hand|central-difference-sweep|adjoint-identity,"bounded port makes dead second-function-argument mutation passive",pass-fresh-parser-tangent-reverse-generation-generated-compile,pass-transform-compile-runtime
non-regressions,nonRegressions/set01/lh019,fortran,mixed,"mixed regression cases, references, harness, and data",runnable-ported,"top(x,y,n,*); port set01_lh019(x,y,n,output)",associationByAddress references,forward|reverse:output,strict-compiler|hand|central-difference-sweep|adjoint-identity,none for port; upstream AATypes modules,stored-aad-aab-references-compiled,pass-transform-compile-runtime
non-regressions,nonRegressions/set01/lh020,fortran,fixed,"mixed regression cases, references, harness, and data",runnable-ported,"top(x,y,n,*); port set01_lh020(x,y,n,x1_out,branch)",none,forward|reverse:x1_out,strict-compiler|fresh-Tapenade-parser-tangent-reverse-compile|independent-hand-JVP-VJP|central-difference-sweep|adjoint-identity|branch-status,"alternate-return interface; bounded port exposes branch status",pass-fresh-parser-tangent-reverse-generation-generated-compile,pass-transform-compile-runtime
non-regressions,nonRegressions/set01/lh021,fortran,fixed,"mixed regression cases, references, harness, and data",expected-refusal,"s1(x,i1,y,i2,z)",-p|-d-root-s1|-b-root-s1,parser|forward|reverse,strict-compiler|fresh-Tapenade-parser-tangent-reverse-compile|FortAD-diagnostic,"COMMON /c1/; external S2/S3 definitions absent",pass-fresh-parser-tangent-reverse-generation-generated-compile-refusal,pass-exact-source-refusal-common-line-5
non-regressions,nonRegressions/set01/lh022,fortran,fixed,"mixed regression cases, references, harness, and data",expected-refusal,"test(x,y); port set01_lh022(x,y)",none,forward|reverse,strict-compiler|hand|central-difference-sweep|adjoint-identity,none,pass-fresh-parser-tangent-reverse-generation-generated-compile,pass-forward-transform-compile-reverse-refusal-per-iteration-storage
non-regressions,nonRegressions/set01/lh023,fortran,fixed,"mixed regression cases, references, harness, and data",runnable-ported,"test(a,b,c); port set01_lh023(a,b,c)",none,forward|reverse,hand|central-difference-sweep|adjoint-identity,none,stored-d-b-references-not-rerun,pass-transform-compile-runtime
non-regressions,nonRegressions/set01/lh024,fortran,fixed,"mixed regression cases, references, harness, and data",expected-refusal,"test(x,y); sub1(v,t,y)",-p|-d-root-test|-b-root-test,parser|forward|reverse,strict-compiler|fresh-Tapenade-parser-tangent-reverse-compile|independent-hand-JVP-VJP|central-difference-sweep|adjoint-identity|FortAD-diagnostic,"mutating call actuals; bounded port uses a plain temporary",pass-fresh-parser-tangent-reverse-generation-generated-compile,pass-exact-source-refusal-mutating-call-boundary
non-regressions,nonRegressions/set01/lh025,fortran,fixed,"mixed regression cases, references, harness, and data",runnable-ported,"funeval(a,x,n,k,lambda,y,z); port set01_lh025(a,x,lambda,y)",-p|-d-root-funeval|-b-root-funeval,forward|reverse,strict-compiler|fresh-Tapenade-parser-tangent-reverse-compile|independent-closed-form-JVP-VJP|central-difference-sweep|adjoint-identity,"exact source remains a generic Tapenade boundary; bounded port is N=7,K=3",pass-fresh-parser-tangent-reverse-generation-generated-compile,pass-transform-compile-runtime-exact-source-refusal
non-regressions,nonRegressions/set01/lh026,fortran,fixed,"mixed regression cases, references, harness, and data",expected-refusal,"s1(a,b)",-p|-d-root-s1|-b-root-s1,forward|reverse,strict-compiler|fresh-Tapenade-parser-tangent-reverse-compile|independent-hand-JVP-VJP|central-difference-sweep|adjoint-identity|FortAD-diagnostic,"restart-to-label branch inside a loop; stored reverse uses INTEGER*4",pass-fresh-parser-tangent-reverse-generation-generated-compile-refusal,pass-forward-transform-compile-reverse-refusal-control-flow
non-regressions,nonRegressions/set01/lh027,fortran,fixed,"mixed regression cases, references, harness, and data",runnable-ported,"s1(a,b); port set01_lh027(a,b,a_out,b_out,objective)",-p|-d-root-s1|-b-root-s1,forward|reverse,strict-compiler|fresh-Tapenade-parser-tangent-reverse-compile|independent-closed-form-array-and-scalar-JVP-VJP|central-difference-sweep|adjoint-identity,"exact reverse references use legacy control flow; bounded port restricts to positive branch trace",pass-fresh-parser-tangent-reverse-generation-generated-compile-refusal,pass-transform-compile-runtime
non-regressions,nonRegressions/set01/lh028,fortran,fixed,"mixed regression cases, references, harness, and data",expected-refusal,"s1(a,b); port set01_lh028(a,b)",none,forward|reverse,strict-compiler|hand|central-difference-sweep|adjoint-identity,none,pass-fresh-parser-tangent-reverse-generation-reverse-compile-rejection-integer4,pass-forward-transform-compile-reverse-refusal-loop-control-flow
non-regressions,nonRegressions/set01/lh029,fortran,fixed,"mixed regression cases, references, harness, and data",runnable-ported,"s1(T,n,xx,z); s2(V,nn,res,z); s3(T,n,res,z); port set01_lh029(t,z,xx,z_out)",-p|-d-root-s1|-b-root-s1,forward|reverse:xx|reverse:z_out,strict-compiler|fresh-Tapenade-parser-tangent-reverse-compile|independent-hand-JVP-VJP|central-difference-sweep|adjoint-identity,"external nested s2/s3 call boundary; bounded port unrolls the fixed trace",pass-fresh-parser-tangent-reverse-generation-generated-compile,pass-transform-compile-runtime-exact-source-refusal
non-regressions,nonRegressions/set01/lh030,fortran,fixed,"mixed regression cases, references, harness, and data",runnable-ported,"head(i1,i2,o); port set01_lh030(i1,i2,o)",-p|-d-root-head|-b-root-head,parser|forward|reverse|multidirectional,strict-compiler|fresh-Tapenade-parser-tangent-reverse-compile|independent-closed-form-JVP-VJP|central-difference-sweep|adjoint-identity,"exact COMMON /zz/ state; bounded port carries zn and zd as local state",pass-fresh-parser-tangent-reverse-generation-generated-compile,pass-transform-compile-runtime-exact-source-refusal
non-regressions,nonRegressions/set01/lh031,fortran,fixed,"mixed regression cases, references, harness, and data",runnable-ported,"sub1(x,y,z); port set01_lh031(x,y,z,x_out,y_out,z_out)",-p|-d-root-sub1|-b-root-sub1,parser|forward|reverse,strict-compiler|fresh-Tapenade-parser-tangent-reverse-compile|independent-closed-form-JVP-VJP|central-difference-sweep|adjoint-identity,"exact RETURN boundary; bounded port exposes overwritten outputs",pass-fresh-parser-tangent-reverse-generation-generated-compile,pass-transform-compile-runtime-exact-source-refusal
non-regressions,nonRegressions/set01/lh032,fortran,fixed,"mixed regression cases, references, harness, and data",runnable-ported,"sub1(x,y); port set01_lh032(x,y)",none,forward|reverse,hand|central-difference-sweep|adjoint-identity,none,stored-d-b-references-not-rerun,pass-transform-compile-runtime
non-regressions,nonRegressions/set01/lh033,fortran,fixed,"mixed regression cases, references, harness, and data",expected-refusal,"absorbN(data,resu,iz)",none,forward|reverse,strict-compiler|fresh-Tapenade-parser-tangent-reverse-generation-generated-compile|strict-source-refusal|central-difference-sweep,COMMON block /ccc/,pass-fresh-parser-tangent-reverse-generation-generated-compile,unsupported-statement-line-5-common
non-regressions,nonRegressions/set01/lh034,fortran,fixed,"mixed regression cases, references, harness, and data",expected-refusal,"invert(f,x,a0,b0,n); port set01_lh034(a0,b0,x,n,root)",-p|-d-root-invert|-b-root-invert,forward|reverse,strict-compiler|fresh-Tapenade-parser-tangent-reverse-compile|independent-hand-JVP-VJP|central-difference-sweep|adjoint-identity|FortAD-diagnostic,"unresolved external callback; fixed-form RETURN boundary",pass-fresh-parser-tangent-reverse-generation-generated-compile-refusal,pass-forward-transform-compile-reverse-refusal-control-flow
non-regressions,nonRegressions/set01/lh035,fortran,fixed,"mixed regression cases, references, harness, and data",unsupported-invalid-upstream-fortran,"bug7(x)",none,parser|forward|reverse,strict-compiler|fresh-Tapenade-parser-tangent-reverse-compile|FortAD-diagnostic,"conflicting REAL COMMON and CHARACTER declarations",pass-fresh-parser-tangent-reverse-generation-generated-compile-refusal,not-run-invalid-upstream-source
non-regressions,nonRegressions/set01/lh036,fortran,fixed,"mixed regression cases, references, harness, and data",unsupported-invalid-upstream-fortran,"f(t)",none,parser|forward|reverse,strict-compiler|fresh-Tapenade-parser-tangent-reverse-compile|FortAD-diagnostic,"missing ZE/TRUC/TRUC1 definitions and malformed ZE expression",pass-fresh-parser-tangent-reverse-generation-generated-compile-refusal,not-run-invalid-upstream-source
non-regressions,nonRegressions/set01/lh037,fortran,fixed,"mixed regression cases, references, harness, and data",unsupported-invalid-upstream-fortran,"assgoto1(a,b,c); port set01_lh037(a,b,c)",-p|-d-root-assgoto1|-b-root-assgoto1,parser|forward|reverse|multidirectional,strict-compiler|fresh-Tapenade-parser-tangent-reverse-compile|FortAD-diagnostic|independent-closed-form-JVP-VJP|central-difference-sweep|adjoint-identity,"deleted ASSIGN/GOTO and REAL*8; program_dv requires missing DIFFSIZES.inc; bounded path b-c>8",pass-fresh-parser-tangent-reverse-generation-generated-compile-refusal,not-run-invalid-upstream-source
non-regressions,nonRegressions/set01/lh038,fortran,fixed,"mixed regression cases, references, harness, and data",expected-refusal,"top(x); port set01_lh038(pi,x)",-p|-d-root-top|-b-root-top,forward|reverse,strict-compiler|fresh-Tapenade-parser-tangent-reverse-compile|independent-hand-JVP|central-difference-sweep|adjoint-identity|FortAD-diagnostic,"exact COMMON /ext/ boundary; bounded port makes state explicit; bounded reverse has duplicate x_b",pass-fresh-parser-tangent-reverse-generation-generated-compile,pass-forward-transform-compile-reverse-refusal-generated-compile
non-regressions,nonRegressions/set01/lh039,fortran,fixed,"mixed regression cases, references, harness, and data",runnable-ported,"top(i1,i2,i3,o1,o2,o3); port set01_lh039(i1,i2,i3,o1,o2,o3)",none,forward|reverse:o1,strict-compiler|fresh-Tapenade-parser-tangent-reverse-generation-generated-compile|hand|central-difference-sweep|adjoint-identity,none,pass-fresh-parser-tangent-reverse-generation-generated-compile,pass-transform-compile-runtime
non-regressions,nonRegressions/set01/lh040,fortran,fixed,"mixed regression cases, references, harness, and data",expected-refusal,f(t),none,forward|reverse,strict-compiler|fresh-Tapenade-parser-tangent-reverse-generation-generated-compile|strict-source-refusal|central-difference-sweep,fixed-form CHARACTER*10 declaration,pass-fresh-parser-tangent-reverse-generation-generated-compile,unsupported-statement-line-4-character
non-regressions,nonRegressions/set01/lh041,fortran,fixed,"mixed regression cases, references, harness, and data",runnable-ported,"adj10(tab,q); port set01_lh041(a,b,q,result)",-p|-d-root-adj10|-b-root-adj10,forward|reverse,strict-compiler|fresh-Tapenade-parser-tangent-reverse-compile|independent-hand-JVP|central-difference-sweep|adjoint-identity|FortAD-diagnostic,"exact COMMON/fixed-form nested-loop boundary; bounded port makes state explicit; bounded reverse needs per-iteration storage",pass-fresh-parser-tangent-reverse-generation-generated-compile,pass-transform-compile-runtime-exact-source-refusal
non-regressions,nonRegressions/set01/lh042,fortran,fixed,"mixed regression cases, references, harness, and data",unsupported-invalid-upstream-fortran,"decls1(t1,t2,t3,n,m,t4,t5)",-p|-d-root-decls1|-b-root-decls1|-d-root-decls1-multi,parser|forward|reverse|multidirectional,strict-compiler|fresh-Tapenade-parser-tangent-reverse-compile|FortAD-diagnostic,"invalid declaration order, kind syntax, dummy/EQUIVALENCE conflicts, and missing DIFFSIZES.inc",pass-fresh-parser-tangent-reverse-generation-generated-compile-refusal,not-run-invalid-upstream-source
non-regressions,nonRegressions/set01/lh043,fortran,mixed,"mixed regression cases, references, harness, and data",untriaged,untriaged,untriaged,untriaged,untriaged,untriaged,not-run,not-run
non-regressions,nonRegressions/set01/lh044,fortran,fixed,"mixed regression cases, references, harness, and data",unsupported-invalid-upstream-fortran,"invert(FX0,FX1,X,A0,B0,N,FX2,FX3)",none,parser|forward|reverse,strict-compiler|fresh-Tapenade-parser-tangent-reverse-compile|FortAD-diagnostic,"FX1 is both dummy and INTRINSIC; unresolved callback semantics",pass-fresh-parser-tangent-reverse-generation-generated-compile-refusal,not-run-invalid-upstream-source
non-regressions,nonRegressions/set01/lh045,fortran,fixed,"mixed regression cases, references, harness, and data",expected-refusal,"S1(x,i1,y,i2,z); port set01_lh045(x,y,w4,v2,x_out,z,w4_out)",-p|-d-root-S1|-b-root-S1,forward|reverse,strict-compiler|fresh-Tapenade-parser-tangent-reverse-compile|independent-hand-JVP|central-difference-sweep|adjoint-identity|FortAD-diagnostic,"exact COMMON /c1/ and /c2/ state; bounded forward exposes state; bounded reverse has INTEGER*4/0.0_kind=8 compile boundary",pass-fresh-parser-tangent-reverse-generation-generated-compile-refusal,pass-forward-transform-compile-reverse-refusal-generated-compile
non-regressions,nonRegressions/set01/lh046,fortran,fixed,"mixed regression cases, references, harness, and data",unsupported-invalid-upstream-fortran,"test(T1,T2,n,x)",-p|-d-root-test|-b-root-test,parser|forward|reverse,strict-compiler|fresh-Tapenade-parser-tangent-reverse-compile|FortAD-diagnostic,"REAL*16 declarations and malformed indexed READ; stored derivatives are strict-invalid",pass-fresh-parser-tangent-reverse-generation-generated-compile-refusal,not-run-invalid-upstream-source
non-regressions,nonRegressions/set01/lh047,fortran,fixed,"mixed regression cases, references, harness, and data",expected-refusal,"adj13bis(u,z,t); sub1(u,y2,z,v); port set01_lh047(u,z,t,x1,x8,x9,x10,x11,y,v)",-p|-d-root-adj13bis|-b-root-adj13bis,forward|reverse,strict-compiler|fresh-Tapenade-parser-tangent-reverse-compile|independent-hand-JVP|central-difference-sweep|adjoint-identity|FortAD-diagnostic,"exact COMMON /cc/ state; scalar-to-array actual mismatch; bounded port exposes state and initializes v",pass-fresh-parser-tangent-reverse-generation-generated-compile,pass-forward-transform-compile-reverse-refusal-generated-compile
non-regressions,nonRegressions/set01/lh048,fortran,fixed,"mixed regression cases, references, harness, and data",expected-refusal,"adj13bis(u,z,t); port set01_lh048(u,z,t,v,x,y)",-p|-d-root-adj13bis|-b-root-adj13bis,forward|reverse,strict-compiler|fresh-Tapenade-parser-tangent-reverse-compile|independent-hand-JVP|central-difference-sweep|adjoint-identity|FortAD-diagnostic,"exact COMMON /cc/ state and incoming v; bounded port makes state explicit; bounded reverse duplicates t_b",pass-fresh-parser-tangent-reverse-generation-generated-compile,pass-forward-transform-compile-reverse-refusal-generated-compile
non-regressions,nonRegressions/set01/lh049,fortran,fixed,"mixed regression cases, references, harness, and data",runnable-ported,"sub0(x,y,z); port set01_lh049(x,y,z)",none,forward|reverse:z,hand|central-difference-sweep|adjoint-identity,none,stored-d-b-references-not-rerun,pass-transform-compile-runtime
non-regressions,nonRegressions/set01/lh050,fortran,fixed,"mixed regression cases, references, harness, and data",expected-refusal,"sub0(x,y,z); port set01_lh050(x,y,z)",-p|-d-root-sub0|-b-root-sub0,forward|reverse,strict-compiler|fresh-Tapenade-parser-tangent-reverse-compile|independent-hand-JVP-VJP|central-difference-sweep|adjoint-identity|FortAD-diagnostic,"implicit-interface conditional omits the x>0 branch in exact FortAD; bounded port adds explicit INTENT and retains conditional state",pass-fresh-parser-tangent-reverse-generation-generated-compile-refusal,refused-transform-oracle-mismatch
non-regressions,nonRegressions/set01/lh051,fortran,fixed,"mixed regression cases, references, harness, and data",expected-refusal,"adj1(x,y,z,n,o); port set01_lh051(x,y,z,n,o)",-p|-d-root-adj1|-b-root-adj1,forward|reverse,strict-compiler|fresh-Tapenade-parser-tangent-reverse-compile|independent-hand-JVP|central-difference-sweep|FortAD-diagnostic,"exact labeled DO at line 11; bounded reverse needs per-iteration storage for loop-carried z",pass-fresh-Tapenade-parser-tangent-reverse-generation-generated-compile,pass-forward-transform-compile-reverse-refusal-per-iteration-storage
non-regressions,nonRegressions/set01/lh052,fortran,fixed,"mixed regression cases, references, harness, and data",unsupported-invalid-upstream-fortran,"f(t); exact source has scalar COMMON aj subscripted in g",-p|-d-root-f|-b-root-f,parser|forward|reverse,strict-compiler|fresh-pinned-tapenade-generation|diagnostic-identity,none,generated-p-b-d-all-fail-strict-common-aj-diagnostic,not-run-invalid-upstream-source
non-regressions,nonRegressions/set01/lh053,fortran,fixed,"mixed regression cases, references, harness, and data",expected-refusal,"cg12v4(z,tk,gamai,v,w,g,tau,ncmax); port set01_lh053(nc,z,tk,rcal,gamai,v,w,g,tau)",-p|-d-root-cg12v4|-b-root-cg12v4,forward|reverse,strict-compiler|fresh-Tapenade-parser-tangent-reverse-compile|independent-hand-JVP|central-difference-sweep|adjoint-identity|FortAD-diagnostic,"COMMON/EQUIVALENCE state; missing BINAIR and DIFFSIZES.inc dependencies; bounded port supplies fixed BINAIR algebra",pass-fresh-parser-tangent-reverse-generation-generated-compile-refusal,pass-forward-transform-compile-reverse-refusal-per-iteration-storage
non-regressions,nonRegressions/set01/lh054,fortran,fixed,"mixed regression cases, references, harness, and data",expected-refusal,"test(n,m,lrhs,lbn,b,bpm,pp,*); port set01_lh054(n,m,lrhs,lbn,b,bpm,pp)",-p|-d-root-test|-b-root-test,parser|forward|reverse|multidirectional,strict-compiler|fresh-Tapenade-parser-tangent-reverse-compile|independent-hand-JVP-VJP|central-difference-sweep|adjoint-identity|FortAD-diagnostic,"absent DIFFSIZES.inc for stored multidirectional reference; exact alternate-return and implicit interface cause FortAD invalid forward and duplicate reverse b_b; bounded forward makes types and intents explicit",pass-fresh-parser-tangent-reverse-generation-generated-strict-compile,refused-transform-oracle-mismatch
non-regressions,nonRegressions/set01/lh055,fortran,fixed,"mixed regression cases, references, harness, and data",expected-refusal,"test(a,b); port set01_lh055(a,b)",-p|-d-root-test|-b-root-test,forward|reverse,strict-compiler|fresh-Tapenade-parser-tangent-reverse-compile|independent-hand-JVP-VJP|central-difference-sweep|adjoint-identity|FortAD-diagnostic,"REAL*8 and unresolved external TOTO in exact source; absent DIFFSIZES.inc in stored multidirectional reference; bounded witness fixes callback algebra and real64 intents",pass-fresh-parser-tangent-reverse-generation-generated-compile-refusal,pass-transform-compile-runtime-exact-source-refusal
non-regressions,nonRegressions/set01/lh056,fortran,fixed,"mixed regression cases, references, harness, and data",unsupported-invalid-upstream-fortran,"f(t)",-p|-d-root-f|-b-root-f,parser|forward|reverse,strict-compiler|fresh-Tapenade-parser-tangent-reverse-compile|FortAD-diagnostic,"three-argument mixed-kind intrinsic AMIN1 is invalid upstream; program_dv.f also requires absent DIFFSIZES.inc",pass-fresh-parser-tangent-reverse-generation-generated-compile-refusal,not-run-invalid-upstream-source
non-regressions,nonRegressions/set01/lh057,fortran,fixed,"mixed regression cases, references, harness, and data",runnable-ported,"test(a,b,c); port set01_lh057_split(a,b,c,a_out,c_out)",none,forward|reverse:a_out|reverse:c_out,hand|central-difference-sweep|adjoint-identity,none,stored-d-b-references-not-rerun,pass-transform-compile-runtime
non-regressions,nonRegressions/set01/lh058,fortran,fixed,"mixed regression cases, references, harness, and data",runnable-ported,"ff(t,u,n,e); port set01_lh058(t,u,n,e)",none,forward|reverse,hand|central-difference-sweep|adjoint-identity,none,stored-d-b-references-not-rerun,pass-transform-compile-runtime
non-regressions,nonRegressions/set01/lh059,fortran,fixed,"mixed regression cases, references, harness, and data",expected-refusal,"sub2(T,U,n,i); port set01_lh059(t,u,n,i)",-p|-d-root-sub2|-b-root-sub2,forward|reverse,strict-compiler|fresh-Tapenade-parser-tangent-reverse-compile|independent-hand-JVP|central-difference-sweep|adjoint-identity|FortAD-diagnostic,"labeled GOTO-5 state transition inside DO WHILE; absent DIFFSIZES.inc for stored multidirectional output; bounded port fixes the observed five-iteration trace",pass-fresh-parser-tangent-generation-generated-compile-reverse-compile-refusal,pass-forward-transform-compile-reverse-refusal-control-flow
non-regressions,nonRegressions/set01/lh060,fortran,fixed,"mixed regression cases, references, harness, and data",expected-refusal,"invert(neq,y,savf,FX3,FX4); port set01_lh060(neq,y,savf,tn,c3,c4,y_out,savf_out,tn_out)",-p|-d-root-invert|-b-root-invert,forward|reverse,strict-compiler|fresh-Tapenade-parser-tangent-reverse-compile|independent-hand-JVP|central-difference-sweep|adjoint-identity|FortAD-diagnostic,"COMMON /ls0001/ TN and opaque FX3/FX4 callbacks; absent DIFFSIZES.inc blocks stored and fresh reverse; bounded port exposes state and fixes callback algebra",pass-fresh-Tapenade-parser-tangent-reverse-generation-generated-compile-refusal,pass-transform-compile-runtime-exact-source-refusal
non-regressions,nonRegressions/set01/lh061,fortran,fixed,"mixed regression cases, references, harness, and data",expected-refusal,"test(y,f,jac,pjac,slvs)",-p|-d-root-test|-b-root-test,parser|forward|reverse,strict-compiler|fresh-Tapenade-parser-tangent-reverse-compile|FortAD-diagnostic,"opaque external PJAC/JAC/F/SLVS callbacks have no definitions or derivative rules; absent DIFFSIZES.inc blocks stored multidirectional output",pass-fresh-Tapenade-parser-tangent-reverse-generation-generated-compile,pass-exact-source-refusal-implicit-y
non-regressions,nonRegressions/set01/lh063,fortran,fixed,"mixed regression cases, references, harness, and data",unsupported-invalid-upstream-fortran,"f(t)",-p|-d-root-f|-b-root-f,parser|forward|reverse,strict-compiler|fresh-Tapenade-parser-tangent-reverse-compile|FortAD-diagnostic,"program.f defines global function f twice; strict Fortran rejects the duplicate definition; program_dv.f includes absent DIFFSIZES.inc; stored references are isolated single-procedure artifacts",pass-fresh-parser-tangent-reverse-generation-generated-strict-compile,not-run-invalid-upstream-source
non-regressions,nonRegressions/set01/lh064,fortran,fixed,"mixed regression cases, references, harness, and data",expected-refusal,"cg02v1(T,n); truc(a); port set01_lh064(t,n)",-p|-d-root-cg02v1|-b-root-cg02v1,forward|reverse,strict-compiler|fresh-Tapenade-parser-tangent-reverse-compile|independent-hand-JVP|central-difference-sweep|adjoint-identity|FortAD-diagnostic,"exact fixed-form source has unreachable legacy FORMAT literals; Tapenade reverse uses INTEGER*4; bounded reverse needs per-iteration storage",pass-fresh-parser-tangent-reverse-generation-generated-compile-refusal,pass-bounded-forward-transform-compile-runtime-reverse-refusal
non-regressions,nonRegressions/set01/lh065,fortran,fixed,"mixed regression cases, references, harness, and data",unsupported-invalid-upstream-fortran,"top(in,out,N)",-p|-d-root-top|-b-root-top,parser|forward|reverse,strict-compiler|fresh-pinned-Tapenade-generation|FortAD-diagnostic,"exact case passes REAL*8 arrays and REAL*8 COMMON state to INTEGER callbacks and changes COMMON layout; repairing it would change the upstream semantics",pass-fresh-parser-tangent-reverse-generation-generated-compile-refusal,not-run-invalid-upstream-source
non-regressions,nonRegressions/set01/lh066,fortran,fixed,"mixed regression cases, references, harness, and data",expected-refusal,"testSimplif(a,b); exact port set01_lh066_refusal(a,b)",none,forward|reverse,gfortran-compile-rejection,none,stored-d-reference-not-rerun,refused-generated-reverse-does-not-compile
non-regressions,nonRegressions/set01/lh067,fortran,fixed,"mixed regression cases, references, harness, and data",expected-refusal,"read7(z); port set01_lh067(z,read7)",-p|-d-root-read7|-b-root-read7,parser|forward|reverse,strict-compiler|fresh-Tapenade-parser-tangent-reverse-compile|FortAD-diagnostic|independent-hand-JVP|central-difference-sweep|adjoint-identity|compiler-backed-generated-JVP,"exact fixed-form function has undeclared I/O names in error branches; program_dv.f requires absent DIFFSIZES.inc; bounded port claims only the successful-read path",pass-fresh-parser-tangent-reverse-generation-generated-compile-refusal,exact-refusal-bounded-forward-transform-compile-runtime-reverse-not-claimed
non-regressions,nonRegressions/set01/lh068,fortran,fixed,"mixed regression cases, references, harness, and data",runnable-ported,"stmtfunc(a,b,c); port set01_lh068_split(a,b,c,c3,c7)",none,forward|reverse:c3|reverse:c7,hand|central-difference-sweep|adjoint-identity,"none; split outputs c3,c7 for in-place upstream update",stored-d-b-references-not-rerun,pass-transform-compile-runtime
non-regressions,nonRegressions/set01/lh069,fortran,fixed,"mixed regression cases, references, harness, and data",expected-refusal,"loop2(a,b); port set01_lh069(a,b,n,ao,bo)",-p|-d-root-loop2|-b-root-loop2,forward|reverse,strict-compiler|fresh-Tapenade-parser-tangent-reverse-compile|independent-hand-JVP-VJP|central-difference-sweep|adjoint-identity|FortAD-diagnostic,"uninitialized local n controls a GOTO loop and program_dv.f requires absent DIFFSIZES.inc; bounded specialization makes n=10 and the one-iteration terminating path explicit",pass-fresh-parser-tangent-reverse-generation-generated-compile,pass-forward-transform-compile-reverse-transform-compile-runtime
non-regressions,nonRegressions/set01/lh070,fortran,fixed,"mixed regression cases, references, harness, and data",expected-refusal,"top(A,B); F(); port set01_lh070(a,b,x,y,z)",-p|-d-root-top|-b-root-top,forward|reverse,strict-compiler|fresh-Tapenade-parser-tangent-reverse-compile|independent-hand-JVP-VJP|central-difference-sweep|adjoint-identity|compiled-FortAD-harness,"exact routine carries x, y, and z in COMMON /cc/; program_dv.f requires absent DIFFSIZES.inc; bounded port exposes that state and checks final-y reverse",pass-fresh-parser-tangent-reverse-generation-generated-strict-compile,exact-refusal-bounded-forward-and-y-reverse-transform-compile-runtime
non-regressions,nonRegressions/set01/lh071,fortran,fixed,"mixed regression cases, references, harness, and data",unsupported-invalid-upstream-fortran,"adj(a,b,c,d); sub(a,b,c,d)",-p|-d-root-adj|-b-root-adj,parser|forward|reverse,strict-compiler|fresh-Tapenade-parser-tangent-reverse-compile|FortAD-diagnostic,"set01 passes array d(10) to sub's scalar REAL d and repeats the rank mismatch in the stored reverse; no repair preserves the exact invalid calls",pass-fresh-parser-tangent-reverse-generation-expected-refusal-strict-compile,not-run-invalid-upstream-source
non-regressions,nonRegressions/set01/lh072,fortran,fixed,"mixed regression cases, references, harness, and data",expected-refusal,"top(A,B); extf(B(10)); port set01_lh072(a_in,b_in,a_out,b_out,a_sum)",-p|-d-root-top|-b-root-top,forward|reverse,strict-compiler|fresh-Tapenade-parser-tangent-reverse-compile|independent-hand-JVP-VJP|central-difference-sweep|adjoint-identity|compiled-FortAD-harness,"absent DIFFSIZES.inc blocks multidirectional reference; exact EXTF callback chain is external to FortAD; bounded port specializes EXTF(r)=r*r and exposes a_sum",pass-fresh-parser-tangent-reverse-generation-generated-strict-compile,exact-refusal-bounded-forward-and-a-sum-reverse-transform-compile-runtime
non-regressions,nonRegressions/set01/lh073,fortran,fixed,"mixed regression cases, references, harness, and data",expected-refusal,"top(A,B) via toto(extf,B); port set01_lh073(a_in,b_in,a_out,b_out,objective)",-p|-d-root-top|-b-root-top,forward|reverse,strict-compiler|fresh-Tapenade-parser-tangent-reverse-compile|independent-hand-JVP-VJP|central-difference-sweep|adjoint-identity|compiled-FortAD-harness,"absent DIFFSIZES.inc blocks multidirectional reference; exact untyped external callback mutates actuals; bounded port specializes the observed EXTF square state transition",pass-fresh-parser-tangent-reverse-generation-generated-strict-compile,exact-refusal-bounded-forward-and-objective-reverse-transform-compile-runtime
non-regressions,nonRegressions/set01/lh074,fortran,fixed,"mixed regression cases, references, harness, and data",expected-refusal,"fexchem(a,b,chem); port set01_lh074(a,b,chem)",none,forward|reverse,strict-compiler|fresh-Tapenade-parser-tangent-reverse-compile|hand|central-difference-sweep|adjoint-identity,obsolete-RETURN-statement,pass-fresh-parser-tangent-reverse-generation-generated-compile,pass-exact-source-refusal-unsupported-statement-line-9
non-regressions,nonRegressions/set01/lh075,fortran,fixed,"mixed regression cases, references, harness, and data",unsupported-invalid-upstream-fortran,"phi(PHIS,s1)",-p|-d-root-phi|-b-root-phi,parser|forward|reverse,strict-compiler|fresh-Tapenade-parser-tangent-reverse-compile|FortAD-diagnostic,"the exact source calls the two-argument subroutine PHI as a one-argument function; stored tangent/reverse sources are absent and no standard-conforming semantics can be preserved",pass-fresh-parser-tangent-reverse-generation-expected-refusal-strict-compile,not-run-invalid-upstream-source
non-regressions,nonRegressions/set01/lh076,fortran,fixed,"mixed regression cases, references, harness, and data",expected-refusal,"onegvert(pin4,emipint); port set01_lh076(pin4,emipint)",-p|-d-root-onegvert|-b-root-onegvert,forward|reverse,strict-compiler|fresh-Tapenade-parser-tangent-reverse-compile|independent-hand-JVP-VJP|central-difference-sweep|adjoint-identity|compiled-FortAD-harness,"absent DIFFSIZES.inc and legacy REAL*8/COMPLEX*16 declarations block exact/generated strict compilation; bounded port standardizes kinds and claims only complex JVP",fresh-parser-tangent-reverse-generated-strict-compile-refusal,exact-forward-reverse-refusal-bounded-forward-pass-complex-reverse-refusal
non-regressions,nonRegressions/set01/lh077,fortran,fixed,"mixed regression cases, references, harness, and data",expected-refusal,"testinit(A,B,C); toto(T,S,R); port set01_lh077(a,b,c,c_out)",-p|-d-root-testinit|-b-root-testinit,forward|reverse,strict-compiler|fresh-Tapenade-parser-tangent-reverse-compile|independent-hand-JVP-VJP|central-difference-sweep|adjoint-identity|compiled-FortAD-harness,"absent DIFFSIZES.inc blocks multidirectional output; exact no-INTENT callback actuals are not plain writable variables for FortAD inlining; bounded explicit-interface port exposes c_out",pass-fresh-parser-tangent-reverse-generation-generated-strict-compile,exact-refusal-bounded-forward-reverse-transform-compile-runtime
non-regressions,nonRegressions/set01/lh078,fortran,fixed,"mixed regression cases, references, harness, and data",unsupported-invalid-upstream-fortran,"testPower(x,y,r,x8,y8,r8)",-p-root-testPower|-d-root-testPower|-b-root-testPower|-d-root-testPower-multi,parser|forward|reverse|multidirectional,strict-compiler|fresh-Tapenade-tangent-reverse-generation|FortAD-exact-source|independent-arithmetic-JVP-VJP|finite-difference|adjoint-identity,"invalid opening brace; nonstandard REAL*8; absent DIFFSIZES.inc; uninitialized read-state",pass-fresh-parser-tangent-reverse-multidirectional-generation-strict-compile-refusal,forward-generated-strict-compile-refusal-reverse-expected-refusal-no-output
non-regressions,nonRegressions/set01/lh079,fortran,fixed,"mixed regression cases, references, harness, and data",unsupported-invalid-upstream-fortran,"f(t,a,ad,b,bd,x)",-p-root-f|-d-root-f|-b-root-f,parser|forward|reverse,strict-compiler|fresh-Tapenade-parser-tangent-reverse-generation|FortAD-exact-source|independent-arithmetic-model|source-SHA256,"negative exponent syntax; undeclared xd; absent DIFFSIZES.inc",pass-fresh-parser-tangent-reverse-generation-strict-compile,check-pass-forward-refusal-undeclared-independent-reverse-refusal-undeclared-dependent
non-regressions,nonRegressions/set01/lh080,fortran,fixed,"mixed regression cases, references, harness, and data",runnable-ported,"sub1(a,b); port set01_lh080(a,b)",none,forward|reverse:b,strict-compiler|fresh-Tapenade-parser-tangent-reverse-compile|hand|central-difference-sweep|adjoint-identity,none,pass-fresh-parser-tangent-reverse-generation-generated-compile,pass-transform-compile-runtime
non-regressions,nonRegressions/set01/lh081,fortran,fixed,"mixed regression cases, references, harness, and data",expected-refusal,"test2(a,f,jac,pjac)",-p-root-test2|-d-root-test2|-b-root-test2,parser|forward|reverse,strict-compiler|fresh-Tapenade-parser-tangent-reverse-generation|FortAD-exact-source|call-graph-oracle,"external f/jac/pjac procedures; implicit legacy state; absent DIFFSIZES.inc",fresh-parser-tangent-reverse-generation-strict-pass-multidirectional-missing-include,exact-forward-reverse-expected-refusal-external-call-inlining-no-output
non-regressions,nonRegressions/set01/lh082,fortran,fixed,"mixed regression cases, references, harness, and data",expected-refusal,"alias(A,n,x); bounded port set01_lh082(a,n,x)",none,forward|reverse,strict-compiler|fresh-Tapenade-parser-tangent-reverse-compile|hand|central-difference-sweep,undefined-upstream-array-elements,pass-fresh-parser-tangent-reverse-generation-generated-compile,pass-forward-transform-compile-reverse-refusal-per-iteration-storage
non-regressions,nonRegressions/set01/lh083,fortran,fixed,"mixed regression cases, references, harness, and data",expected-refusal,"aa(X,Y), calling modify(n)",Tapenade-parser:-p|Tapenade-forward:-d-root-aa|Tapenade-reverse:-b-root-aa,parser|forward|reverse,strict-and-fresh-Tapenade-compile|execution-prefix-oracle|FortAD-check-jvp-vjp,"exact trace reaches X(157) outside X(100); reverse needs per-iteration storage",pass-fresh-parser-forward-reverse-generation-strict-compile,pass-exact-check-jvp-compile-expected-refusal-vjp-per-iteration-storage
non-regressions,nonRegressions/set01/lh084,fortran,fixed,"mixed regression cases, references, harness, and data",expected-refusal,"flw2d1col(nsg1,nsg2,nubo,t3,pres,vnocl,g3,g4,rh3,rh4,ns,nseg,sq)",-p|-d|-b,parser|forward|reverse,strict-and-legacy-compiler|fresh-Tapenade-generation|stored-adjoint-equivalence|finite-difference|adjoint-identity,"legacy labeled DO; strict REAL*8; absent DIFFSIZES.inc",pass-fresh-parser-forward-reverse-generation-generated-legacy-compile,expected-refusal-exact-parser-forward-reverse-labeled-do
non-regressions,nonRegressions/set01/lh085,fortran,fixed,"mixed regression cases, references, harness, and data",runnable-ported,"bigexpr(flur1,fltr1,aux1,dpex,e2,dpm,aux2,dpor,r1,r2,v,v3,v6); port set01_lh085(flur1,fltr1,aux1,dpex,e2,dpm,aux2,dpor,r1,r2,v,v3,v6)",none,forward|reverse:r1,strict-compiler|fresh-Tapenade-parser-tangent-reverse-compile|hand|central-difference-sweep|adjoint-identity,active input is v; scalar dependent is r1,pass-fresh-parser-tangent-reverse-generation-generated-compile,pass-transform-compile-runtime
non-regressions,nonRegressions/set01/lh086,fortran,fixed,"mixed regression cases, references, harness, and data",runnable-ported,"newton(x,n,alpha); port set01_lh086(x,n,alpha,y)",none,forward|reverse:y,strict-compiler|fresh-Tapenade-parser-tangent-reverse-compile|hand|central-difference-sweep|adjoint-identity,"upstream x is inout; bounded port exposes final iterate y",pass-fresh-parser-tangent-reverse-generation-generated-compile,pass-transform-compile-runtime
non-regressions,nonRegressions/set01/lh087,fortran,fixed,"mixed regression cases, references, harness, and data",expected-refusal,"nl_model_mie(pp,phase,number,sigma)",-p-root-nl_model_mie|-d-root-nl_model_mie|-b-root-nl_model_mie,parser|forward|reverse,strict-compiler|source-index-domain-oracle|fresh-Tapenade-parser-tangent-reverse-generation|FortAD-warning-gate,"phase(10) and pp1(10,20) are indexed by j=1..20; absent DIFFSIZES.inc; no INTENT for pp",pass-fresh-parser-tangent-reverse-generation-generated-strict-compile,forward-unsafe-generated-code-reverse-dependent-refusal
non-regressions,nonRegressions/set01/lh088,fortran,fixed,"mixed regression cases, references, harness, and data",runnable-ported,"nondiff(a,b,c,d); port set01_lh088(a,b,c,d,total)",none,forward|reverse,hand|central-difference-sweep|adjoint-identity,none,stored-d-b-references-not-rerun,pass-transform-compile-runtime
non-regressions,nonRegressions/set01/lh089,fortran,fixed,"mixed regression cases, references, harness, and data",expected-refusal,"pushpop(a,b)",-p-root-pushpop|-d-root-pushpop-ext-PUSHPOPGeneralLib|-b-root-pushpop-ext-PUSHPOPGeneralLib,parser|forward|reverse,strict-versus-legacy-compiler|fresh-Tapenade-generation|pushpop-state-machine|finite-difference|adjoint-identity|FortAD-diagnostic,"external PUSHREAL8/POPREAL8 summary; legacy REAL*8; active dummy declarations are not retained by current normalization",pass-fresh-parser-forward-reverse-generation-legacy-compile; expected-strict-REAL*8-refusal,pass-check-reemit; expected-refusal-forward-undeclared-a-and-reverse-undeclared-a
non-regressions,nonRegressions/set01/lh090,fortran,fixed,"mixed regression cases, references, harness, and data",expected-refusal,"testInitAdj(x,y)",-p|-d-root-testInitAdj|-b-root-testInitAdj,parser|forward|reverse,strict-compiler|fresh-Tapenade-parser-tangent-reverse-generation|finite-prefix-tangent|finite-prefix-adjoint|FortAD-diagnostic,"positive-input legacy GOTO loop does not terminate; absent DIFFSIZES.inc",pass-fresh-parser-tangent-reverse-generation-strict-compile,expected-refusal-unsupported-statement-line-11-no-output
non-regressions,nonRegressions/set01/lh091,fortran,fixed,"mixed regression cases, references, harness, and data",expected-refusal,"bugequiv(c); FF(x)",-p|-d-root-bugequiv|-b-root-bugequiv,parser|forward|reverse,strict-and-legacy-compiler|fresh-Tapenade-parser-forward-reverse-generation|FortAD-source-first-and-compatibility-common-diagnostic|independent-FF-update-JVP-VJP-oracle,"legacy COMMON/EQUIVALENCE state and absent authoritative DIFFSIZES.inc; exact-source-only",pass-fresh-parser-forward-reverse-generation-strict-and-legacy-compile,expected-refusal-source-first-and-compatibility-common-line-7-no-output
non-regressions,nonRegressions/set01/lh092,fortran,fixed,"mixed regression cases, references, harness, and data",runnable-ported,"f1(a,b,c); port set01_lh092(a,b,c)",none,forward|reverse,strict-compiler|fresh-Tapenade-parser-tangent-reverse-compile|hand|central-difference-sweep|adjoint-identity,inline of nested f2 body,pass-fresh-parser-tangent-reverse-generation-generated-compile,pass-transform-compile-runtime
non-regressions,nonRegressions/set01/lh093,fortran,mixed,"mixed regression cases, references, harness, and data",expected-refusal,"testIOmess(a,b,c,d,e)",-p|-d-root-testIOmess|-b-root-testIOmess,parser|forward|reverse,strict-and-legacy-compiler|fresh-Tapenade-parser-tangent-reverse-generation|FortAD-exact-parser-forward-reverse-diagnostic|independent-I/O-boundary-oracle,"interactive I/O and unsupported READ/WRITE statements are part of the exact procedure",pass-fresh-parser-tangent-reverse-generation-generated-legacy-compile-strict-refusal,expected-refusal-exact-parser-forward-reverse-unsupported-I-O-line-8-no-output
non-regressions,nonRegressions/set01/lh094,fortran,fixed,"mixed regression cases, references, harness, and data",expected-refusal,"test(a,b)",-p|-d-root-test|-b-root-test|-ext-MyGeneralLib,parser|forward|reverse,strict-and-legacy-compiler|fresh-Tapenade-parser-tangent-reverse-generation|FortAD-exact-parser-forward-reverse-diagnostic|independent-summary-boundary-oracle,"DISACTIVATE is supplied only by Tapenade's external summary; no FortAD rule or repaired port is claimed",pass-fresh-parser-tangent-reverse-generation-generated-strict-compile,expected-refusal-exact-forward-reverse-no-derivative-rule
non-regressions,nonRegressions/set01/lh095,fortran,fixed,"mixed regression cases, references, harness, and data",expected-refusal,"testliveness(a,b,c,d); SUB1(a,b)",-p|-d-root-testliveness|-b-root-testliveness,parser|forward|reverse,strict-and-legacy-compiler|fresh-Tapenade-parser-forward-reverse-generation|FortAD-source-first-and-compatibility-reverse-diagnostic|independent-liveness-JVP-VJP-oracle,absent authoritative DIFFSIZES.inc; exact reverse reaches undeclared SUB1 result; exact-source-only,pass-fresh-parser-forward-reverse-generation-strict-compile,expected-refusal-source-first-and-compatibility-reverse-undeclared-sub1
non-regressions,nonRegressions/set01/lh096,fortran,fixed,"mixed regression cases, references, harness, and data",expected-refusal,"testliveness(a,b,c,d); SUB1(a,b)",-p|-d-root-testliveness|-b-root-testliveness,parser|forward|reverse,strict-and-legacy-compiler|fresh-Tapenade-parser-forward-reverse-generation|FortAD-source-first-and-compatibility-reverse-diagnostic|independent-liveness-JVP-VJP-oracle,absent authoritative DIFFSIZES.inc; exact source has undeclared SUB1 result boundary; exact-source-only,pass-fresh-parser-forward-reverse-generation-strict-and-legacy-compile,expected-refusal-check-and-reverse-boundary-forward-pass
non-regressions,nonRegressions/set01/lh097,fortran,fixed,"mixed regression cases, references, harness, and data",expected-refusal,"testiotbr(a,b,c)",-p|-d-root-testiotbr|-b-root-testiotbr,parser|forward|reverse,strict-and-legacy-compiler|fresh-Tapenade-parser-tangent-reverse-generation|FortAD-exact-parser-forward-reverse-diagnostic|independent-fixed-read-value-oracle,"external I/O overwrites an active dummy and the exact source has a legacy I/O boundary",pass-fresh-parser-forward-reverse-generation-legacy-compile-strict-refusal,expected-refusal-exact-parser-forward-reverse-unsupported-I-O-line-7-no-output
non-regressions,nonRegressions/set01/lh098,fortran,fixed,"mixed regression cases, references, harness, and data",expected-refusal,"ff(N,t,xbt,x)",-p|-d|-b,parser|forward|reverse,strict-and-legacy-compiler|fresh-Tapenade-parser-tangent-reverse-generation|FortAD-exact-jvp-vjp|independent-analytic-jvp-vjp-oracle,"the exact source and generated products depend on external CNKLOG/COMMON support; no repaired port is claimed",pass-fresh-parser-tangent-reverse-generation-strict-compile,check-jvp-vjp-pass-generated-compile-refusal-external-cnklog
non-regressions,nonRegressions/set01/lh099,fortran,fixed,"mixed regression cases, references, harness, and data",untriaged,untriaged,untriaged,untriaged,untriaged,untriaged,not-run,not-run
non-regressions,nonRegressions/set01/lh101,fortran,fixed,"mixed regression cases, references, harness, and data",untriaged,untriaged,untriaged,untriaged,untriaged,untriaged,not-run,not-run
non-regressions,nonRegressions/set01/lh102,fortran,fixed,"mixed regression cases, references, harness, and data",expected-refusal,"testprotect(xx,yy,zz,vv1,vv2,vv3)",-p|-d-root-testprotect|-b-root-testprotect,parser|forward|reverse,strict-and-legacy-compiler|fresh-Tapenade-parser-tangent-reverse-generation|FortAD-check-jvp-vjp|independent-three-case-semantic-oracle,"FortAD emits compilable derivatives but the exact protected-expression path is incomplete; no repaired port is claimed",pass-fresh-parser-forward-reverse-generation-strict-compile,pass-check-jvp-vjp-compile-incomplete-output
non-regressions,nonRegressions/set01/lh103,fortran,fixed,"mixed regression cases, references, harness, and data",expected-refusal,"h(a,b,c,r)",-p|-d|-b,parser|forward|reverse,strict-and-legacy-compiler|fresh-Tapenade-parser-tangent-reverse-generation|FortAD-check-jvp|independent-jvp-vjp-oracle,"reverse mode requires per-iteration storage that the current exact-source transformer does not provide",pass-fresh-parser-forward-reverse-generation-strict-compile,pass-check-jvp-expected-refusal-vjp-per-iteration-storage
non-regressions,nonRegressions/set01/lh104,fortran,fixed,"mixed regression cases, references, harness, and data",expected-refusal,"top(a,b,c,d)",-p|-d-root-top|-b-root-top,parser|forward|reverse,strict-and-legacy-compiler|fresh-Tapenade-parser-forward-reverse-generation|FortAD-exact-check-forward-reverse-diagnostic|independent-branch-jvp-vjp-oracle,exact source modifies all four dummy arguments; stored reverse uses INTEGER*4 and implicit PUSHCONTROL1B/POPCONTROL1B; FortAD reverse assigns to d_b declared INTENT(IN),pass-fresh-Tapenade-parser-forward-reverse-generation-legacy-compile-strict-refusal,pass-check-forward-strict-legacy-compile-expected-reverse-output-does-not-compile-both-gates
non-regressions,nonRegressions/set01/lh105,fortran,fixed,"mixed regression cases, references, harness, and data",expected-refusal,"top(a,b,i)",-p|-d-root-top|-b-root-top,parser|forward|reverse,strict-and-legacy-compiler|fresh-Tapenade-parser-forward-reverse-generation|FortAD-exact-check-forward-reverse-codegen-boundary|independent-indexed-JVP-VJP-oracle,inout array a is indexed before i is overwritten; i is a discrete control excluded from the real derivative; exact dependent a is also active input and FortAD reverse emits duplicate a_b formals; no repaired or synthetic port,pass-fresh-parser-forward-reverse-generation-strict-and-legacy-compile,pass-check-forward-strict-and-legacy-compile-expected-reverse-compile-refusal-duplicate-a_b
non-regressions,nonRegressions/set01/lh106,fortran,fixed,"mixed regression cases, references, harness, and data",untriaged,untriaged,untriaged,untriaged,untriaged,untriaged,not-run,not-run
non-regressions,nonRegressions/set01/lh107,fortran,fixed,"mixed regression cases, references, harness, and data",runnable-ported,"test(a,b)",-p|-d-root-test|-b-root-test,parser|forward|reverse,strict-and-legacy-compiler|fresh-Tapenade-parser-forward-reverse-generation|FortAD-exact-check-jvp-vjp|independent-max-sequence-jvp-vjp-oracle,Tapenade's fresh forward reference has an unresolved MAX_D; FortAD direct products compile strictly for the exact source without a custom rule or repaired port,pass-fresh-parser-forward-reverse-generation-parser-strict-pass-forward-compiler-refusal-MAX_D-reverse-strict-refusal-legacy-pass,pass-check-and-direct-p-d-b-generation-strict-compilation
non-regressions,nonRegressions/set01/lh108,fortran,fixed,"mixed regression cases, references, harness, and data",untriaged,untriaged,untriaged,untriaged,untriaged,untriaged,not-run,not-run
non-regressions,nonRegressions/set01/lh109,fortran,fixed,"mixed regression cases, references, harness, and data",expected-refusal,"adj3(z,t); calls sub1(u,y2,z,v)",-p|-d-root-adj3|-b-root-adj3,parser|forward|reverse,strict-and-legacy-compiler|fresh-Tapenade-parser-tangent-reverse-generation|FortAD-exact-parser-forward-reverse-diagnostic|independent-bounded-sub1-jvp-vjp-oracle,"COMMON /cc/x,y unsupported at FortAD line 6; exact source has type-mismatched/aliased call and uninitialized u,v,j; no repaired port claimed",pass-fresh-parser-forward-reverse-generation-strict-legacy-compile-fresh-reverse-matches-stored-diagnostics-match-after-normalization,expected-refusal-exact-parser-forward-reverse-unsupported-common-line-6-no-output
non-regressions,nonRegressions/set01/lh110,fortran,fixed,"mixed regression cases, references, harness, and data",untriaged,untriaged,untriaged,untriaged,untriaged,untriaged,not-run,not-run
non-regressions,nonRegressions/set01/lh111,fortran,fixed,"mixed regression cases, references, harness, and data",untriaged,untriaged,untriaged,untriaged,untriaged,untriaged,not-run,not-run
non-regressions,nonRegressions/set01/lh112,fortran,fixed,"mixed regression cases, references, harness, and data",untriaged,untriaged,untriaged,untriaged,untriaged,untriaged,not-run,not-run
non-regressions,nonRegressions/set01/lh113,fortran,fixed,"mixed regression cases, references, harness, and data",untriaged,untriaged,untriaged,untriaged,untriaged,untriaged,not-run,not-run
non-regressions,nonRegressions/set01/lh114,fortran,fixed,"mixed regression cases, references, harness, and data",untriaged,untriaged,untriaged,untriaged,untriaged,untriaged,not-run,not-run
non-regressions,nonRegressions/set01/lh115,fortran,fixed,"mixed regression cases, references, harness, and data",untriaged,untriaged,untriaged,untriaged,untriaged,untriaged,not-run,not-run
non-regressions,nonRegressions/set01/lh117,fortran,fixed,"mixed regression cases, references, harness, and data",untriaged,untriaged,untriaged,untriaged,untriaged,untriaged,not-run,not-run
non-regressions,nonRegressions/set01/lh118,fortran,fixed,"mixed regression cases, references, harness, and data",untriaged,untriaged,untriaged,untriaged,untriaged,untriaged,not-run,not-run
non-regressions,nonRegressions/set01/lh119,fortran,fixed,"mixed regression cases, references, harness, and data",untriaged,untriaged,untriaged,untriaged,untriaged,untriaged,not-run,not-run
non-regressions,nonRegressions/set01/lh120,fortran,fixed,"mixed regression cases, references, harness, and data",untriaged,untriaged,untriaged,untriaged,untriaged,untriaged,not-run,not-run
non-regressions,nonRegressions/set01/lh121,fortran,fixed,"mixed regression cases, references, harness, and data",untriaged,untriaged,untriaged,untriaged,untriaged,untriaged,not-run,not-run
non-regressions,nonRegressions/set01/lh122,fortran,fixed,"mixed regression cases, references, harness, and data",untriaged,untriaged,untriaged,untriaged,untriaged,untriaged,not-run,not-run
non-regressions,nonRegressions/set01/lh123,fortran,fixed,"mixed regression cases, references, harness, and data",untriaged,untriaged,untriaged,untriaged,untriaged,untriaged,not-run,not-run
non-regressions,nonRegressions/set01/lh124,fortran,fixed,"mixed regression cases, references, harness, and data",untriaged,untriaged,untriaged,untriaged,untriaged,untriaged,not-run,not-run
non-regressions,nonRegressions/set01/lh125,fortran,fixed,"mixed regression cases, references, harness, and data",untriaged,untriaged,untriaged,untriaged,untriaged,untriaged,not-run,not-run
non-regressions,nonRegressions/set01/lh126,fortran,fixed,"mixed regression cases, references, harness, and data",untriaged,untriaged,untriaged,untriaged,untriaged,untriaged,not-run,not-run
non-regressions,nonRegressions/set01/lh127,fortran,fixed,"mixed regression cases, references, harness, and data",untriaged,untriaged,untriaged,untriaged,untriaged,untriaged,not-run,not-run
non-regressions,nonRegressions/set01/lh128,fortran,fixed,"mixed regression cases, references, harness, and data",untriaged,untriaged,untriaged,untriaged,untriaged,untriaged,not-run,not-run
non-regressions,nonRegressions/set01/lh129,fortran,fixed,"mixed regression cases, references, harness, and data",untriaged,untriaged,untriaged,untriaged,untriaged,untriaged,not-run,not-run
non-regressions,nonRegressions/set01/lh131,fortran,fixed,"mixed regression cases, references, harness, and data",untriaged,untriaged,untriaged,untriaged,untriaged,untriaged,not-run,not-run
non-regressions,nonRegressions/set01/lh132,fortran,fixed,"mixed regression cases, references, harness, and data",untriaged,untriaged,untriaged,untriaged,untriaged,untriaged,not-run,not-run
non-regressions,nonRegressions/set01/lh133,fortran,fixed,"mixed regression cases, references, harness, and data",untriaged,untriaged,untriaged,untriaged,untriaged,untriaged,not-run,not-run
non-regressions,nonRegressions/set01/lh134,fortran,fixed,"mixed regression cases, references, harness, and data",runnable-ported,"toto(x,f); port set01_lh134(x,f)",none,forward|reverse,hand|central-difference-sweep|adjoint-identity,none,stored-d-b-references-not-rerun,pass-transform-compile-runtime
non-regressions,nonRegressions/set01/lh135,fortran,fixed,"mixed regression cases, references, harness, and data",untriaged,untriaged,untriaged,untriaged,untriaged,untriaged,not-run,not-run
non-regressions,nonRegressions/set01/lh136,fortran,fixed,"mixed regression cases, references, harness, and data",expected-refusal,"eval_f(x,y)",-p|-d/-root-eval_f|-b/-root-eval_f,parser|forward|reverse,strict-source-compile|fresh-Tapenade-parser-forward-reverse-generation|independent-hand-primal-central-difference-sweep,"legacy fixed-form main program, console I/O, and DIFFSIZES.inc",pass-fresh-parser-forward-reverse-generation-strict-compile,expected-refusal-unsupported-INTRINSIC-declaration-line-30
non-regressions,nonRegressions/set01/lh137,fortran,fixed,"mixed regression cases, references, harness, and data",untriaged,untriaged,untriaged,untriaged,untriaged,untriaged,not-run,not-run
non-regressions,nonRegressions/set01/lh138,fortran,fixed,"mixed regression cases, references, harness, and data",untriaged,untriaged,untriaged,untriaged,untriaged,untriaged,not-run,not-run
non-regressions,nonRegressions/set01/lh139,fortran,fixed,"mixed regression cases, references, harness, and data",untriaged,untriaged,untriaged,untriaged,untriaged,untriaged,not-run,not-run
non-regressions,nonRegressions/set01/lh140,fortran,fixed,"mixed regression cases, references, harness, and data",untriaged,untriaged,untriaged,untriaged,untriaged,untriaged,not-run,not-run
non-regressions,nonRegressions/set01/lh141,fortran,fixed,"mixed regression cases, references, harness, and data",untriaged,untriaged,untriaged,untriaged,untriaged,untriaged,not-run,not-run
non-regressions,nonRegressions/set01/lh142,fortran,fixed,"mixed regression cases, references, harness, and data",untriaged,untriaged,untriaged,untriaged,untriaged,untriaged,not-run,not-run
non-regressions,nonRegressions/set01/lh143,fortran,fixed,"mixed regression cases, references, harness, and data",untriaged,untriaged,untriaged,untriaged,untriaged,untriaged,not-run,not-run
non-regressions,nonRegressions/set01/lh144,fortran,fixed,"mixed regression cases, references, harness, and data",expected-refusal,"top(x,y)",-p/-root-top|-d/-root-top|-b/-root-top,parser|forward|reverse,strict-source-compile|fresh-Tapenade-parser-forward-reverse-generation|independent-hand-primal-central-difference-sweep-adjoint-identity,"local FOO call chain; no external dependency",pass-fresh-parser-forward-reverse-generation-strict-compile,pass-forward-expected-refusal-reverse-duplicate-x_b
non-regressions,nonRegressions/set01/lh145,fortran,fixed,"mixed regression cases, references, harness, and data",untriaged,untriaged,untriaged,untriaged,untriaged,untriaged,not-run,not-run
non-regressions,nonRegressions/set01/lh147,fortran,fixed,"mixed regression cases, references, harness, and data",untriaged,untriaged,untriaged,untriaged,untriaged,untriaged,not-run,not-run
non-regressions,nonRegressions/set02/lh148,fortran,fixed,"mixed regression cases, references, harness, and data",untriaged,untriaged,untriaged,untriaged,untriaged,untriaged,not-run,not-run
non-regressions,nonRegressions/set02/lh149,fortran,fixed,"mixed regression cases, references, harness, and data",untriaged,untriaged,untriaged,untriaged,untriaged,untriaged,not-run,not-run
non-regressions,nonRegressions/set02/lh150,fortran,fixed,"mixed regression cases, references, harness, and data",runnable-ported,"top(xx); port set02_lh150(x,y)",none,forward|reverse:y,strict-compiler|fresh-Tapenade-parser-tangent-reverse-compile|hand|central-difference-sweep|adjoint-identity,none,pass-fresh-parser-tangent-reverse-generation-generated-compile,pass-transform-compile-runtime
non-regressions,nonRegressions/set02/lh151,fortran,fixed,"mixed regression cases, references, harness, and data",untriaged,untriaged,untriaged,untriaged,untriaged,untriaged,not-run,not-run
non-regressions,nonRegressions/set02/lh152,fortran,fixed,"mixed regression cases, references, harness, and data",untriaged,untriaged,untriaged,untriaged,untriaged,untriaged,not-run,not-run
non-regressions,nonRegressions/set02/lh153,fortran,fixed,"mixed regression cases, references, harness, and data",untriaged,untriaged,untriaged,untriaged,untriaged,untriaged,not-run,not-run
non-regressions,nonRegressions/set02/lh154,fortran,fixed,"mixed regression cases, references, harness, and data",untriaged,untriaged,untriaged,untriaged,untriaged,untriaged,not-run,not-run
non-regressions,nonRegressions/set02/lh155,fortran,fixed,"mixed regression cases, references, harness, and data",untriaged,untriaged,untriaged,untriaged,untriaged,untriaged,not-run,not-run
non-regressions,nonRegressions/set02/lh156,fortran,fixed,"mixed regression cases, references, harness, and data",untriaged,untriaged,untriaged,untriaged,untriaged,untriaged,not-run,not-run
non-regressions,nonRegressions/set02/lh157,fortran,fixed,"mixed regression cases, references, harness, and data",untriaged,untriaged,untriaged,untriaged,untriaged,untriaged,not-run,not-run
non-regressions,nonRegressions/set02/lh158,fortran,fixed,"mixed regression cases, references, harness, and data",untriaged,untriaged,untriaged,untriaged,untriaged,untriaged,not-run,not-run
non-regressions,nonRegressions/set02/lh159,fortran,fixed,"mixed regression cases, references, harness, and data",untriaged,untriaged,untriaged,untriaged,untriaged,untriaged,not-run,not-run
non-regressions,nonRegressions/set02/lh160,fortran,fixed,"mixed regression cases, references, harness, and data",untriaged,untriaged,untriaged,untriaged,untriaged,untriaged,not-run,not-run
non-regressions,nonRegressions/set02/lh161,fortran,fixed,"mixed regression cases, references, harness, and data",untriaged,untriaged,untriaged,untriaged,untriaged,untriaged,not-run,not-run
non-regressions,nonRegressions/set02/lh162,fortran,fixed,"mixed regression cases, references, harness, and data",untriaged,untriaged,untriaged,untriaged,untriaged,untriaged,not-run,not-run
non-regressions,nonRegressions/set02/lh163,fortran,fixed,"mixed regression cases, references, harness, and data",runnable-ported,"test(v p q)>(v p q s); port test(v,p,q,s)",-p/-root-test|-d/-root-test|-b/-root-test,parser|forward|reverse,strict-compiler|fresh-Tapenade-parser-tangent-reverse-compile|independent-hand-JVP-VJP|central-difference-sweep|adjoint-identity,none,pass-fresh-parser-tangent-reverse-generation-generated-compile,pass-exact-transform-compile-runtime
non-regressions,nonRegressions/set02/lh164,fortran,fixed,"mixed regression cases, references, harness, and data",untriaged,untriaged,untriaged,untriaged,untriaged,untriaged,not-run,not-run
non-regressions,nonRegressions/set02/lh165,fortran,fixed,"mixed regression cases, references, harness, and data",untriaged,untriaged,untriaged,untriaged,untriaged,untriaged,not-run,not-run
non-regressions,nonRegressions/set02/lh166,fortran,fixed,"mixed regression cases, references, harness, and data",untriaged,untriaged,untriaged,untriaged,untriaged,untriaged,not-run,not-run
non-regressions,nonRegressions/set02/lh167,fortran,fixed,"mixed regression cases, references, harness, and data",untriaged,untriaged,untriaged,untriaged,untriaged,untriaged,not-run,not-run
non-regressions,nonRegressions/set02/lh168,fortran,fixed,"mixed regression cases, references, harness, and data",untriaged,untriaged,untriaged,untriaged,untriaged,untriaged,not-run,not-run
non-regressions,nonRegressions/set02/lh169,fortran,fixed,"mixed regression cases, references, harness, and data",untriaged,untriaged,untriaged,untriaged,untriaged,untriaged,not-run,not-run
non-regressions,nonRegressions/set02/lh170,fortran,fixed,"mixed regression cases, references, harness, and data",untriaged,untriaged,untriaged,untriaged,untriaged,untriaged,not-run,not-run
non-regressions,nonRegressions/set02/lh171,fortran,fixed,"mixed regression cases, references, harness, and data",untriaged,untriaged,untriaged,untriaged,untriaged,untriaged,not-run,not-run
non-regressions,nonRegressions/set02/lh172,fortran,fixed,"mixed regression cases, references, harness, and data",untriaged,untriaged,untriaged,untriaged,untriaged,untriaged,not-run,not-run
non-regressions,nonRegressions/set02/lh173,fortran,fixed,"mixed regression cases, references, harness, and data",untriaged,untriaged,untriaged,untriaged,untriaged,untriaged,not-run,not-run
non-regressions,nonRegressions/set02/lh174,fortran,fixed,"mixed regression cases, references, harness, and data",untriaged,untriaged,untriaged,untriaged,untriaged,untriaged,not-run,not-run
non-regressions,nonRegressions/set02/lh175,fortran,fixed,"mixed regression cases, references, harness, and data",untriaged,untriaged,untriaged,untriaged,untriaged,untriaged,not-run,not-run
non-regressions,nonRegressions/set02/lh176,fortran,fixed,"mixed regression cases, references, harness, and data",untriaged,untriaged,untriaged,untriaged,untriaged,untriaged,not-run,not-run
non-regressions,nonRegressions/set02/lh177,fortran,fixed,"mixed regression cases, references, harness, and data",untriaged,untriaged,untriaged,untriaged,untriaged,untriaged,not-run,not-run
non-regressions,nonRegressions/set02/lh178,fortran,fixed,"mixed regression cases, references, harness, and data",untriaged,untriaged,untriaged,untriaged,untriaged,untriaged,not-run,not-run
non-regressions,nonRegressions/set02/lh179,fortran,mixed,"mixed regression cases, references, harness, and data",untriaged,untriaged,untriaged,untriaged,untriaged,untriaged,not-run,not-run
non-regressions,nonRegressions/set02/lh180,fortran,fixed,"mixed regression cases, references, harness, and data",untriaged,untriaged,untriaged,untriaged,untriaged,untriaged,not-run,not-run
non-regressions,nonRegressions/set02/lh181,fortran,fixed,"mixed regression cases, references, harness, and data",untriaged,untriaged,untriaged,untriaged,untriaged,untriaged,not-run,not-run
non-regressions,nonRegressions/set02/lh182,fortran,fixed,"mixed regression cases, references, harness, and data",untriaged,untriaged,untriaged,untriaged,untriaged,untriaged,not-run,not-run
non-regressions,nonRegressions/set02/lh183,fortran,fixed,"mixed regression cases, references, harness, and data",untriaged,untriaged,untriaged,untriaged,untriaged,untriaged,not-run,not-run
non-regressions,nonRegressions/set02/lh184,fortran,fixed,"mixed regression cases, references, harness, and data",untriaged,untriaged,untriaged,untriaged,untriaged,untriaged,not-run,not-run
non-regressions,nonRegressions/set02/lh185,fortran,fixed,"mixed regression cases, references, harness, and data",untriaged,untriaged,untriaged,untriaged,untriaged,untriaged,not-run,not-run
non-regressions,nonRegressions/set02/lh186,fortran,fixed,"mixed regression cases, references, harness, and data",untriaged,untriaged,untriaged,untriaged,untriaged,untriaged,not-run,not-run
non-regressions,nonRegressions/set02/lh187,fortran,fixed,"mixed regression cases, references, harness, and data",untriaged,untriaged,untriaged,untriaged,untriaged,untriaged,not-run,not-run
non-regressions,nonRegressions/set02/lh188,fortran,fixed,"mixed regression cases, references, harness, and data",untriaged,untriaged,untriaged,untriaged,untriaged,untriaged,not-run,not-run
non-regressions,nonRegressions/set02/lh189,fortran,mixed,"mixed regression cases, references, harness, and data",untriaged,untriaged,untriaged,untriaged,untriaged,untriaged,not-run,not-run
non-regressions,nonRegressions/set02/lh190,fortran,mixed,"mixed regression cases, references, harness, and data",untriaged,untriaged,untriaged,untriaged,untriaged,untriaged,not-run,not-run
non-regressions,nonRegressions/set02/lh191,fortran,fixed,"mixed regression cases, references, harness, and data",untriaged,untriaged,untriaged,untriaged,untriaged,untriaged,not-run,not-run
non-regressions,nonRegressions/set02/lh192,fortran,fixed,"mixed regression cases, references, harness, and data",expected-refusal,"test(x,y,pkz)",-p/-root-test|-d/-root-test|-b/-root-test,parser|forward|reverse,strict-source-compile|fresh-Tapenade-parser-forward-reverse-generation|independent-hand-primal-central-difference-sweep,"large checkpoint loop over a 400^3 array",pass-fresh-parser-forward-reverse-generation-strict-compile,pass-forward-expected-refusal-reverse-per-iteration-storage
non-regressions,nonRegressions/set02/lh193,fortran,fixed,"mixed regression cases, references, harness, and data",blocked-missing-dependency,"head(x,y)",Options=-I ../ADFirstAidKit/mpich/include|-I ../ADFirstAidKit|-context; transformations not-run,strict-compiler|legacy-compiler,exact-pinned-source-SHA-256|exact-upstream-Git-pin|strict-fixed-form-compiler-diagnostics,ampi/ampif.h is absent from the case search path; the pinned ADFirstAidKit/ampi/ampif.h includes absent ADFirstAidKit/mpich/include/mpif.h; valid dependency-blocked case,not-run-missing-dependency,not-run-missing-dependency
non-regressions,nonRegressions/set02/lh194,fortran,fixed,"mixed regression cases, references, harness, and data",blocked-missing-dependency,"head(x,y)",Options=-I ../ADFirstAidKit/mpich/include|-I ../ADFirstAidKit|-context; transformations not-run,strict-compiler|legacy-compiler,exact-pinned-source-SHA-256|exact-upstream-Git-pin|strict-and-legacy-fixed-form-compiler-diagnostics,ampi/ampif.h is absent from the case search path; the pinned ADFirstAidKit/ampi/ampif.h includes absent ADFirstAidKit/mpich/include/mpif.h; valid dependency-blocked case,not-run-missing-dependency,not-run-missing-dependency
non-regressions,nonRegressions/set02/lh195,fortran,fixed,"mixed regression cases, references, harness, and data",untriaged,untriaged,untriaged,untriaged,untriaged,untriaged,not-run,not-run
non-regressions,nonRegressions/set02/lh196,fortran,fixed,"mixed regression cases, references, harness, and data",expected-refusal,"POLYCOST(X,Y,ns)",-p/-head-polycost|-d/-head-polycost|-b/-head-polycost,parser|forward|reverse,strict-and-legacy-compiler|fresh-Tapenade-parser-tangent-reverse-generation|FortAD-exact-check-forward-reverse-inlining-diagnostic|independent-polygon-cost-JVP-VJP|central-difference-sweep|adjoint-identity,"REAL*8 strict boundary; POLYPERIM/INCRSQRT function-call inlining boundary; no repaired port claimed",pass-fresh-parser-tangent-reverse-generation-strict-REAL8-refusal-legacy-compile-pass,expected-refusal-exact-check-forward-reverse-function-inlining-no-output
non-regressions,nonRegressions/set02/lh197,fortran,fixed,"mixed regression cases, references, harness, and data",untriaged,untriaged,untriaged,untriaged,untriaged,untriaged,not-run,not-run
non-regressions,nonRegressions/set02/lh198,fortran,fixed,"mixed regression cases, references, harness, and data",expected-refusal,"top(x,y)",-p/-root-top|-d/-root-top|-b/-root-top;Options=-context-nooptim-stripPrimalCode,parser|forward|reverse,strict-and-legacy-compiler|fresh-Tapenade-parser-tangent-reverse-generation|FortAD-exact-check-forward-reverse-diagnostic|independent-COMMON-block-JVP-VJP|central-difference-sweep|adjoint-identity,"COMMON /comG/ aliases v4 and v6 across BBB, CCC, and internal DDD; no missing dependency; no repaired port claimed",pass-fresh-parser-tangent-reverse-generation-strict-and-legacy-compile-pass,expected-refusal-exact-forward-reverse-no-derivative-rule-AAA-no-output
non-regressions,nonRegressions/set02/lh199,fortran,fixed,"mixed regression cases, references, harness, and data",untriaged,untriaged,untriaged,untriaged,untriaged,untriaged,not-run,not-run
non-regressions,nonRegressions/set02/m01,fortran,fixed,"mixed regression cases, references, harness, and data",untriaged,untriaged,untriaged,untriaged,untriaged,untriaged,not-run,not-run
non-regressions,nonRegressions/set02/m02,fortran,fixed,"mixed regression cases, references, harness, and data",untriaged,untriaged,untriaged,untriaged,untriaged,untriaged,not-run,not-run
non-regressions,nonRegressions/set02/m03,fortran,fixed,"mixed regression cases, references, harness, and data",untriaged,untriaged,untriaged,untriaged,untriaged,untriaged,not-run,not-run
non-regressions,nonRegressions/set02/m04,fortran,fixed,"mixed regression cases, references, harness, and data",untriaged,untriaged,untriaged,untriaged,untriaged,untriaged,not-run,not-run
non-regressions,nonRegressions/set02/m05,fortran,fixed,"mixed regression cases, references, harness, and data",untriaged,untriaged,untriaged,untriaged,untriaged,untriaged,not-run,not-run
non-regressions,nonRegressions/set02/m06,fortran,fixed,"mixed regression cases, references, harness, and data",untriaged,untriaged,untriaged,untriaged,untriaged,untriaged,not-run,not-run
non-regressions,nonRegressions/set02/rmg01,fortran,fixed,"mixed regression cases, references, harness, and data",untriaged,untriaged,untriaged,untriaged,untriaged,untriaged,not-run,not-run
non-regressions,nonRegressions/set02/v002,fortran,fixed,"mixed regression cases, references, harness, and data",untriaged,untriaged,untriaged,untriaged,untriaged,untriaged,not-run,not-run
non-regressions,nonRegressions/set02/v003,fortran,fixed,"mixed regression cases, references, harness, and data",untriaged,untriaged,untriaged,untriaged,untriaged,untriaged,not-run,not-run
non-regressions,nonRegressions/set02/v004,fortran,fixed,"mixed regression cases, references, harness, and data",untriaged,untriaged,untriaged,untriaged,untriaged,untriaged,not-run,not-run
non-regressions,nonRegressions/set02/v005,fortran,fixed,"mixed regression cases, references, harness, and data",untriaged,untriaged,untriaged,untriaged,untriaged,untriaged,not-run,not-run
non-regressions,nonRegressions/set02/v006,fortran,fixed,"mixed regression cases, references, harness, and data",untriaged,untriaged,untriaged,untriaged,untriaged,untriaged,not-run,not-run
non-regressions,nonRegressions/set02/v008,fortran,fixed,"mixed regression cases, references, harness, and data",untriaged,untriaged,untriaged,untriaged,untriaged,untriaged,not-run,not-run
non-regressions,nonRegressions/set02/v009,fortran,fixed,"mixed regression cases, references, harness, and data",untriaged,untriaged,untriaged,untriaged,untriaged,untriaged,not-run,not-run
non-regressions,nonRegressions/set02/v010,fortran,fixed,"mixed regression cases, references, harness, and data",untriaged,untriaged,untriaged,untriaged,untriaged,untriaged,not-run,not-run
non-regressions,nonRegressions/set02/v011,fortran,fixed,"mixed regression cases, references, harness, and data",untriaged,untriaged,untriaged,untriaged,untriaged,untriaged,not-run,not-run
non-regressions,nonRegressions/set02/v012,fortran,fixed,"mixed regression cases, references, harness, and data",untriaged,untriaged,untriaged,untriaged,untriaged,untriaged,not-run,not-run
non-regressions,nonRegressions/set02/v013,fortran,fixed,"mixed regression cases, references, harness, and data",untriaged,untriaged,untriaged,untriaged,untriaged,untriaged,not-run,not-run
non-regressions,nonRegressions/set02/v014,fortran,mixed,"mixed regression cases, references, harness, and data",untriaged,untriaged,untriaged,untriaged,untriaged,untriaged,not-run,not-run
non-regressions,nonRegressions/set02/v015,fortran,fixed,"mixed regression cases, references, harness, and data",untriaged,untriaged,untriaged,untriaged,untriaged,untriaged,not-run,not-run
non-regressions,nonRegressions/set02/v016,fortran,fixed,"mixed regression cases, references, harness, and data",untriaged,untriaged,untriaged,untriaged,untriaged,untriaged,not-run,not-run
non-regressions,nonRegressions/set02/v017,fortran,fixed,"mixed regression cases, references, harness, and data",untriaged,untriaged,untriaged,untriaged,untriaged,untriaged,not-run,not-run
non-regressions,nonRegressions/set02/v018,fortran,fixed,"mixed regression cases, references, harness, and data",untriaged,untriaged,untriaged,untriaged,untriaged,untriaged,not-run,not-run
non-regressions,nonRegressions/set02/v019,fortran,fixed,"mixed regression cases, references, harness, and data",untriaged,untriaged,untriaged,untriaged,untriaged,untriaged,not-run,not-run
non-regressions,nonRegressions/set02/v020,fortran,fixed,"mixed regression cases, references, harness, and data",untriaged,untriaged,untriaged,untriaged,untriaged,untriaged,not-run,not-run
non-regressions,nonRegressions/set02/v021,fortran,fixed,"mixed regression cases, references, harness, and data",untriaged,untriaged,untriaged,untriaged,untriaged,untriaged,not-run,not-run
non-regressions,nonRegressions/set02/v022,fortran,fixed,"mixed regression cases, references, harness, and data",untriaged,untriaged,untriaged,untriaged,untriaged,untriaged,not-run,not-run
non-regressions,nonRegressions/set02/v023,fortran,fixed,"mixed regression cases, references, harness, and data",untriaged,untriaged,untriaged,untriaged,untriaged,untriaged,not-run,not-run
non-regressions,nonRegressions/set02/v024,fortran,fixed,"mixed regression cases, references, harness, and data",untriaged,untriaged,untriaged,untriaged,untriaged,untriaged,not-run,not-run
non-regressions,nonRegressions/set02/v025,fortran,fixed,"mixed regression cases, references, harness, and data",untriaged,untriaged,untriaged,untriaged,untriaged,untriaged,not-run,not-run
non-regressions,nonRegressions/set02/v026,fortran,fixed,"mixed regression cases, references, harness, and data",untriaged,untriaged,untriaged,untriaged,untriaged,untriaged,not-run,not-run
non-regressions,nonRegressions/set02/v027,fortran,fixed,"mixed regression cases, references, harness, and data",untriaged,untriaged,untriaged,untriaged,untriaged,untriaged,not-run,not-run
non-regressions,nonRegressions/set02/v028,fortran,fixed,"mixed regression cases, references, harness, and data",untriaged,untriaged,untriaged,untriaged,untriaged,untriaged,not-run,not-run
non-regressions,nonRegressions/set02/v029,fortran,fixed,"mixed regression cases, references, harness, and data",untriaged,untriaged,untriaged,untriaged,untriaged,untriaged,not-run,not-run
non-regressions,nonRegressions/set02/v030,fortran,fixed,"mixed regression cases, references, harness, and data",untriaged,untriaged,untriaged,untriaged,untriaged,untriaged,not-run,not-run
non-regressions,nonRegressions/set02/v031,fortran,fixed,"mixed regression cases, references, harness, and data",untriaged,untriaged,untriaged,untriaged,untriaged,untriaged,not-run,not-run
non-regressions,nonRegressions/set02/v032,fortran,fixed,"mixed regression cases, references, harness, and data",untriaged,untriaged,untriaged,untriaged,untriaged,untriaged,not-run,not-run
non-regressions,nonRegressions/set02/v033,fortran,fixed,"mixed regression cases, references, harness, and data",untriaged,untriaged,untriaged,untriaged,untriaged,untriaged,not-run,not-run
non-regressions,nonRegressions/set02/v034,fortran,fixed,"mixed regression cases, references, harness, and data",untriaged,untriaged,untriaged,untriaged,untriaged,untriaged,not-run,not-run
non-regressions,nonRegressions/set02/v050,fortran,fixed,"mixed regression cases, references, harness, and data",untriaged,untriaged,untriaged,untriaged,untriaged,untriaged,not-run,not-run
non-regressions,nonRegressions/set02/v051,fortran,fixed,"mixed regression cases, references, harness, and data",untriaged,untriaged,untriaged,untriaged,untriaged,untriaged,not-run,not-run
non-regressions,nonRegressions/set02/v052,fortran,fixed,"mixed regression cases, references, harness, and data",untriaged,untriaged,untriaged,untriaged,untriaged,untriaged,not-run,not-run
non-regressions,nonRegressions/set02/v053,fortran,fixed,"mixed regression cases, references, harness, and data",untriaged,untriaged,untriaged,untriaged,untriaged,untriaged,not-run,not-run
non-regressions,nonRegressions/set02/v054,fortran,fixed,"mixed regression cases, references, harness, and data",untriaged,untriaged,untriaged,untriaged,untriaged,untriaged,not-run,not-run
non-regressions,nonRegressions/set02/v055,fortran,fixed,"mixed regression cases, references, harness, and data",untriaged,untriaged,untriaged,untriaged,untriaged,untriaged,not-run,not-run
non-regressions,nonRegressions/set02/v056,fortran,fixed,"mixed regression cases, references, harness, and data",untriaged,untriaged,untriaged,untriaged,untriaged,untriaged,not-run,not-run
non-regressions,nonRegressions/set02/v057,fortran,fixed,"mixed regression cases, references, harness, and data",untriaged,untriaged,untriaged,untriaged,untriaged,untriaged,not-run,not-run
non-regressions,nonRegressions/set02/v058,fortran,fixed,"mixed regression cases, references, harness, and data",untriaged,untriaged,untriaged,untriaged,untriaged,untriaged,not-run,not-run
non-regressions,nonRegressions/set02/v059,fortran,fixed,"mixed regression cases, references, harness, and data",untriaged,untriaged,untriaged,untriaged,untriaged,untriaged,not-run,not-run
non-regressions,nonRegressions/set02/v060,fortran,fixed,"mixed regression cases, references, harness, and data",untriaged,untriaged,untriaged,untriaged,untriaged,untriaged,not-run,not-run
non-regressions,nonRegressions/set02/v061,fortran,fixed,"mixed regression cases, references, harness, and data",untriaged,untriaged,untriaged,untriaged,untriaged,untriaged,not-run,not-run
non-regressions,nonRegressions/set02/v062,fortran,fixed,"mixed regression cases, references, harness, and data",untriaged,untriaged,untriaged,untriaged,untriaged,untriaged,not-run,not-run
non-regressions,nonRegressions/set02/v063,fortran,fixed,"mixed regression cases, references, harness, and data",untriaged,untriaged,untriaged,untriaged,untriaged,untriaged,not-run,not-run
non-regressions,nonRegressions/set02/v064,fortran,fixed,"mixed regression cases, references, harness, and data",untriaged,untriaged,untriaged,untriaged,untriaged,untriaged,not-run,not-run
non-regressions,nonRegressions/set02/v065,fortran,fixed,"mixed regression cases, references, harness, and data",expected-refusal,"none (BLOCKDATA /axes/)",-p|-d|-b (no root),parser|forward|reverse,strict-compiler|fresh-Tapenade-parser-tangent-reverse-no-root|FortAD-exact-no-entry-boundary|independent-COMMON-state-oracle|upstream-source-SHA-256-contract,"BLOCKDATA initializes COMMON /axes/; parser reference only; no callable procedure",pass-fresh-parser-strict-compile-tangent-reverse-no-root,expected-refusal-exact-parser-forward-reverse-no-entry
non-regressions,nonRegressions/set02/v066,fortran,fixed,"mixed regression cases, references, harness, and data",untriaged,untriaged,untriaged,untriaged,untriaged,untriaged,not-run,not-run
non-regressions,nonRegressions/set02/v067,fortran,fixed,"mixed regression cases, references, harness, and data",expected-refusal,"ADJ_FCN(T,Y,YP,RESULT,RP)",-p/-root ADJ_FCN|-d/-root ADJ_FCN|-b/-root ADJ_FCN,parser|forward|reverse,exact-source-SHA-256|strict-and-legacy-fixed-form-compiler|fresh-Tapenade-exact-source-boundary|FortAD-exact-parser-forward-reverse-boundary|analytical-finite-difference-adjoint-oracle,"valid fixed-form source; CR-only exact program.f reaches a Tapenade no-root boundary and FortAD reaches an empty-forward/reverse assignment boundary; stored program_p.f is reference evidence only",expected-refusal-exact-source-cr-only-line-terminator-no-root,expected-refusal-exact-forward-empty-stub-reverse-assignment-boundary
non-regressions,nonRegressions/set02/v069,fortran,fixed,"mixed regression cases, references, harness, and data",untriaged,untriaged,untriaged,untriaged,untriaged,untriaged,not-run,not-run
non-regressions,nonRegressions/set02/v070,fortran,fixed,"mixed regression cases, references, harness, and data",untriaged,untriaged,untriaged,untriaged,untriaged,untriaged,not-run,not-run
non-regressions,nonRegressions/set02/v071,fortran,fixed,"mixed regression cases, references, harness, and data",untriaged,untriaged,untriaged,untriaged,untriaged,untriaged,not-run,not-run
non-regressions,nonRegressions/set02/v078,fortran,fixed,"mixed regression cases, references, harness, and data",untriaged,untriaged,untriaged,untriaged,untriaged,untriaged,not-run,not-run
non-regressions,nonRegressions/set02/v079,fortran,fixed,"mixed regression cases, references, harness, and data",untriaged,untriaged,untriaged,untriaged,untriaged,untriaged,not-run,not-run
non-regressions,nonRegressions/set02/v080,fortran,fixed,"mixed regression cases, references, harness, and data",untriaged,untriaged,untriaged,untriaged,untriaged,untriaged,not-run,not-run
non-regressions,nonRegressions/set02/v081,fortran,fixed,"mixed regression cases, references, harness, and data",untriaged,untriaged,untriaged,untriaged,untriaged,untriaged,not-run,not-run
non-regressions,nonRegressions/set02/v082,fortran,fixed,"mixed regression cases, references, harness, and data",untriaged,untriaged,untriaged,untriaged,untriaged,untriaged,not-run,not-run
non-regressions,nonRegressions/set02/v083,fortran,fixed,"mixed regression cases, references, harness, and data",untriaged,untriaged,untriaged,untriaged,untriaged,untriaged,not-run,not-run
non-regressions,nonRegressions/set02/v084,fortran,fixed,"mixed regression cases, references, harness, and data",untriaged,untriaged,untriaged,untriaged,untriaged,untriaged,not-run,not-run
non-regressions,nonRegressions/set02/v085,fortran,fixed,"mixed regression cases, references, harness, and data",untriaged,untriaged,untriaged,untriaged,untriaged,untriaged,not-run,not-run
non-regressions,nonRegressions/set02/v086,fortran,fixed,"mixed regression cases, references, harness, and data",untriaged,untriaged,untriaged,untriaged,untriaged,untriaged,not-run,not-run
non-regressions,nonRegressions/set02/v087,fortran,fixed,"mixed regression cases, references, harness, and data",untriaged,untriaged,untriaged,untriaged,untriaged,untriaged,not-run,not-run
non-regressions,nonRegressions/set02/v088,fortran,fixed,"mixed regression cases, references, harness, and data",untriaged,untriaged,untriaged,untriaged,untriaged,untriaged,not-run,not-run
non-regressions,nonRegressions/set02/v089,fortran,fixed,"mixed regression cases, references, harness, and data",untriaged,untriaged,untriaged,untriaged,untriaged,untriaged,not-run,not-run
non-regressions,nonRegressions/set02/v090,fortran,fixed,"mixed regression cases, references, harness, and data",untriaged,untriaged,untriaged,untriaged,untriaged,untriaged,not-run,not-run
non-regressions,nonRegressions/set02/v091,fortran,fixed,"mixed regression cases, references, harness, and data",untriaged,untriaged,untriaged,untriaged,untriaged,untriaged,not-run,not-run
non-regressions,nonRegressions/set02/v093,fortran,fixed,"mixed regression cases, references, harness, and data",untriaged,untriaged,untriaged,untriaged,untriaged,untriaged,not-run,not-run
non-regressions,nonRegressions/set02/v094,fortran,fixed,"mixed regression cases, references, harness, and data",untriaged,untriaged,untriaged,untriaged,untriaged,untriaged,not-run,not-run
non-regressions,nonRegressions/set02/v095,fortran,fixed,"mixed regression cases, references, harness, and data",untriaged,untriaged,untriaged,untriaged,untriaged,untriaged,not-run,not-run
non-regressions,nonRegressions/set02/v096,fortran,fixed,"mixed regression cases, references, harness, and data",untriaged,untriaged,untriaged,untriaged,untriaged,untriaged,not-run,not-run
non-regressions,nonRegressions/set02/v097,fortran,fixed,"mixed regression cases, references, harness, and data",untriaged,untriaged,untriaged,untriaged,untriaged,untriaged,not-run,not-run
non-regressions,nonRegressions/set02/v098,fortran,fixed,"mixed regression cases, references, harness, and data",untriaged,untriaged,untriaged,untriaged,untriaged,untriaged,not-run,not-run
non-regressions,nonRegressions/set02/v099,fortran,fixed,"mixed regression cases, references, harness, and data",untriaged,untriaged,untriaged,untriaged,untriaged,untriaged,not-run,not-run
non-regressions,nonRegressions/set02/v100,fortran,fixed,"mixed regression cases, references, harness, and data",untriaged,untriaged,untriaged,untriaged,untriaged,untriaged,not-run,not-run
non-regressions,nonRegressions/set02/v101,fortran,mixed,"mixed regression cases, references, harness, and data",untriaged,untriaged,untriaged,untriaged,untriaged,untriaged,not-run,not-run
non-regressions,nonRegressions/set02/v102,fortran,fixed,"mixed regression cases, references, harness, and data",untriaged,untriaged,untriaged,untriaged,untriaged,untriaged,not-run,not-run
non-regressions,nonRegressions/set02/v103,fortran,fixed,"mixed regression cases, references, harness, and data",expected-refusal,"foo(x,y)",-p|-d-root-foo|-b-root-foo,parser|forward|reverse,strict-compiler|fresh-Tapenade-parser-tangent-reverse-compile|FortAD-exact-check-forward-reverse-diagnostic|independent-linear-COMMON-state-JVP-VJP|central-difference-sweep|adjoint-identity,"exact COMMON /c/; no repaired port",pass-fresh-parser-tangent-reverse-generation-generated-compile,expected-refusal-exact-check-forward-reverse-unsupported-common-line-32
non-regressions,nonRegressions/set02/v105,fortran,mixed,"mixed regression cases, references, harness, and data",untriaged,untriaged,untriaged,untriaged,untriaged,untriaged,not-run,not-run
non-regressions,nonRegressions/set02/v107,fortran,fixed,"mixed regression cases, references, harness, and data",untriaged,untriaged,untriaged,untriaged,untriaged,untriaged,not-run,not-run
non-regressions,nonRegressions/set02/v110,fortran,fixed,"mixed regression cases, references, harness, and data",untriaged,untriaged,untriaged,untriaged,untriaged,untriaged,not-run,not-run
non-regressions,nonRegressions/set02/v111,fortran,mixed,"mixed regression cases, references, harness, and data",untriaged,untriaged,untriaged,untriaged,untriaged,untriaged,not-run,not-run
non-regressions,nonRegressions/set02/v112,fortran,fixed,"mixed regression cases, references, harness, and data",untriaged,untriaged,untriaged,untriaged,untriaged,untriaged,not-run,not-run
non-regressions,nonRegressions/set02/v113,fortran,fixed,"mixed regression cases, references, harness, and data",untriaged,untriaged,untriaged,untriaged,untriaged,untriaged,not-run,not-run
non-regressions,nonRegressions/set02/v114,fortran,fixed,"mixed regression cases, references, harness, and data",untriaged,untriaged,untriaged,untriaged,untriaged,untriaged,not-run,not-run
non-regressions,nonRegressions/set02/v115,fortran,fixed,"mixed regression cases, references, harness, and data",untriaged,untriaged,untriaged,untriaged,untriaged,untriaged,not-run,not-run
non-regressions,nonRegressions/set02/v117,fortran,fixed,"mixed regression cases, references, harness, and data",untriaged,untriaged,untriaged,untriaged,untriaged,untriaged,not-run,not-run
non-regressions,nonRegressions/set02/v118,fortran,fixed,"mixed regression cases, references, harness, and data",untriaged,untriaged,untriaged,untriaged,untriaged,untriaged,not-run,not-run
non-regressions,nonRegressions/set02/v119,fortran,mixed,"mixed regression cases, references, harness, and data",untriaged,untriaged,untriaged,untriaged,untriaged,untriaged,not-run,not-run
non-regressions,nonRegressions/set02/v120,fortran,fixed,"mixed regression cases, references, harness, and data",untriaged,untriaged,untriaged,untriaged,untriaged,untriaged,not-run,not-run
non-regressions,nonRegressions/set02/v121,fortran,fixed,"mixed regression cases, references, harness, and data",untriaged,untriaged,untriaged,untriaged,untriaged,untriaged,not-run,not-run
non-regressions,nonRegressions/set02/v122,fortran,fixed,"mixed regression cases, references, harness, and data",untriaged,untriaged,untriaged,untriaged,untriaged,untriaged,not-run,not-run
non-regressions,nonRegressions/set02/v123,fortran,fixed,"mixed regression cases, references, harness, and data",untriaged,untriaged,untriaged,untriaged,untriaged,untriaged,not-run,not-run
non-regressions,nonRegressions/set02/v124,fortran,fixed,"mixed regression cases, references, harness, and data",untriaged,untriaged,untriaged,untriaged,untriaged,untriaged,not-run,not-run
non-regressions,nonRegressions/set02/v125,fortran,fixed,"mixed regression cases, references, harness, and data",untriaged,untriaged,untriaged,untriaged,untriaged,untriaged,not-run,not-run
non-regressions,nonRegressions/set02/v126,fortran,fixed,"mixed regression cases, references, harness, and data",untriaged,untriaged,untriaged,untriaged,untriaged,untriaged,not-run,not-run
non-regressions,nonRegressions/set02/v127,fortran,fixed,"mixed regression cases, references, harness, and data",untriaged,untriaged,untriaged,untriaged,untriaged,untriaged,not-run,not-run
non-regressions,nonRegressions/set02/v128,fortran,fixed,"mixed regression cases, references, harness, and data",runnable-ported,"foo(n,x,y); exact source",-p|-d-root-foo|-b-root-foo,forward|reverse:y,strict-compiler|fresh-Tapenade-parser-tangent-reverse-compile|compiled-FortAD-harness|independent-hand-JVP-VJP|central-difference-sweep|adjoint-identity,"local DIFFSIZES.inc only; no mixed-language dependency",pass-fresh-parser-tangent-reverse-generation-generated-compile,pass-exact-transform-compile-runtime
non-regressions,nonRegressions/set02/v129,fortran,fixed,"mixed regression cases, references, harness, and data",untriaged,untriaged,untriaged,untriaged,untriaged,untriaged,not-run,not-run
non-regressions,nonRegressions/set02/v130,fortran,fixed,"mixed regression cases, references, harness, and data",runnable-ported,"foo(x,y); exact source",-p|-d-root-foo|-b-root-foo,forward|reverse:y,strict-compiler|fresh-Tapenade-parser-tangent-reverse-compile|compiled-FortAD-harness|independent-hand-JVP-VJP|central-difference-sweep|adjoint-identity,"local DIFFSIZES.inc only; no mixed-language dependency",pass-fresh-parser-tangent-reverse-generation-generated-compile,pass-exact-transform-compile-runtime
non-regressions,nonRegressions/set02/v131,fortran,fixed,"mixed regression cases, references, harness, and data",untriaged,untriaged,untriaged,untriaged,untriaged,untriaged,not-run,not-run
non-regressions,nonRegressions/set02/v132,fortran,fixed,"mixed regression cases, references, harness, and data",untriaged,untriaged,untriaged,untriaged,untriaged,untriaged,not-run,not-run
non-regressions,nonRegressions/set02/v133,fortran,fixed,"mixed regression cases, references, harness, and data",untriaged,untriaged,untriaged,untriaged,untriaged,untriaged,not-run,not-run
non-regressions,nonRegressions/set02/v134,fortran,fixed,"mixed regression cases, references, harness, and data",untriaged,untriaged,untriaged,untriaged,untriaged,untriaged,not-run,not-run
non-regressions,nonRegressions/set02/v135,fortran,fixed,"mixed regression cases, references, harness, and data",untriaged,untriaged,untriaged,untriaged,untriaged,untriaged,not-run,not-run
non-regressions,nonRegressions/set03/bd02,fortran,free,"mixed regression cases, references, harness, and data",untriaged,untriaged,untriaged,untriaged,untriaged,untriaged,not-run,not-run
non-regressions,nonRegressions/set03/bd03,fortran,free,"mixed regression cases, references, harness, and data",untriaged,untriaged,untriaged,untriaged,untriaged,untriaged,not-run,not-run
non-regressions,nonRegressions/set03/bd04,fortran,free,"mixed regression cases, references, harness, and data",untriaged,untriaged,untriaged,untriaged,untriaged,untriaged,not-run,not-run
non-regressions,nonRegressions/set03/bd05,fortran,free,"mixed regression cases, references, harness, and data",untriaged,untriaged,untriaged,untriaged,untriaged,untriaged,not-run,not-run
non-regressions,nonRegressions/set03/bd06,fortran,free,"mixed regression cases, references, harness, and data",untriaged,untriaged,untriaged,untriaged,untriaged,untriaged,not-run,not-run
non-regressions,nonRegressions/set03/bd07,fortran,free,"mixed regression cases, references, harness, and data",untriaged,untriaged,untriaged,untriaged,untriaged,untriaged,not-run,not-run
non-regressions,nonRegressions/set03/bd08,fortran,free,"mixed regression cases, references, harness, and data",untriaged,untriaged,untriaged,untriaged,untriaged,untriaged,not-run,not-run
non-regressions,nonRegressions/set03/bd09,fortran,free,"mixed regression cases, references, harness, and data",untriaged,untriaged,untriaged,untriaged,untriaged,untriaged,not-run,not-run
non-regressions,nonRegressions/set03/bd12,fortran,free,"mixed regression cases, references, harness, and data",untriaged,untriaged,untriaged,untriaged,untriaged,untriaged,not-run,not-run
non-regressions,nonRegressions/set03/bd13,fortran,free,"mixed regression cases, references, harness, and data",untriaged,untriaged,untriaged,untriaged,untriaged,untriaged,not-run,not-run
non-regressions,nonRegressions/set03/bd14,fortran,free,"mixed regression cases, references, harness, and data",untriaged,untriaged,untriaged,untriaged,untriaged,untriaged,not-run,not-run
non-regressions,nonRegressions/set03/bd15,fortran,free,"mixed regression cases, references, harness, and data",untriaged,untriaged,untriaged,untriaged,untriaged,untriaged,not-run,not-run
non-regressions,nonRegressions/set03/bd16,fortran,free,"mixed regression cases, references, harness, and data",untriaged,untriaged,untriaged,untriaged,untriaged,untriaged,not-run,not-run
non-regressions,nonRegressions/set03/bd17,fortran,free,"mixed regression cases, references, harness, and data",untriaged,untriaged,untriaged,untriaged,untriaged,untriaged,not-run,not-run
non-regressions,nonRegressions/set03/bd18,fortran,free,"mixed regression cases, references, harness, and data",untriaged,untriaged,untriaged,untriaged,untriaged,untriaged,not-run,not-run
non-regressions,nonRegressions/set03/bd19,fortran,free,"mixed regression cases, references, harness, and data",untriaged,untriaged,untriaged,untriaged,untriaged,untriaged,not-run,not-run
non-regressions,nonRegressions/set03/cm01,fortran,free,"mixed regression cases, references, harness, and data",untriaged,untriaged,untriaged,untriaged,untriaged,untriaged,not-run,not-run
non-regressions,nonRegressions/set03/cm02,fortran,free,"mixed regression cases, references, harness, and data",untriaged,untriaged,untriaged,untriaged,untriaged,untriaged,not-run,not-run
non-regressions,nonRegressions/set03/cm03,fortran,free,"mixed regression cases, references, harness, and data",untriaged,untriaged,untriaged,untriaged,untriaged,untriaged,not-run,not-run
non-regressions,nonRegressions/set03/cm04,fortran,free,"mixed regression cases, references, harness, and data",untriaged,untriaged,untriaged,untriaged,untriaged,untriaged,not-run,not-run
non-regressions,nonRegressions/set03/cm05,fortran,free,"mixed regression cases, references, harness, and data",untriaged,untriaged,untriaged,untriaged,untriaged,untriaged,not-run,not-run
non-regressions,nonRegressions/set03/cm06,fortran,free,"mixed regression cases, references, harness, and data",untriaged,untriaged,untriaged,untriaged,untriaged,untriaged,not-run,not-run
non-regressions,nonRegressions/set03/cm07,fortran,free,"mixed regression cases, references, harness, and data",untriaged,untriaged,untriaged,untriaged,untriaged,untriaged,not-run,not-run
non-regressions,nonRegressions/set03/cm08,fortran,free,"mixed regression cases, references, harness, and data",untriaged,untriaged,untriaged,untriaged,untriaged,untriaged,not-run,not-run
non-regressions,nonRegressions/set03/cm09,fortran,free,"mixed regression cases, references, harness, and data",untriaged,untriaged,untriaged,untriaged,untriaged,untriaged,not-run,not-run
non-regressions,nonRegressions/set03/cm10,fortran,free,"mixed regression cases, references, harness, and data",untriaged,untriaged,untriaged,untriaged,untriaged,untriaged,not-run,not-run
non-regressions,nonRegressions/set03/cm11,fortran,free,"mixed regression cases, references, harness, and data",untriaged,untriaged,untriaged,untriaged,untriaged,untriaged,not-run,not-run
non-regressions,nonRegressions/set03/cm12,fortran,free,"mixed regression cases, references, harness, and data",untriaged,untriaged,untriaged,untriaged,untriaged,untriaged,not-run,not-run
non-regressions,nonRegressions/set03/cm13,fortran,free,"mixed regression cases, references, harness, and data",untriaged,untriaged,untriaged,untriaged,untriaged,untriaged,not-run,not-run
non-regressions,nonRegressions/set03/cm14,fortran,free,"mixed regression cases, references, harness, and data",untriaged,untriaged,untriaged,untriaged,untriaged,untriaged,not-run,not-run
non-regressions,nonRegressions/set03/cm15,fortran,free,"mixed regression cases, references, harness, and data",untriaged,untriaged,untriaged,untriaged,untriaged,untriaged,not-run,not-run
non-regressions,nonRegressions/set03/cm16,fortran,free,"mixed regression cases, references, harness, and data",untriaged,untriaged,untriaged,untriaged,untriaged,untriaged,not-run,not-run
non-regressions,nonRegressions/set03/cm17,fortran,free,"mixed regression cases, references, harness, and data",untriaged,untriaged,untriaged,untriaged,untriaged,untriaged,not-run,not-run
non-regressions,nonRegressions/set03/cm18,fortran,free,"mixed regression cases, references, harness, and data",untriaged,untriaged,untriaged,untriaged,untriaged,untriaged,not-run,not-run
non-regressions,nonRegressions/set03/cm19,fortran,free,"mixed regression cases, references, harness, and data",untriaged,untriaged,untriaged,untriaged,untriaged,untriaged,not-run,not-run
non-regressions,nonRegressions/set03/cm20,fortran,free,"mixed regression cases, references, harness, and data",untriaged,untriaged,untriaged,untriaged,untriaged,untriaged,not-run,not-run
non-regressions,nonRegressions/set03/cm21,fortran,free,"mixed regression cases, references, harness, and data",untriaged,untriaged,untriaged,untriaged,untriaged,untriaged,not-run,not-run
non-regressions,nonRegressions/set03/cm22,fortran,free,"mixed regression cases, references, harness, and data",untriaged,untriaged,untriaged,untriaged,untriaged,untriaged,not-run,not-run
non-regressions,nonRegressions/set03/cm23,fortran,free,"mixed regression cases, references, harness, and data",untriaged,untriaged,untriaged,untriaged,untriaged,untriaged,not-run,not-run
non-regressions,nonRegressions/set03/cm24,fortran,free,"mixed regression cases, references, harness, and data",untriaged,untriaged,untriaged,untriaged,untriaged,untriaged,not-run,not-run
non-regressions,nonRegressions/set03/cm25,fortran,free,"mixed regression cases, references, harness, and data",untriaged,untriaged,untriaged,untriaged,untriaged,untriaged,not-run,not-run
non-regressions,nonRegressions/set03/cm26,fortran,free,"mixed regression cases, references, harness, and data",untriaged,untriaged,untriaged,untriaged,untriaged,untriaged,not-run,not-run
non-regressions,nonRegressions/set03/cm27,fortran,free,"mixed regression cases, references, harness, and data",untriaged,untriaged,untriaged,untriaged,untriaged,untriaged,not-run,not-run
non-regressions,nonRegressions/set03/cm28,fortran,free,"mixed regression cases, references, harness, and data",untriaged,untriaged,untriaged,untriaged,untriaged,untriaged,not-run,not-run
non-regressions,nonRegressions/set03/cm29,fortran,free,"mixed regression cases, references, harness, and data",untriaged,untriaged,untriaged,untriaged,untriaged,untriaged,not-run,not-run
non-regressions,nonRegressions/set03/cm30,fortran,free,"mixed regression cases, references, harness, and data",untriaged,untriaged,untriaged,untriaged,untriaged,untriaged,not-run,not-run
non-regressions,nonRegressions/set03/cm31,fortran,free,"mixed regression cases, references, harness, and data",untriaged,untriaged,untriaged,untriaged,untriaged,untriaged,not-run,not-run
non-regressions,nonRegressions/set03/cm32,fortran,free,"mixed regression cases, references, harness, and data",untriaged,untriaged,untriaged,untriaged,untriaged,untriaged,not-run,not-run
non-regressions,nonRegressions/set03/cm33,fortran,free,"mixed regression cases, references, harness, and data",untriaged,untriaged,untriaged,untriaged,untriaged,untriaged,not-run,not-run
non-regressions,nonRegressions/set03/cm34,fortran,free,"mixed regression cases, references, harness, and data",untriaged,untriaged,untriaged,untriaged,untriaged,untriaged,not-run,not-run
non-regressions,nonRegressions/set03/cm35,fortran,free,"mixed regression cases, references, harness, and data",untriaged,untriaged,untriaged,untriaged,untriaged,untriaged,not-run,not-run
non-regressions,nonRegressions/set03/cm36,fortran,free,"mixed regression cases, references, harness, and data",untriaged,untriaged,untriaged,untriaged,untriaged,untriaged,not-run,not-run
non-regressions,nonRegressions/set03/cm37,fortran,free,"mixed regression cases, references, harness, and data",untriaged,untriaged,untriaged,untriaged,untriaged,untriaged,not-run,not-run
non-regressions,nonRegressions/set03/cmv01,fortran,free,"mixed regression cases, references, harness, and data",untriaged,untriaged,untriaged,untriaged,untriaged,untriaged,not-run,not-run
non-regressions,nonRegressions/set03/cmv02,fortran,free,"mixed regression cases, references, harness, and data",untriaged,untriaged,untriaged,untriaged,untriaged,untriaged,not-run,not-run
non-regressions,nonRegressions/set03/cmv03,fortran,free,"mixed regression cases, references, harness, and data",untriaged,untriaged,untriaged,untriaged,untriaged,untriaged,not-run,not-run
non-regressions,nonRegressions/set03/cmv04,fortran,free,"mixed regression cases, references, harness, and data",untriaged,untriaged,untriaged,untriaged,untriaged,untriaged,not-run,not-run
non-regressions,nonRegressions/set03/cmv05,fortran,free,"mixed regression cases, references, harness, and data",untriaged,untriaged,untriaged,untriaged,untriaged,untriaged,not-run,not-run
non-regressions,nonRegressions/set03/cmv06,fortran,free,"mixed regression cases, references, harness, and data",untriaged,untriaged,untriaged,untriaged,untriaged,untriaged,not-run,not-run
non-regressions,nonRegressions/set03/cmv07,fortran,free,"mixed regression cases, references, harness, and data",untriaged,untriaged,untriaged,untriaged,untriaged,untriaged,not-run,not-run
non-regressions,nonRegressions/set03/ht01,fortran,free,"mixed regression cases, references, harness, and data",untriaged,untriaged,untriaged,untriaged,untriaged,untriaged,not-run,not-run
non-regressions,nonRegressions/set03/ht02,fortran,free,"mixed regression cases, references, harness, and data",untriaged,untriaged,untriaged,untriaged,untriaged,untriaged,not-run,not-run
non-regressions,nonRegressions/set03/ht03,fortran,free,"mixed regression cases, references, harness, and data",untriaged,untriaged,untriaged,untriaged,untriaged,untriaged,not-run,not-run
non-regressions,nonRegressions/set03/ht04,fortran,free,"mixed regression cases, references, harness, and data",untriaged,untriaged,untriaged,untriaged,untriaged,untriaged,not-run,not-run
non-regressions,nonRegressions/set03/ht05,fortran,free,"mixed regression cases, references, harness, and data",expected-refusal,"toto(m,x,y)",-p|-d/-root-toto|-b/-root-toto,parser|forward|reverse,strict-compiler|fresh-Tapenade-parser-tangent-reverse-generation|FortAD-exact-refusal,none,pass-fresh-parser-tangent-reverse-generation-generated-compile,expected-refusal-allocation-line-6-no-output
non-regressions,nonRegressions/set03/ht06,fortran,free,"mixed regression cases, references, harness, and data",expected-refusal,"titi(n,x,y)",-p|-d/-root-titi|-b/-root-titi,parser|forward|reverse,strict-compiler|fresh-Tapenade-parser-tangent-reverse-generation|FortAD-exact-refusal,none,pass-fresh-parser-tangent-reverse-generation-generated-compile,expected-refusal-array-section-line-5-no-output
non-regressions,nonRegressions/set03/ht07,fortran,free,"mixed regression cases, references, harness, and data",untriaged,untriaged,untriaged,untriaged,untriaged,untriaged,not-run,not-run
non-regressions,nonRegressions/set03/ht08,fortran,free,"mixed regression cases, references, harness, and data",untriaged,untriaged,untriaged,untriaged,untriaged,untriaged,not-run,not-run
non-regressions,nonRegressions/set03/ht09,fortran,free,"mixed regression cases, references, harness, and data",runnable-ported,"fofo(x,y); port fofo(x,y)",none,forward|reverse:y,strict-compiler|fresh-Tapenade-parser-tangent-reverse-compile|hand|central-difference-sweep|adjoint-identity,none,pass-fresh-parser-tangent-reverse-generation-generated-compile,pass-transform-compile-runtime
non-regressions,nonRegressions/set03/ht10,fortran,free,"mixed regression cases, references, harness, and data",untriaged,untriaged,untriaged,untriaged,untriaged,untriaged,not-run,not-run
non-regressions,nonRegressions/set03/ht11,fortran,free,"mixed regression cases, references, harness, and data",untriaged,untriaged,untriaged,untriaged,untriaged,untriaged,not-run,not-run
non-regressions,nonRegressions/set03/ht12,fortran,free,"mixed regression cases, references, harness, and data",expected-refusal,"top(a); toto(n,a)",none,parser|forward|reverse,strict-compiler|fresh-Tapenade-parser-tangent-reverse-generation|FortAD-generated-compile-refusal,none,pass-fresh-parser-tangent-reverse-generation-generated-compile,expected-refusal-generated-compile-hidden-extent-and-duplicate-adjoint
non-regressions,nonRegressions/set03/ht13,fortran,free,"mixed regression cases, references, harness, and data",runnable-ported,"flx_blk(x,y)",none,forward|reverse:y,strict-compiler|fresh-Tapenade-parser-tangent-reverse-generation|independent-hand|central-difference-sweep|adjoint-identity,none,pass-fresh-parser-tangent-reverse-generation-generated-compile,pass-transform-compile-runtime
non-regressions,nonRegressions/set03/ht16,fortran,free,"mixed regression cases, references, harness, and data",untriaged,untriaged,untriaged,untriaged,untriaged,untriaged,not-run,not-run
non-regressions,nonRegressions/set03/ht17,fortran,free,"mixed regression cases, references, harness, and data",untriaged,untriaged,untriaged,untriaged,untriaged,untriaged,not-run,not-run
non-regressions,nonRegressions/set03/jh01,fortran,free,"mixed regression cases, references, harness, and data",untriaged,untriaged,untriaged,untriaged,untriaged,untriaged,not-run,not-run
non-regressions,nonRegressions/set03/jh02,fortran,free,"mixed regression cases, references, harness, and data",untriaged,untriaged,untriaged,untriaged,untriaged,untriaged,not-run,not-run
non-regressions,nonRegressions/set03/lh001,fortran,free,"mixed regression cases, references, harness, and data",untriaged,untriaged,untriaged,untriaged,untriaged,untriaged,not-run,not-run
non-regressions,nonRegressions/set03/lh002,fortran,free,"mixed regression cases, references, harness, and data",untriaged,untriaged,untriaged,untriaged,untriaged,untriaged,not-run,not-run
non-regressions,nonRegressions/set03/lh003,fortran,free,"mixed regression cases, references, harness, and data",untriaged,untriaged,untriaged,untriaged,untriaged,untriaged,not-run,not-run
non-regressions,nonRegressions/set03/lh004,fortran,free,"mixed regression cases, references, harness, and data",untriaged,untriaged,untriaged,untriaged,untriaged,untriaged,not-run,not-run
non-regressions,nonRegressions/set03/lh005,fortran,free,"mixed regression cases, references, harness, and data",untriaged,untriaged,untriaged,untriaged,untriaged,untriaged,not-run,not-run
non-regressions,nonRegressions/set03/lh006,fortran,free,"mixed regression cases, references, harness, and data",untriaged,untriaged,untriaged,untriaged,untriaged,untriaged,not-run,not-run
non-regressions,nonRegressions/set03/lh007,fortran,free,"mixed regression cases, references, harness, and data",untriaged,untriaged,untriaged,untriaged,untriaged,untriaged,not-run,not-run
non-regressions,nonRegressions/set03/lh008,fortran,free,"mixed regression cases, references, harness, and data",untriaged,untriaged,untriaged,untriaged,untriaged,untriaged,not-run,not-run
non-regressions,nonRegressions/set03/lh009,fortran,free,"mixed regression cases, references, harness, and data",untriaged,untriaged,untriaged,untriaged,untriaged,untriaged,not-run,not-run
non-regressions,nonRegressions/set03/lh010,fortran,free,"mixed regression cases, references, harness, and data",untriaged,untriaged,untriaged,untriaged,untriaged,untriaged,not-run,not-run
non-regressions,nonRegressions/set03/lh011,fortran,free,"mixed regression cases, references, harness, and data",untriaged,untriaged,untriaged,untriaged,untriaged,untriaged,not-run,not-run
non-regressions,nonRegressions/set03/lh012,fortran,free,"mixed regression cases, references, harness, and data",untriaged,untriaged,untriaged,untriaged,untriaged,untriaged,not-run,not-run
non-regressions,nonRegressions/set03/lh013,fortran,free,"mixed regression cases, references, harness, and data",untriaged,untriaged,untriaged,untriaged,untriaged,untriaged,not-run,not-run
non-regressions,nonRegressions/set03/lh014,fortran,free,"mixed regression cases, references, harness, and data",untriaged,untriaged,untriaged,untriaged,untriaged,untriaged,not-run,not-run
non-regressions,nonRegressions/set03/lh015,fortran,free,"mixed regression cases, references, harness, and data",untriaged,untriaged,untriaged,untriaged,untriaged,untriaged,not-run,not-run
non-regressions,nonRegressions/set03/lh016,fortran,free,"mixed regression cases, references, harness, and data",untriaged,untriaged,untriaged,untriaged,untriaged,untriaged,not-run,not-run
non-regressions,nonRegressions/set03/lh017,fortran,free,"mixed regression cases, references, harness, and data",untriaged,untriaged,untriaged,untriaged,untriaged,untriaged,not-run,not-run
non-regressions,nonRegressions/set03/lh018,fortran,free,"mixed regression cases, references, harness, and data",untriaged,untriaged,untriaged,untriaged,untriaged,untriaged,not-run,not-run
non-regressions,nonRegressions/set03/lh019,fortran,free,"mixed regression cases, references, harness, and data",untriaged,untriaged,untriaged,untriaged,untriaged,untriaged,not-run,not-run
non-regressions,nonRegressions/set03/lh020,fortran,free,"mixed regression cases, references, harness, and data",untriaged,untriaged,untriaged,untriaged,untriaged,untriaged,not-run,not-run
non-regressions,nonRegressions/set03/lh021,fortran,free,"mixed regression cases, references, harness, and data",untriaged,untriaged,untriaged,untriaged,untriaged,untriaged,not-run,not-run
non-regressions,nonRegressions/set03/lh033,fortran,free,"mixed regression cases, references, harness, and data",untriaged,untriaged,untriaged,untriaged,untriaged,untriaged,not-run,not-run
non-regressions,nonRegressions/set03/lh034,fortran,free,"mixed regression cases, references, harness, and data",untriaged,untriaged,untriaged,untriaged,untriaged,untriaged,not-run,not-run
non-regressions,nonRegressions/set03/lh035,fortran,free,"mixed regression cases, references, harness, and data",untriaged,untriaged,untriaged,untriaged,untriaged,untriaged,not-run,not-run
non-regressions,nonRegressions/set03/lh036,fortran,free,"mixed regression cases, references, harness, and data",untriaged,untriaged,untriaged,untriaged,untriaged,untriaged,not-run,not-run
non-regressions,nonRegressions/set03/lh037,fortran,free,"mixed regression cases, references, harness, and data",untriaged,untriaged,untriaged,untriaged,untriaged,untriaged,not-run,not-run
non-regressions,nonRegressions/set03/lh038,fortran,free,"mixed regression cases, references, harness, and data",untriaged,untriaged,untriaged,untriaged,untriaged,untriaged,not-run,not-run
non-regressions,nonRegressions/set03/lh039,fortran,free,"mixed regression cases, references, harness, and data",untriaged,untriaged,untriaged,untriaged,untriaged,untriaged,not-run,not-run
non-regressions,nonRegressions/set03/lh040,fortran,free,"mixed regression cases, references, harness, and data",untriaged,untriaged,untriaged,untriaged,untriaged,untriaged,not-run,not-run
non-regressions,nonRegressions/set03/lh041,fortran,free,"mixed regression cases, references, harness, and data",untriaged,untriaged,untriaged,untriaged,untriaged,untriaged,not-run,not-run
non-regressions,nonRegressions/set03/lh042,fortran,free,"mixed regression cases, references, harness, and data",untriaged,untriaged,untriaged,untriaged,untriaged,untriaged,not-run,not-run
non-regressions,nonRegressions/set03/lh043,fortran,free,"mixed regression cases, references, harness, and data",untriaged,untriaged,untriaged,untriaged,untriaged,untriaged,not-run,not-run
non-regressions,nonRegressions/set03/lh044,fortran,free,"mixed regression cases, references, harness, and data",untriaged,untriaged,untriaged,untriaged,untriaged,untriaged,not-run,not-run
non-regressions,nonRegressions/set03/lh045,fortran,free,"mixed regression cases, references, harness, and data",untriaged,untriaged,untriaged,untriaged,untriaged,untriaged,not-run,not-run
non-regressions,nonRegressions/set03/lh046,fortran,free,"mixed regression cases, references, harness, and data",untriaged,untriaged,untriaged,untriaged,untriaged,untriaged,not-run,not-run
non-regressions,nonRegressions/set03/lh047,fortran,free,"mixed regression cases, references, harness, and data",untriaged,untriaged,untriaged,untriaged,untriaged,untriaged,not-run,not-run
non-regressions,nonRegressions/set03/lh048,fortran,free,"mixed regression cases, references, harness, and data",untriaged,untriaged,untriaged,untriaged,untriaged,untriaged,not-run,not-run
non-regressions,nonRegressions/set03/lh049,fortran,free,"mixed regression cases, references, harness, and data",untriaged,untriaged,untriaged,untriaged,untriaged,untriaged,not-run,not-run
non-regressions,nonRegressions/set03/lh050,fortran,free,"mixed regression cases, references, harness, and data",untriaged,untriaged,untriaged,untriaged,untriaged,untriaged,not-run,not-run
non-regressions,nonRegressions/set03/lh051,fortran,free,"mixed regression cases, references, harness, and data",untriaged,untriaged,untriaged,untriaged,untriaged,untriaged,not-run,not-run
non-regressions,nonRegressions/set03/lh052,fortran,free,"mixed regression cases, references, harness, and data",untriaged,untriaged,untriaged,untriaged,untriaged,untriaged,not-run,not-run
non-regressions,nonRegressions/set03/lh053,fortran,free,"mixed regression cases, references, harness, and data",untriaged,untriaged,untriaged,untriaged,untriaged,untriaged,not-run,not-run
non-regressions,nonRegressions/set03/lh054,fortran,free,"mixed regression cases, references, harness, and data",untriaged,untriaged,untriaged,untriaged,untriaged,untriaged,not-run,not-run
non-regressions,nonRegressions/set03/lh055,fortran,free,"mixed regression cases, references, harness, and data",untriaged,untriaged,untriaged,untriaged,untriaged,untriaged,not-run,not-run
non-regressions,nonRegressions/set03/lh056,fortran,free,"mixed regression cases, references, harness, and data",untriaged,untriaged,untriaged,untriaged,untriaged,untriaged,not-run,not-run
non-regressions,nonRegressions/set03/lh057,fortran,free,"mixed regression cases, references, harness, and data",untriaged,untriaged,untriaged,untriaged,untriaged,untriaged,not-run,not-run
non-regressions,nonRegressions/set03/lh058,fortran,free,"mixed regression cases, references, harness, and data",untriaged,untriaged,untriaged,untriaged,untriaged,untriaged,not-run,not-run
non-regressions,nonRegressions/set03/lh059,fortran,free,"mixed regression cases, references, harness, and data",untriaged,untriaged,untriaged,untriaged,untriaged,untriaged,not-run,not-run
non-regressions,nonRegressions/set03/lh060,fortran,free,"mixed regression cases, references, harness, and data",untriaged,untriaged,untriaged,untriaged,untriaged,untriaged,not-run,not-run
non-regressions,nonRegressions/set03/lh061,fortran,free,"mixed regression cases, references, harness, and data",untriaged,untriaged,untriaged,untriaged,untriaged,untriaged,not-run,not-run
non-regressions,nonRegressions/set03/lh062,fortran,free,"mixed regression cases, references, harness, and data",untriaged,untriaged,untriaged,untriaged,untriaged,untriaged,not-run,not-run
non-regressions,nonRegressions/set03/lh063,fortran,free,"mixed regression cases, references, harness, and data",untriaged,untriaged,untriaged,untriaged,untriaged,untriaged,not-run,not-run
non-regressions,nonRegressions/set03/lh064,fortran,free,"mixed regression cases, references, harness, and data",untriaged,untriaged,untriaged,untriaged,untriaged,untriaged,not-run,not-run
non-regressions,nonRegressions/set03/lh065,fortran,free,"mixed regression cases, references, harness, and data",untriaged,untriaged,untriaged,untriaged,untriaged,untriaged,not-run,not-run
non-regressions,nonRegressions/set03/lh066,fortran,free,"mixed regression cases, references, harness, and data",untriaged,untriaged,untriaged,untriaged,untriaged,untriaged,not-run,not-run
non-regressions,nonRegressions/set03/lh067,fortran,free,"mixed regression cases, references, harness, and data",untriaged,untriaged,untriaged,untriaged,untriaged,untriaged,not-run,not-run
non-regressions,nonRegressions/set03/lh068,fortran,free,"mixed regression cases, references, harness, and data",untriaged,untriaged,untriaged,untriaged,untriaged,untriaged,not-run,not-run
non-regressions,nonRegressions/set03/lh069,fortran,free,"mixed regression cases, references, harness, and data",untriaged,untriaged,untriaged,untriaged,untriaged,untriaged,not-run,not-run
non-regressions,nonRegressions/set03/lh070,fortran,free,"mixed regression cases, references, harness, and data",untriaged,untriaged,untriaged,untriaged,untriaged,untriaged,not-run,not-run
non-regressions,nonRegressions/set03/lh071,fortran,free,"mixed regression cases, references, harness, and data",untriaged,untriaged,untriaged,untriaged,untriaged,untriaged,not-run,not-run
non-regressions,nonRegressions/set03/lh072,fortran,free,"mixed regression cases, references, harness, and data",untriaged,untriaged,untriaged,untriaged,untriaged,untriaged,not-run,not-run
non-regressions,nonRegressions/set03/lh073,fortran,free,"mixed regression cases, references, harness, and data",untriaged,untriaged,untriaged,untriaged,untriaged,untriaged,not-run,not-run
non-regressions,nonRegressions/set03/lh074,fortran,free,"mixed regression cases, references, harness, and data",untriaged,untriaged,untriaged,untriaged,untriaged,untriaged,not-run,not-run
non-regressions,nonRegressions/set03/lh075,fortran,free,"mixed regression cases, references, harness, and data",untriaged,untriaged,untriaged,untriaged,untriaged,untriaged,not-run,not-run
non-regressions,nonRegressions/set03/lh076,fortran,free,"mixed regression cases, references, harness, and data",untriaged,untriaged,untriaged,untriaged,untriaged,untriaged,not-run,not-run
non-regressions,nonRegressions/set03/lh077,fortran,free,"mixed regression cases, references, harness, and data",untriaged,untriaged,untriaged,untriaged,untriaged,untriaged,not-run,not-run
non-regressions,nonRegressions/set03/lh078,fortran,free,"mixed regression cases, references, harness, and data",untriaged,untriaged,untriaged,untriaged,untriaged,untriaged,not-run,not-run
non-regressions,nonRegressions/set03/lh079,fortran,free,"mixed regression cases, references, harness, and data",untriaged,untriaged,untriaged,untriaged,untriaged,untriaged,not-run,not-run
non-regressions,nonRegressions/set03/lh080,fortran,free,"mixed regression cases, references, harness, and data",untriaged,untriaged,untriaged,untriaged,untriaged,untriaged,not-run,not-run
non-regressions,nonRegressions/set03/lh081,fortran,free,"mixed regression cases, references, harness, and data",untriaged,untriaged,untriaged,untriaged,untriaged,untriaged,not-run,not-run
non-regressions,nonRegressions/set03/lh082,fortran,free,"mixed regression cases, references, harness, and data",untriaged,untriaged,untriaged,untriaged,untriaged,untriaged,not-run,not-run
non-regressions,nonRegressions/set03/lh083,fortran,free,"mixed regression cases, references, harness, and data",untriaged,untriaged,untriaged,untriaged,untriaged,untriaged,not-run,not-run
non-regressions,nonRegressions/set03/lh084,fortran,free,"mixed regression cases, references, harness, and data",untriaged,untriaged,untriaged,untriaged,untriaged,untriaged,not-run,not-run
non-regressions,nonRegressions/set03/lh085,fortran,free,"mixed regression cases, references, harness, and data",untriaged,untriaged,untriaged,untriaged,untriaged,untriaged,not-run,not-run
non-regressions,nonRegressions/set03/lh086,fortran,free,"mixed regression cases, references, harness, and data",untriaged,untriaged,untriaged,untriaged,untriaged,untriaged,not-run,not-run
non-regressions,nonRegressions/set03/lh087,fortran,free,"mixed regression cases, references, harness, and data",untriaged,untriaged,untriaged,untriaged,untriaged,untriaged,not-run,not-run
non-regressions,nonRegressions/set03/lh088,fortran,free,"mixed regression cases, references, harness, and data",untriaged,untriaged,untriaged,untriaged,untriaged,untriaged,not-run,not-run
non-regressions,nonRegressions/set03/lh089,fortran,free,"mixed regression cases, references, harness, and data",untriaged,untriaged,untriaged,untriaged,untriaged,untriaged,not-run,not-run
non-regressions,nonRegressions/set03/lh090,fortran,free,"mixed regression cases, references, harness, and data",untriaged,untriaged,untriaged,untriaged,untriaged,untriaged,not-run,not-run
non-regressions,nonRegressions/set03/lh091,fortran,free,"mixed regression cases, references, harness, and data",untriaged,untriaged,untriaged,untriaged,untriaged,untriaged,not-run,not-run
non-regressions,nonRegressions/set03/lh092,fortran,free,"mixed regression cases, references, harness, and data",untriaged,untriaged,untriaged,untriaged,untriaged,untriaged,not-run,not-run
non-regressions,nonRegressions/set03/lh093,fortran,free,"mixed regression cases, references, harness, and data",untriaged,untriaged,untriaged,untriaged,untriaged,untriaged,not-run,not-run
non-regressions,nonRegressions/set03/lh094,fortran,free,"mixed regression cases, references, harness, and data",untriaged,untriaged,untriaged,untriaged,untriaged,untriaged,not-run,not-run
non-regressions,nonRegressions/set03/lh095,fortran,free,"mixed regression cases, references, harness, and data",untriaged,untriaged,untriaged,untriaged,untriaged,untriaged,not-run,not-run
non-regressions,nonRegressions/set03/lh096,fortran,free,"mixed regression cases, references, harness, and data",untriaged,untriaged,untriaged,untriaged,untriaged,untriaged,not-run,not-run
non-regressions,nonRegressions/set03/lh097,fortran,free,"mixed regression cases, references, harness, and data",untriaged,untriaged,untriaged,untriaged,untriaged,untriaged,not-run,not-run
non-regressions,nonRegressions/set03/lh098,fortran,free,"mixed regression cases, references, harness, and data",untriaged,untriaged,untriaged,untriaged,untriaged,untriaged,not-run,not-run
non-regressions,nonRegressions/set03/lh099,fortran,free,"mixed regression cases, references, harness, and data",untriaged,untriaged,untriaged,untriaged,untriaged,untriaged,not-run,not-run
non-regressions,nonRegressions/set04/lh100,fortran,free,"mixed regression cases, references, harness, and data",untriaged,untriaged,untriaged,untriaged,untriaged,untriaged,not-run,not-run
non-regressions,nonRegressions/set04/lh101,fortran,free,"mixed regression cases, references, harness, and data",untriaged,untriaged,untriaged,untriaged,untriaged,untriaged,not-run,not-run
non-regressions,nonRegressions/set04/lh102,fortran,free,"mixed regression cases, references, harness, and data",untriaged,untriaged,untriaged,untriaged,untriaged,untriaged,not-run,not-run
non-regressions,nonRegressions/set04/lh103,fortran,free,"mixed regression cases, references, harness, and data",untriaged,untriaged,untriaged,untriaged,untriaged,untriaged,not-run,not-run
non-regressions,nonRegressions/set04/lh104,fortran,free,"mixed regression cases, references, harness, and data",untriaged,untriaged,untriaged,untriaged,untriaged,untriaged,not-run,not-run
non-regressions,nonRegressions/set04/lh105,fortran,free,"mixed regression cases, references, harness, and data",untriaged,untriaged,untriaged,untriaged,untriaged,untriaged,not-run,not-run
non-regressions,nonRegressions/set04/lh106,fortran,free,"mixed regression cases, references, harness, and data",untriaged,untriaged,untriaged,untriaged,untriaged,untriaged,not-run,not-run
non-regressions,nonRegressions/set04/lh107,fortran,free,"mixed regression cases, references, harness, and data",untriaged,untriaged,untriaged,untriaged,untriaged,untriaged,not-run,not-run
non-regressions,nonRegressions/set04/lh108,fortran,free,"mixed regression cases, references, harness, and data",untriaged,untriaged,untriaged,untriaged,untriaged,untriaged,not-run,not-run
non-regressions,nonRegressions/set04/lh109,fortran,free,"mixed regression cases, references, harness, and data",untriaged,untriaged,untriaged,untriaged,untriaged,untriaged,not-run,not-run
non-regressions,nonRegressions/set04/lh110,fortran,free,"mixed regression cases, references, harness, and data",runnable-ported,"foo(x,y); port set04_lh110(x,y)",none,forward|reverse:y,strict-compiler|fresh-Tapenade-parser-tangent-reverse-compile|hand|central-difference-sweep|adjoint-identity,"bounded port preserves the active storage/dataflow chain with explicit lifetime",pass-fresh-parser-tangent-reverse-generation-generated-compile,pass-transform-compile-runtime
non-regressions,nonRegressions/set04/lh111,fortran,free,"mixed regression cases, references, harness, and data",unsupported-fortad-pointer-alias-lifetime,allocg,-p/-root-allocg|-d/-root-allocg|-b/-root-allocg,parser|forward|reverse,independent-pointer-field-propagation-and-refusal-boundary-pass|no-derivative-support-claim,none-reported; compiler-clean; modern-feature-score=130; exact-source-reference-sha256-in-case-result,pass-parser-forward-reverse-no-active-input-output-message,refused-parser-forward-reverse-pointer-association-storage-identity
non-regressions,nonRegressions/set04/lh112,fortran,free,"mixed regression cases, references, harness, and data",untriaged,untriaged,untriaged,untriaged,untriaged,untriaged,not-run,not-run
non-regressions,nonRegressions/set04/lh113,fortran,free,"mixed regression cases, references, harness, and data",untriaged,untriaged,untriaged,untriaged,untriaged,untriaged,not-run,not-run
non-regressions,nonRegressions/set04/lh114,fortran,free,"mixed regression cases, references, harness, and data",untriaged,untriaged,untriaged,untriaged,untriaged,untriaged,not-run,not-run
non-regressions,nonRegressions/set04/lh115,fortran,free,"mixed regression cases, references, harness, and data",untriaged,untriaged,untriaged,untriaged,untriaged,untriaged,not-run,not-run
non-regressions,nonRegressions/set04/lh116,fortran,free,"mixed regression cases, references, harness, and data",untriaged,untriaged,untriaged,untriaged,untriaged,untriaged,not-run,not-run
non-regressions,nonRegressions/set04/lh117,fortran,free,"mixed regression cases, references, harness, and data",untriaged,untriaged,untriaged,untriaged,untriaged,untriaged,not-run,not-run
non-regressions,nonRegressions/set04/lh118,fortran,free,"mixed regression cases, references, harness, and data",untriaged,untriaged,untriaged,untriaged,untriaged,untriaged,not-run,not-run
non-regressions,nonRegressions/set04/lh119,fortran,free,"mixed regression cases, references, harness, and data",untriaged,untriaged,untriaged,untriaged,untriaged,untriaged,not-run,not-run
non-regressions,nonRegressions/set04/lh120,fortran,free,"mixed regression cases, references, harness, and data",untriaged,untriaged,untriaged,untriaged,untriaged,untriaged,not-run,not-run
non-regressions,nonRegressions/set04/lh121,fortran,free,"mixed regression cases, references, harness, and data",untriaged,untriaged,untriaged,untriaged,untriaged,untriaged,not-run,not-run
non-regressions,nonRegressions/set04/lh122,fortran,free,"mixed regression cases, references, harness, and data",untriaged,untriaged,untriaged,untriaged,untriaged,untriaged,not-run,not-run
non-regressions,nonRegressions/set04/lh123,fortran,free,"mixed regression cases, references, harness, and data",untriaged,untriaged,untriaged,untriaged,untriaged,untriaged,not-run,not-run
non-regressions,nonRegressions/set04/lh124,fortran,free,"mixed regression cases, references, harness, and data",untriaged,untriaged,untriaged,untriaged,untriaged,untriaged,not-run,not-run
non-regressions,nonRegressions/set04/lh125,fortran,free,"mixed regression cases, references, harness, and data",untriaged,untriaged,untriaged,untriaged,untriaged,untriaged,not-run,not-run
non-regressions,nonRegressions/set04/lh126,fortran,free,"mixed regression cases, references, harness, and data",untriaged,untriaged,untriaged,untriaged,untriaged,untriaged,not-run,not-run
non-regressions,nonRegressions/set04/lh127,fortran,free,"mixed regression cases, references, harness, and data",untriaged,untriaged,untriaged,untriaged,untriaged,untriaged,not-run,not-run
non-regressions,nonRegressions/set04/lh128,fortran,free,"mixed regression cases, references, harness, and data",expected-refusal,"test(w)",-p/-root-test|-d/-root-test|-b/-root-test,forward|reverse:w,strict-compiler|fresh-Tapenade-parser-tangent-reverse-compile|central-difference-JVP|FortAD-generated-reverse-compile-refusal,none,pass-fresh-parser-tangent-reverse-generation-generated-strict-compile,pass-forward-transform-compile-reverse-generated-compile-refusal-duplicate-w_b
non-regressions,nonRegressions/set04/lh129,fortran,free,"mixed regression cases, references, harness, and data",untriaged,untriaged,untriaged,untriaged,untriaged,untriaged,not-run,not-run
non-regressions,nonRegressions/set04/lh130,fortran,free,"mixed regression cases, references, harness, and data",untriaged,untriaged,untriaged,untriaged,untriaged,untriaged,not-run,not-run
non-regressions,nonRegressions/set04/lh131,fortran,free,"mixed regression cases, references, harness, and data",untriaged,untriaged,untriaged,untriaged,untriaged,untriaged,not-run,not-run
non-regressions,nonRegressions/set04/lh132,fortran,free,"mixed regression cases, references, harness, and data",untriaged,untriaged,untriaged,untriaged,untriaged,untriaged,not-run,not-run
non-regressions,nonRegressions/set04/lh133,fortran,free,"mixed regression cases, references, harness, and data",untriaged,untriaged,untriaged,untriaged,untriaged,untriaged,not-run,not-run
non-regressions,nonRegressions/set04/lh134,fortran,free,"mixed regression cases, references, harness, and data",untriaged,untriaged,untriaged,untriaged,untriaged,untriaged,not-run,not-run
non-regressions,nonRegressions/set04/lh135,fortran,free,"mixed regression cases, references, harness, and data",untriaged,untriaged,untriaged,untriaged,untriaged,untriaged,not-run,not-run
non-regressions,nonRegressions/set04/lh136,fortran,free,"mixed regression cases, references, harness, and data",untriaged,untriaged,untriaged,untriaged,untriaged,untriaged,not-run,not-run
non-regressions,nonRegressions/set04/lh137,fortran,free,"mixed regression cases, references, harness, and data",untriaged,untriaged,untriaged,untriaged,untriaged,untriaged,not-run,not-run
non-regressions,nonRegressions/set04/lh138,fortran,free,"mixed regression cases, references, harness, and data",untriaged,untriaged,untriaged,untriaged,untriaged,untriaged,not-run,not-run
non-regressions,nonRegressions/set04/lh139,fortran,free,"mixed regression cases, references, harness, and data",untriaged,untriaged,untriaged,untriaged,untriaged,untriaged,not-run,not-run
non-regressions,nonRegressions/set04/lh140,fortran,free,"mixed regression cases, references, harness, and data",unsupported-fortad-pointer-alias-lifetime,compute,-p/-root-compute|-d/-root-compute|-b/-root-compute,parser|forward|reverse,independent-pointer-graph-primal-and-refusal-boundary-pass|no-derivative-support-claim,"none-reported; compiler-clean; modern-feature-score=194; exact-source-reference-sha256-in-case-result",pass-parser-forward-reverse-products,refused-parser-forward-reverse-pointer-association-storage-identity
non-regressions,nonRegressions/set04/lh141,fortran,free,"mixed regression cases, references, harness, and data",untriaged,untriaged,untriaged,untriaged,untriaged,untriaged,not-run,not-run
non-regressions,nonRegressions/set04/lh142,fortran,free,"mixed regression cases, references, harness, and data",untriaged,untriaged,untriaged,untriaged,untriaged,untriaged,not-run,not-run
non-regressions,nonRegressions/set04/lh143,fortran,free,"mixed regression cases, references, harness, and data",untriaged,untriaged,untriaged,untriaged,untriaged,untriaged,not-run,not-run
non-regressions,nonRegressions/set04/lh144,fortran,free,"mixed regression cases, references, harness, and data",untriaged,untriaged,untriaged,untriaged,untriaged,untriaged,not-run,not-run
non-regressions,nonRegressions/set04/lh145,fortran,free,"mixed regression cases, references, harness, and data",untriaged,untriaged,untriaged,untriaged,untriaged,untriaged,not-run,not-run
non-regressions,nonRegressions/set04/lh146,fortran,free,"mixed regression cases, references, harness, and data",untriaged,untriaged,untriaged,untriaged,untriaged,untriaged,not-run,not-run
non-regressions,nonRegressions/set04/lh147,fortran,free,"mixed regression cases, references, harness, and data",untriaged,untriaged,untriaged,untriaged,untriaged,untriaged,not-run,not-run
non-regressions,nonRegressions/set04/lh148,fortran,free,"mixed regression cases, references, harness, and data",runnable-ported,"toto(a,b,c,d); exact source",-p/-root-toto|-d/-root-toto|-b/-root-toto,parser|forward|reverse:d,strict-compiler|fresh-Tapenade-parser-tangent-reverse-compile|FortAD-forward-reverse-transform-strict-compile|independent-hand-JVP-VJP|central-difference-sweep|adjoint-identity|upstream-source-SHA-256-contract,"same-file module1/module2/module3 source; no external dependency",pass-fresh-parser-tangent-reverse-generation-generated-strict-compile,pass-forward-reverse-transform-strict-compile-runtime
non-regressions,nonRegressions/set04/lh149,fortran,free,"mixed regression cases, references, harness, and data",untriaged,untriaged,untriaged,untriaged,untriaged,untriaged,not-run,not-run
non-regressions,nonRegressions/set04/lh150,fortran,free,"mixed regression cases, references, harness, and data",untriaged,untriaged,untriaged,untriaged,untriaged,untriaged,not-run,not-run
non-regressions,nonRegressions/set04/lh151,fortran,free,"mixed regression cases, references, harness, and data",expected-refusal,"MUL(A,B,C)",-p/-root-MUL|-d/-root-MUL|-b/-root-MUL,forward|reverse:C,strict-compiler|fresh-Tapenade-parser-tangent-reverse-compile|hand-complex-JVP|central-difference-JVP|FortAD-diagnostic,none,pass-fresh-parser-tangent-reverse-generation-generated-strict-compile,pass-forward-transform-compile-reverse-expected-refusal-loop-boundary
non-regressions,nonRegressions/set04/lh152,fortran,free,"mixed regression cases, references, harness, and data",runnable-ported,"SATVAP(temp2,eval)",-p/-root-SATVAP|-d/-root-SATVAP|-b/-root-SATVAP,forward|reverse:eval,strict-compiler|fresh-Tapenade-parser-tangent-reverse-compile|central-difference-sweep|reverse-adjoint-scalar,none,pass-fresh-parser-tangent-reverse-generation-generated-strict-compile,pass-forward-reverse-transform-compile-runtime
non-regressions,nonRegressions/set04/lh153,fortran,free,"mixed regression cases, references, harness, and data",untriaged,untriaged,untriaged,untriaged,untriaged,untriaged,not-run,not-run
non-regressions,nonRegressions/set04/lh154,fortran,free,"mixed regression cases, references, harness, and data",untriaged,untriaged,untriaged,untriaged,untriaged,untriaged,not-run,not-run
non-regressions,nonRegressions/set04/lh155,fortran,free,"mixed regression cases, references, harness, and data",untriaged,untriaged,untriaged,untriaged,untriaged,untriaged,not-run,not-run
non-regressions,nonRegressions/set04/lh156,fortran,free,"mixed regression cases, references, harness, and data",untriaged,untriaged,untriaged,untriaged,untriaged,untriaged,not-run,not-run
non-regressions,nonRegressions/set04/lh157,fortran,free,"mixed regression cases, references, harness, and data",untriaged,untriaged,untriaged,untriaged,untriaged,untriaged,not-run,not-run
non-regressions,nonRegressions/set04/lh158,fortran,free,"mixed regression cases, references, harness, and data",untriaged,untriaged,untriaged,untriaged,untriaged,untriaged,not-run,not-run
non-regressions,nonRegressions/set04/lh159,fortran,free,"mixed regression cases, references, harness, and data",unsupported-fortad-allocatable-derived-component,tapenadetestcollection,-p/-root-tapenadetestcollection|-d/-root-tapenadetestcollection|-b/-root-tapenadetestcollection,parser|forward|reverse,independent-component-arithmetic-and-central-difference-oracle-pass|no-derivative-support-claim,"none-reported; compiler-clean; exact-source-reference-sha256-in-case-result",pass-parser-forward-reverse-products,refused-parser-forward-reverse-allocatable-derived-component-ownership
non-regressions,nonRegressions/set04/lh160,fortran,free,"mixed regression cases, references, harness, and data",untriaged,untriaged,untriaged,untriaged,untriaged,untriaged,not-run,not-run
non-regressions,nonRegressions/set04/lh161,fortran,free,"mixed regression cases, references, harness, and data",untriaged,untriaged,untriaged,untriaged,untriaged,untriaged,not-run,not-run
non-regressions,nonRegressions/set04/lh162,fortran,free,"mixed regression cases, references, harness, and data",untriaged,untriaged,untriaged,untriaged,untriaged,untriaged,not-run,not-run
non-regressions,nonRegressions/set04/lh163,fortran,free,"mixed regression cases, references, harness, and data",untriaged,untriaged,untriaged,untriaged,untriaged,untriaged,not-run,not-run
non-regressions,nonRegressions/set04/lh164,fortran,free,"mixed regression cases, references, harness, and data",untriaged,untriaged,untriaged,untriaged,untriaged,untriaged,not-run,not-run
non-regressions,nonRegressions/set04/lh165,fortran,free,"mixed regression cases, references, harness, and data",untriaged,untriaged,untriaged,untriaged,untriaged,untriaged,not-run,not-run
non-regressions,nonRegressions/set04/lh166,fortran,free,"mixed regression cases, references, harness, and data",untriaged,untriaged,untriaged,untriaged,untriaged,untriaged,not-run,not-run
non-regressions,nonRegressions/set04/lh167,fortran,free,"mixed regression cases, references, harness, and data",untriaged,untriaged,untriaged,untriaged,untriaged,untriaged,not-run,not-run
non-regressions,nonRegressions/set04/lh168,fortran,free,"mixed regression cases, references, harness, and data",untriaged,untriaged,untriaged,untriaged,untriaged,untriaged,not-run,not-run
non-regressions,nonRegressions/set04/lh169,fortran,free,"mixed regression cases, references, harness, and data",untriaged,untriaged,untriaged,untriaged,untriaged,untriaged,not-run,not-run
non-regressions,nonRegressions/set04/lh170,fortran,free,"mixed regression cases, references, harness, and data",untriaged,untriaged,untriaged,untriaged,untriaged,untriaged,not-run,not-run
non-regressions,nonRegressions/set04/lh171,fortran,free,"mixed regression cases, references, harness, and data",untriaged,untriaged,untriaged,untriaged,untriaged,untriaged,not-run,not-run
non-regressions,nonRegressions/set04/lh172,fortran,free,"mixed regression cases, references, harness, and data",untriaged,untriaged,untriaged,untriaged,untriaged,untriaged,not-run,not-run
non-regressions,nonRegressions/set04/lh173,fortran,free,"mixed regression cases, references, harness, and data",untriaged,untriaged,untriaged,untriaged,untriaged,untriaged,not-run,not-run
non-regressions,nonRegressions/set04/lh174,fortran,free,"mixed regression cases, references, harness, and data",untriaged,untriaged,untriaged,untriaged,untriaged,untriaged,not-run,not-run
non-regressions,nonRegressions/set04/lh175,fortran,free,"mixed regression cases, references, harness, and data",untriaged,untriaged,untriaged,untriaged,untriaged,untriaged,not-run,not-run
non-regressions,nonRegressions/set04/lh176,fortran,free,"mixed regression cases, references, harness, and data",untriaged,untriaged,untriaged,untriaged,untriaged,untriaged,not-run,not-run
non-regressions,nonRegressions/set04/lh177,fortran,free,"mixed regression cases, references, harness, and data",untriaged,untriaged,untriaged,untriaged,untriaged,untriaged,not-run,not-run
non-regressions,nonRegressions/set04/lh178,fortran,free,"mixed regression cases, references, harness, and data",untriaged,untriaged,untriaged,untriaged,untriaged,untriaged,not-run,not-run
non-regressions,nonRegressions/set04/lh179,fortran,free,"mixed regression cases, references, harness, and data",untriaged,untriaged,untriaged,untriaged,untriaged,untriaged,not-run,not-run
non-regressions,nonRegressions/set04/lh180,fortran,free,"mixed regression cases, references, harness, and data",untriaged,untriaged,untriaged,untriaged,untriaged,untriaged,not-run,not-run
non-regressions,nonRegressions/set04/lh181,fortran,free,"mixed regression cases, references, harness, and data",untriaged,untriaged,untriaged,untriaged,untriaged,untriaged,not-run,not-run
non-regressions,nonRegressions/set04/lh182,fortran,free,"mixed regression cases, references, harness, and data",untriaged,untriaged,untriaged,untriaged,untriaged,untriaged,not-run,not-run
non-regressions,nonRegressions/set04/lh183,fortran,free,"mixed regression cases, references, harness, and data",untriaged,untriaged,untriaged,untriaged,untriaged,untriaged,not-run,not-run
non-regressions,nonRegressions/set04/lh184,fortran,free,"mixed regression cases, references, harness, and data",untriaged,untriaged,untriaged,untriaged,untriaged,untriaged,not-run,not-run
non-regressions,nonRegressions/set04/lh185,fortran,free,"mixed regression cases, references, harness, and data",untriaged,untriaged,untriaged,untriaged,untriaged,untriaged,not-run,not-run
non-regressions,nonRegressions/set04/lh186,fortran,free,"mixed regression cases, references, harness, and data",untriaged,untriaged,untriaged,untriaged,untriaged,untriaged,not-run,not-run
non-regressions,nonRegressions/set04/lh187,fortran,free,"mixed regression cases, references, harness, and data",untriaged,untriaged,untriaged,untriaged,untriaged,untriaged,not-run,not-run
non-regressions,nonRegressions/set04/lh188,fortran,free,"mixed regression cases, references, harness, and data",untriaged,untriaged,untriaged,untriaged,untriaged,untriaged,not-run,not-run
non-regressions,nonRegressions/set04/lh189,fortran,free,"mixed regression cases, references, harness, and data",untriaged,untriaged,untriaged,untriaged,untriaged,untriaged,not-run,not-run
non-regressions,nonRegressions/set04/lh190,fortran,free,"mixed regression cases, references, harness, and data",untriaged,untriaged,untriaged,untriaged,untriaged,untriaged,not-run,not-run
non-regressions,nonRegressions/set04/lh191,fortran,free,"mixed regression cases, references, harness, and data",untriaged,untriaged,untriaged,untriaged,untriaged,untriaged,not-run,not-run
non-regressions,nonRegressions/set04/lh192,fortran,free,"mixed regression cases, references, harness, and data",untriaged,untriaged,untriaged,untriaged,untriaged,untriaged,not-run,not-run
non-regressions,nonRegressions/set04/lh193,fortran,free,"mixed regression cases, references, harness, and data",untriaged,untriaged,untriaged,untriaged,untriaged,untriaged,not-run,not-run
non-regressions,nonRegressions/set04/lh194,fortran,free,"mixed regression cases, references, harness, and data",untriaged,untriaged,untriaged,untriaged,untriaged,untriaged,not-run,not-run
non-regressions,nonRegressions/set04/lh195,fortran,free,"mixed regression cases, references, harness, and data",untriaged,untriaged,untriaged,untriaged,untriaged,untriaged,not-run,not-run
non-regressions,nonRegressions/set04/lh196,fortran,free,"mixed regression cases, references, harness, and data",untriaged,untriaged,untriaged,untriaged,untriaged,untriaged,not-run,not-run
non-regressions,nonRegressions/set04/lh197,fortran,free,"mixed regression cases, references, harness, and data",untriaged,untriaged,untriaged,untriaged,untriaged,untriaged,not-run,not-run
non-regressions,nonRegressions/set04/lh198,fortran,free,"mixed regression cases, references, harness, and data",untriaged,untriaged,untriaged,untriaged,untriaged,untriaged,not-run,not-run
non-regressions,nonRegressions/set04/lh199,fortran,free,"mixed regression cases, references, harness, and data",untriaged,untriaged,untriaged,untriaged,untriaged,untriaged,not-run,not-run
non-regressions,nonRegressions/set04/mm01,fortran,free,"mixed regression cases, references, harness, and data",untriaged,untriaged,untriaged,untriaged,untriaged,untriaged,not-run,not-run
non-regressions,nonRegressions/set04/mm02,fortran,free,"mixed regression cases, references, harness, and data",untriaged,untriaged,untriaged,untriaged,untriaged,untriaged,not-run,not-run
non-regressions,nonRegressions/set04/mm03,fortran,free,"mixed regression cases, references, harness, and data",untriaged,untriaged,untriaged,untriaged,untriaged,untriaged,not-run,not-run
non-regressions,nonRegressions/set04/ptr01,fortran,free,"mixed regression cases, references, harness, and data",untriaged,untriaged,untriaged,untriaged,untriaged,untriaged,not-run,not-run
non-regressions,nonRegressions/set04/ptr02,fortran,free,"mixed regression cases, references, harness, and data",untriaged,untriaged,untriaged,untriaged,untriaged,untriaged,not-run,not-run
non-regressions,nonRegressions/set04/ptr03,fortran,free,"mixed regression cases, references, harness, and data",untriaged,untriaged,untriaged,untriaged,untriaged,untriaged,not-run,not-run
non-regressions,nonRegressions/set04/ptr05,fortran,free,"mixed regression cases, references, harness, and data",untriaged,untriaged,untriaged,untriaged,untriaged,untriaged,not-run,not-run
non-regressions,nonRegressions/set04/ptr06,fortran,free,"mixed regression cases, references, harness, and data",untriaged,untriaged,untriaged,untriaged,untriaged,untriaged,not-run,not-run
non-regressions,nonRegressions/set04/ptr07,fortran,free,"mixed regression cases, references, harness, and data",unsupported-fortad-recursive-pointer-ownership,remove,-p/-root-remove|-d/-root-remove|-b/-root-remove,parser|forward|reverse,independent-recursive-pointer-tree-primal-and-refusal-boundary-pass|no-derivative-support-claim,"none-reported; compiler-clean; modern-feature-score=195; exact-source-reference-sha256-in-case-result",pass-parser-forward-reverse-products,refused-parser-forward-reverse-recursive-pointer-ownership
non-regressions,nonRegressions/set04/ptr08,fortran,free,"mixed regression cases, references, harness, and data",unsupported-fortad-recursive-pointer-ownership,remove,-p/-root-remove|-d/-root-remove|-b/-root-remove,parser|forward|reverse,independent-recursive-pointer-tree-primal-and-refusal-boundary-pass|no-derivative-support-claim,"none-reported; compiler-clean; modern-feature-score=197; exact-source-reference-sha256-in-case-result",pass-parser-forward-reverse-products,refused-parser-forward-reverse-recursive-pointer-ownership
non-regressions,nonRegressions/set04/ptr09,fortran,free,"mixed regression cases, references, harness, and data",untriaged,untriaged,untriaged,untriaged,untriaged,untriaged,not-run,not-run
non-regressions,nonRegressions/set04/ptr10,fortran,free,"mixed regression cases, references, harness, and data",untriaged,untriaged,untriaged,untriaged,untriaged,untriaged,not-run,not-run
non-regressions,nonRegressions/set04/tber01,fortran,free,"mixed regression cases, references, harness, and data",untriaged,untriaged,untriaged,untriaged,untriaged,untriaged,not-run,not-run
non-regressions,nonRegressions/set04/v001,fortran,free,"mixed regression cases, references, harness, and data",untriaged,untriaged,untriaged,untriaged,untriaged,untriaged,not-run,not-run
non-regressions,nonRegressions/set04/v002,fortran,free,"mixed regression cases, references, harness, and data",untriaged,untriaged,untriaged,untriaged,untriaged,untriaged,not-run,not-run
non-regressions,nonRegressions/set04/v003,fortran,free,"mixed regression cases, references, harness, and data",untriaged,untriaged,untriaged,untriaged,untriaged,untriaged,not-run,not-run
non-regressions,nonRegressions/set04/v004,fortran,free,"mixed regression cases, references, harness, and data",untriaged,untriaged,untriaged,untriaged,untriaged,untriaged,not-run,not-run
non-regressions,nonRegressions/set04/v005,fortran,free,"mixed regression cases, references, harness, and data",untriaged,untriaged,untriaged,untriaged,untriaged,untriaged,not-run,not-run
non-regressions,nonRegressions/set04/v006,fortran,free,"mixed regression cases, references, harness, and data",untriaged,untriaged,untriaged,untriaged,untriaged,untriaged,not-run,not-run
non-regressions,nonRegressions/set04/v007,fortran,free,"mixed regression cases, references, harness, and data",untriaged,untriaged,untriaged,untriaged,untriaged,untriaged,not-run,not-run
non-regressions,nonRegressions/set04/v008,fortran,free,"mixed regression cases, references, harness, and data",untriaged,untriaged,untriaged,untriaged,untriaged,untriaged,not-run,not-run
non-regressions,nonRegressions/set04/v009,fortran,free,"mixed regression cases, references, harness, and data",untriaged,untriaged,untriaged,untriaged,untriaged,untriaged,not-run,not-run
non-regressions,nonRegressions/set04/v010,fortran,free,"mixed regression cases, references, harness, and data",untriaged,untriaged,untriaged,untriaged,untriaged,untriaged,not-run,not-run
non-regressions,nonRegressions/set04/v011,fortran,free,"mixed regression cases, references, harness, and data",untriaged,untriaged,untriaged,untriaged,untriaged,untriaged,not-run,not-run
non-regressions,nonRegressions/set04/v012,fortran,free,"mixed regression cases, references, harness, and data",untriaged,untriaged,untriaged,untriaged,untriaged,untriaged,not-run,not-run
non-regressions,nonRegressions/set04/v013,fortran,free,"mixed regression cases, references, harness, and data",untriaged,untriaged,untriaged,untriaged,untriaged,untriaged,not-run,not-run
non-regressions,nonRegressions/set04/v014,fortran,free,"mixed regression cases, references, harness, and data",untriaged,untriaged,untriaged,untriaged,untriaged,untriaged,not-run,not-run
non-regressions,nonRegressions/set04/v015,fortran,free,"mixed regression cases, references, harness, and data",untriaged,untriaged,untriaged,untriaged,untriaged,untriaged,not-run,not-run
non-regressions,nonRegressions/set04/v016,fortran,free,"mixed regression cases, references, harness, and data",untriaged,untriaged,untriaged,untriaged,untriaged,untriaged,not-run,not-run
non-regressions,nonRegressions/set04/v017,fortran,free,"mixed regression cases, references, harness, and data",expected-refusal,"none (module Z only)",-p|-d/-b-no-root,parser|forward:no-root|reverse:no-root,strict-compiler|fresh-Tapenade-parser-tangent-reverse-generation|independent-module-declaration-oracle|upstream-source-SHA-256-contract,"module-only source with COMMON /vars/; no executable unit or selected procedure",parser-generated-strict-compile-refusal-tangent-reverse-no-root-messages,not-applicable-no-entry-point
non-regressions,nonRegressions/set04/v018,fortran,free,"mixed regression cases, references, harness, and data",untriaged,untriaged,untriaged,untriaged,untriaged,untriaged,not-run,not-run
non-regressions,nonRegressions/set04/v019,fortran,free,"mixed regression cases, references, harness, and data",untriaged,untriaged,untriaged,untriaged,untriaged,untriaged,not-run,not-run
non-regressions,nonRegressions/set04/v020,fortran,free,"mixed regression cases, references, harness, and data",untriaged,untriaged,untriaged,untriaged,untriaged,untriaged,not-run,not-run
non-regressions,nonRegressions/set04/v021,fortran,free,"mixed regression cases, references, harness, and data",untriaged,untriaged,untriaged,untriaged,untriaged,untriaged,not-run,not-run
non-regressions,nonRegressions/set04/v022,fortran,free,"mixed regression cases, references, harness, and data",untriaged,untriaged,untriaged,untriaged,untriaged,untriaged,not-run,not-run
non-regressions,nonRegressions/set04/v023,fortran,free,"mixed regression cases, references, harness, and data",untriaged,untriaged,untriaged,untriaged,untriaged,untriaged,not-run,not-run
non-regressions,nonRegressions/set04/v024,fortran,free,"mixed regression cases, references, harness, and data",untriaged,untriaged,untriaged,untriaged,untriaged,untriaged,not-run,not-run
non-regressions,nonRegressions/set04/v025,fortran,free,"mixed regression cases, references, harness, and data",expected-refusal,"none (modules A-E only)",-p|-d/-b-no-root,parser|forward|reverse,strict-compiler|fresh-Tapenade-parser-tangent-reverse-no-root|independent-module-storage-oracle|FortAD-no-entry-boundary|upstream-source-SHA-256-contract,"declaration-only modules with saved state; no callable procedure or standalone program",pass-fresh-parser-generation-strict-compile-tangent-reverse-no-root,not-applicable-no-entry-point
non-regressions,nonRegressions/set04/v026,fortran,free,"mixed regression cases, references, harness, and data",untriaged,untriaged,untriaged,untriaged,untriaged,untriaged,not-run,not-run
non-regressions,nonRegressions/set04/v027,fortran,free,"mixed regression cases, references, harness, and data",untriaged,untriaged,untriaged,untriaged,untriaged,untriaged,not-run,not-run
non-regressions,nonRegressions/set04/v028,fortran,free,"mixed regression cases, references, harness, and data",untriaged,untriaged,untriaged,untriaged,untriaged,untriaged,not-run,not-run
non-regressions,nonRegressions/set04/v029,fortran,free,"mixed regression cases, references, harness, and data",untriaged,untriaged,untriaged,untriaged,untriaged,untriaged,not-run,not-run
non-regressions,nonRegressions/set04/v030,fortran,free,"mixed regression cases, references, harness, and data",unsupported-fortad-derived-type-component,interval_addition,-p/-root-interval_addition|-d/-root-interval_addition|-b/-root-interval_addition,parser|forward|reverse,independent-interval-primal-and-refusal-boundary-pass|no-derivative-support-claim,"none-reported; compiler-clean; modern-feature-score=210; exact-source-reference-sha256-in-case-result",pass-parser-forward-reverse-products,pass-parser-generated-source|refused-forward-reverse-active-derived-object-not-real-component
non-regressions,nonRegressions/set04/v031,fortran,free,"mixed regression cases, references, harness, and data",untriaged,untriaged,untriaged,untriaged,untriaged,untriaged,not-run,not-run
non-regressions,nonRegressions/set04/v032,fortran,free,"mixed regression cases, references, harness, and data",untriaged,untriaged,untriaged,untriaged,untriaged,untriaged,not-run,not-run
non-regressions,nonRegressions/set04/v033,fortran,free,"mixed regression cases, references, harness, and data",untriaged,untriaged,untriaged,untriaged,untriaged,untriaged,not-run,not-run
non-regressions,nonRegressions/set04/v034,fortran,free,"mixed regression cases, references, harness, and data",untriaged,untriaged,untriaged,untriaged,untriaged,untriaged,not-run,not-run
non-regressions,nonRegressions/set04/v035,fortran,free,"mixed regression cases, references, harness, and data",untriaged,untriaged,untriaged,untriaged,untriaged,untriaged,not-run,not-run
non-regressions,nonRegressions/set04/v036,fortran,free,"mixed regression cases, references, harness, and data",untriaged,untriaged,untriaged,untriaged,untriaged,untriaged,not-run,not-run
non-regressions,nonRegressions/set04/v037,fortran,free,"mixed regression cases, references, harness, and data",untriaged,untriaged,untriaged,untriaged,untriaged,untriaged,not-run,not-run
non-regressions,nonRegressions/set04/v038,fortran,free,"mixed regression cases, references, harness, and data",untriaged,untriaged,untriaged,untriaged,untriaged,untriaged,not-run,not-run
non-regressions,nonRegressions/set04/v039,fortran,free,"mixed regression cases, references, harness, and data",untriaged,untriaged,untriaged,untriaged,untriaged,untriaged,not-run,not-run
non-regressions,nonRegressions/set04/v040,fortran,free,"mixed regression cases, references, harness, and data",untriaged,untriaged,untriaged,untriaged,untriaged,untriaged,not-run,not-run
non-regressions,nonRegressions/set04/v041,fortran,free,"mixed regression cases, references, harness, and data",untriaged,untriaged,untriaged,untriaged,untriaged,untriaged,not-run,not-run
non-regressions,nonRegressions/set04/v042,fortran,free,"mixed regression cases, references, harness, and data",untriaged,untriaged,untriaged,untriaged,untriaged,untriaged,not-run,not-run
non-regressions,nonRegressions/set04/v043,fortran,free,"mixed regression cases, references, harness, and data",untriaged,untriaged,untriaged,untriaged,untriaged,untriaged,not-run,not-run
non-regressions,nonRegressions/set04/v044,fortran,free,"mixed regression cases, references, harness, and data",untriaged,untriaged,untriaged,untriaged,untriaged,untriaged,not-run,not-run
non-regressions,nonRegressions/set04/v045,fortran,free,"mixed regression cases, references, harness, and data",untriaged,untriaged,untriaged,untriaged,untriaged,untriaged,not-run,not-run
non-regressions,nonRegressions/set04/v046,fortran,free,"mixed regression cases, references, harness, and data",untriaged,untriaged,untriaged,untriaged,untriaged,untriaged,not-run,not-run
non-regressions,nonRegressions/set04/v047,fortran,free,"mixed regression cases, references, harness, and data",untriaged,untriaged,untriaged,untriaged,untriaged,untriaged,not-run,not-run
non-regressions,nonRegressions/set04/v048,fortran,free,"mixed regression cases, references, harness, and data",untriaged,untriaged,untriaged,untriaged,untriaged,untriaged,not-run,not-run
non-regressions,nonRegressions/set04/v049,fortran,free,"mixed regression cases, references, harness, and data",untriaged,untriaged,untriaged,untriaged,untriaged,untriaged,not-run,not-run
non-regressions,nonRegressions/set04/v050,fortran,free,"mixed regression cases, references, harness, and data",untriaged,untriaged,untriaged,untriaged,untriaged,untriaged,not-run,not-run
non-regressions,nonRegressions/set05/v051,fortran,free,"mixed regression cases, references, harness, and data",untriaged,untriaged,untriaged,untriaged,untriaged,untriaged,not-run,not-run
non-regressions,nonRegressions/set05/v052,fortran,free,"mixed regression cases, references, harness, and data",runnable-ported,"test(x,i); port set05_v052(x,i)",none,forward|reverse,strict-compiler|fresh-Tapenade-parser-tangent-reverse-compile|hand|central-difference-sweep|adjoint-identity,none,pass-fresh-parser-tangent-reverse-generation-generated-compile,pass-transform-compile-runtime
non-regressions,nonRegressions/set05/v053,fortran,free,"mixed regression cases, references, harness, and data",untriaged,untriaged,untriaged,untriaged,untriaged,untriaged,not-run,not-run
non-regressions,nonRegressions/set05/v054,fortran,free,"mixed regression cases, references, harness, and data",runnable-ported,"f_vector(x)",-p/-root-f_vector|-d/-root-f_vector|-b/-root-f_vector,parser|forward|reverse,"exact-source strict compile|fresh pinned Tapenade parser-forward-reverse generation|FortAD exact module-extraction JVP-VJP strict compile-runtime|independent reciprocal vector hand-central-difference-adjoint oracle","upstream module and driver; FortAD uses the exact f_vector module extraction",pass-fresh-parser-forward-reverse-generation-strict-compile,pass-forward-reverse-transform-strict-compile-runtime
non-regressions,nonRegressions/set05/v055,fortran,free,"mixed regression cases, references, harness, and data",untriaged,untriaged,untriaged,untriaged,untriaged,untriaged,not-run,not-run
non-regressions,nonRegressions/set05/v056,fortran,free,"mixed regression cases, references, harness, and data",untriaged,untriaged,untriaged,untriaged,untriaged,untriaged,not-run,not-run
non-regressions,nonRegressions/set05/v057,fortran,free,"mixed regression cases, references, harness, and data",untriaged,untriaged,untriaged,untriaged,untriaged,untriaged,not-run,not-run
non-regressions,nonRegressions/set05/v058,fortran,free,"mixed regression cases, references, harness, and data",untriaged,untriaged,untriaged,untriaged,untriaged,untriaged,not-run,not-run
non-regressions,nonRegressions/set05/v060,fortran,free,"mixed regression cases, references, harness, and data",runnable-ported,"M::func(t,u)",-p/-root-func|-d/-root-func|-b/-root-func,parser|forward|reverse,"exact-source-hashes|strict-exact-compile|fresh-Tapenade-parser-tangent-reverse-generation-strict-compile|FortAD-forward-reverse-transform-strict-compile-runtime|independent-hand-finite-difference-adjoint-oracle",self-contained exact source; standards-clean stored module extraction,pass-fresh-parser-tangent-reverse-generation-generated-strict-compile,pass-transform-compile-runtime
non-regressions,nonRegressions/set05/v061,fortran,free,"mixed regression cases, references, harness, and data",runnable-ported,"M::func(t,u)",-p/-root-func|-d/-root-func|-b/-root-func,parser|forward|reverse,exact-source-hashes|strict-exact-compile|fresh-Tapenade-parser-tangent-reverse-generation-strict-compile|FortAD-forward-reverse-transform-strict-compile-runtime|independent-hand-finite-difference-adjoint-oracle,"self-contained M::func(t,u); callback modules N/O and program driver remain outside the selected closure",pass-fresh-parser-tangent-reverse-generation-generated-strict-compile,pass-transform-compile-runtime
non-regressions,nonRegressions/set05/v062,fortran,free,"mixed regression cases, references, harness, and data",runnable-ported,"M::func(t,u)",-p/-root-func|-d/-root-func|-b/-root-func,parser|forward|reverse,exact-source-hashes|strict-exact-compile|fresh-Tapenade-parser-tangent-reverse-generation-strict-compile|FortAD-forward-reverse-transform-strict-compile-runtime|independent-hand-finite-difference-adjoint-oracle,"exact program.f90 compiled unchanged; standards-clean selected M::func(t,u) extraction; N/O callbacks and program driver remain outside the FortAD derivative closure",pass-fresh-parser-tangent-reverse-generation-generated-strict-compile,pass-transform-compile-runtime
non-regressions,nonRegressions/set05/v063,fortran,free,"mixed regression cases, references, harness, and data",untriaged,untriaged,untriaged,untriaged,untriaged,untriaged,not-run,not-run
non-regressions,nonRegressions/set05/v064,fortran,free,"mixed regression cases, references, harness, and data",runnable-ported,"LIB::mppsum_real(ptab)",-p/-root-mppsum_real|-d/-root-mppsum_real|-b/-root-mppsum_real,parser|forward|reverse,exact-source-hashes|strict-exact-compile|fresh-Tapenade-parser-tangent-reverse-generation-strict-compile|FortAD-forward-reverse-transform-strict-compile-runtime|independent-hand-finite-difference-adjoint-oracle,"exact v064 source and stored references compiled unchanged; standards-clean selected value-map extraction of LIB::mppsum_real(ptab); generic caller remains outside derivative closure",pass-fresh-parser-tangent-reverse-generation-generated-strict-compile,pass-transform-compile-runtime
non-regressions,nonRegressions/set05/v065,fortran,free,"mixed regression cases, references, harness, and data",runnable-ported,"LIB::mppsum_real2(ptab,cst,str)",-p/-root-mppsum_real2|-d/-root-mppsum_real2|-b/-root-mppsum_real2,parser|forward|reverse,exact-source-hashes|strict-exact-compile|fresh-Tapenade-parser-tangent-reverse-generation-strict-compile|FortAD-forward-reverse-transform-strict-compile-runtime|independent-hand-finite-difference-adjoint-oracle,"exact v065 source and stored references compile unchanged; ptab is the active input and cst is passive in the selected value-map closure; generic caller and mppsum_real3 remain outside",pass-fresh-parser-tangent-reverse-generation-generated-strict-compile,pass-forward-reverse-transform-strict-compile-runtime
non-regressions,nonRegressions/set05/v066,fortran,free,"mixed regression cases, references, harness, and data",unsupported-invalid-upstream-fortran,"RUN::s(mb1,mb2,mb3,mb4)",-p/-root-s|-d/-root-s|-b/-root-s,parser|forward|reverse,strict-compiler|independent-generic-interface-and-shape-oracle|fresh-Tapenade-parser-tangent-reverse-generation-strict-compile|FortAD-exact-forward-reverse-diagnostic-and-no-output|upstream-source-SHA-256-contract,"generic FUNC specifics differ only by array extent; s calls 10x50 and 10x70 with no matching specific; stored program_d repeats invalid FUNC/FUNC_D",pass-fresh-parser-tangent-reverse-generation-generated-compile-refusal,not-run-invalid-upstream-source
non-regressions,nonRegressions/set05/v067,fortran,free,"mixed regression cases, references, harness, and data",expected-refusal,"RUN::s(mb1,mb2,mb3)",-p/-root-s|-d/-root-s|-b/-root-s,parser|forward|reverse,strict-exact-and-stored-compiler|legacy-control-compile|fresh-Tapenade-parser-tangent-reverse-generation-strict-and-legacy-compile|FortAD-exact-parser-forward-reverse-no-output|independent-source-compiler-oracle,"exact and stored sources use nonstandard REAL*8; standardizing it or changing the generic interface would be a source repair, so no repaired port is claimed",pass-fresh-parser-tangent-reverse-generation-legacy-compile-strict-REAL8-refusal,expected-refusal-forward-reverse-generic-call-no-output
non-regressions,nonRegressions/set05/v068,fortran,free,"mixed regression cases, references, harness, and data",unsupported-invalid-upstream-fortran,"RUN::s(mb1,mb2,mb3)",-p/-root-s|-d/-root-s|-b/-root-s,parser|forward|reverse,strict-exact-and-stored-compiler|fresh-Tapenade-parser-tangent-reverse-generation-strict-compile|FortAD-exact-parser-forward-reverse-no-output|independent-generic-interface-and-kind-oracle|upstream-source-SHA-256-contract,"FUNC has only FUNC1(real(wp),integer) and FUNC2(real); s calls FUNC with real(wp) mb1 and REAL*8 mb3, so no specific generic procedure matches those actuals",pass-fresh-parser-tangent-reverse-generation-generated-compile-refusal,not-run-invalid-upstream-source
non-regressions,nonRegressions/set05/v069,fortran,free,"mixed regression cases, references, harness, and data",unsupported-invalid-upstream-fortran,"RUN::s(mb1,mb2,mb3)",-p/-root-s|-d/-root-s|-b/-root-s,parser|forward|reverse,strict-exact-and-stored-compiler|legacy-control-compile|fresh-Tapenade-parser-tangent-reverse-generation-strict-and-legacy-compile|FortAD-exact-parser-forward-reverse-no-output|independent-source-compiler-oracle|upstream-source-SHA-256-contract,"ELEMENTAL implies PURE but FUNC2 and FUNC3 PRINT; exact and stored sources retain REAL*8, and program_d.msg records a TC30 generic-call type mismatch",pass-fresh-parser-tangent-reverse-generation-strict-and-legacy-compile-refusal,expected-refusal-exact-parser-forward-reverse-no-output
non-regressions,nonRegressions/set05/v070,fortran,free,"mixed regression cases, references, harness, and data",untriaged,untriaged,untriaged,untriaged,untriaged,untriaged,not-run,not-run
non-regressions,nonRegressions/set05/v071,fortran,free,"mixed regression cases, references, harness, and data",untriaged,untriaged,untriaged,untriaged,untriaged,untriaged,not-run,not-run
non-regressions,nonRegressions/set05/v072,fortran,free,"mixed regression cases, references, harness, and data",untriaged,untriaged,untriaged,untriaged,untriaged,untriaged,not-run,not-run
non-regressions,nonRegressions/set05/v073,fortran,free,"mixed regression cases, references, harness, and data",untriaged,untriaged,untriaged,untriaged,untriaged,untriaged,not-run,not-run
non-regressions,nonRegressions/set05/v074,fortran,free,"mixed regression cases, references, harness, and data",untriaged,untriaged,untriaged,untriaged,untriaged,untriaged,not-run,not-run
non-regressions,nonRegressions/set05/v075,fortran,free,"mixed regression cases, references, harness, and data",expected-refusal,"none (MODULE BLOCKS only)",-p/-d/-b-no-root,parser|forward|reverse,strict-compiler|fresh-Tapenade-parser-no-root|independent-type-layout-oracle|FortAD-exact-no-entry-boundary|upstream-source-SHA-256-contract,"module-only derived type and parser reference; no callable entry point",pass-no-root-parser-reference-only-tangent-reverse-messages,expected-refusal-exact-parser-forward-reverse-no-entry
non-regressions,nonRegressions/set05/v076,fortran,free,"mixed regression cases, references, harness, and data",untriaged,untriaged,untriaged,untriaged,untriaged,untriaged,not-run,not-run
non-regressions,nonRegressions/set05/v077,fortran,free,"mixed regression cases, references, harness, and data",untriaged,untriaged,untriaged,untriaged,untriaged,untriaged,not-run,not-run
non-regressions,nonRegressions/set05/v078,fortran,free,"mixed regression cases, references, harness, and data",untriaged,untriaged,untriaged,untriaged,untriaged,untriaged,not-run,not-run
non-regressions,nonRegressions/set05/v079,fortran,free,"mixed regression cases, references, harness, and data",untriaged,untriaged,untriaged,untriaged,untriaged,untriaged,not-run,not-run
non-regressions,nonRegressions/set05/v080,fortran,free,"mixed regression cases, references, harness, and data",untriaged,untriaged,untriaged,untriaged,untriaged,untriaged,not-run,not-run
non-regressions,nonRegressions/set05/v081,fortran,free,"mixed regression cases, references, harness, and data",untriaged,untriaged,untriaged,untriaged,untriaged,untriaged,not-run,not-run
non-regressions,nonRegressions/set05/v082,fortran,free,"mixed regression cases, references, harness, and data",untriaged,untriaged,untriaged,untriaged,untriaged,untriaged,not-run,not-run
non-regressions,nonRegressions/set05/v083,fortran,free,"mixed regression cases, references, harness, and data",untriaged,untriaged,untriaged,untriaged,untriaged,untriaged,not-run,not-run
non-regressions,nonRegressions/set05/v084,fortran,free,"mixed regression cases, references, harness, and data",untriaged,untriaged,untriaged,untriaged,untriaged,untriaged,not-run,not-run
non-regressions,nonRegressions/set05/v085,fortran,free,"mixed regression cases, references, harness, and data",untriaged,untriaged,untriaged,untriaged,untriaged,untriaged,not-run,not-run
non-regressions,nonRegressions/set05/v086,fortran,free,"mixed regression cases, references, harness, and data",untriaged,untriaged,untriaged,untriaged,untriaged,untriaged,not-run,not-run
non-regressions,nonRegressions/set05/v087,fortran,free,"mixed regression cases, references, harness, and data",untriaged,untriaged,untriaged,untriaged,untriaged,untriaged,not-run,not-run
non-regressions,nonRegressions/set05/v088,fortran,free,"mixed regression cases, references, harness, and data",untriaged,untriaged,untriaged,untriaged,untriaged,untriaged,not-run,not-run
non-regressions,nonRegressions/set05/v089,fortran,free,"mixed regression cases, references, harness, and data",untriaged,untriaged,untriaged,untriaged,untriaged,untriaged,not-run,not-run
non-regressions,nonRegressions/set05/v090,fortran,free,"mixed regression cases, references, harness, and data",untriaged,untriaged,untriaged,untriaged,untriaged,untriaged,not-run,not-run
non-regressions,nonRegressions/set05/v091,fortran,free,"mixed regression cases, references, harness, and data",untriaged,untriaged,untriaged,untriaged,untriaged,untriaged,not-run,not-run
non-regressions,nonRegressions/set05/v092,fortran,free,"mixed regression cases, references, harness, and data",untriaged,untriaged,untriaged,untriaged,untriaged,untriaged,not-run,not-run
non-regressions,nonRegressions/set05/v093,fortran,free,"mixed regression cases, references, harness, and data",untriaged,untriaged,untriaged,untriaged,untriaged,untriaged,not-run,not-run
non-regressions,nonRegressions/set05/v094,fortran,free,"mixed regression cases, references, harness, and data",untriaged,untriaged,untriaged,untriaged,untriaged,untriaged,not-run,not-run
non-regressions,nonRegressions/set05/v095,fortran,free,"mixed regression cases, references, harness, and data",untriaged,untriaged,untriaged,untriaged,untriaged,untriaged,not-run,not-run
non-regressions,nonRegressions/set05/v096,fortran,free,"mixed regression cases, references, harness, and data",untriaged,untriaged,untriaged,untriaged,untriaged,untriaged,not-run,not-run
non-regressions,nonRegressions/set05/v097,fortran,free,"mixed regression cases, references, harness, and data",untriaged,untriaged,untriaged,untriaged,untriaged,untriaged,not-run,not-run
non-regressions,nonRegressions/set05/v098,fortran,free,"mixed regression cases, references, harness, and data",untriaged,untriaged,untriaged,untriaged,untriaged,untriaged,not-run,not-run
non-regressions,nonRegressions/set05/v099,fortran,free,"mixed regression cases, references, harness, and data",untriaged,untriaged,untriaged,untriaged,untriaged,untriaged,not-run,not-run
non-regressions,nonRegressions/set05/v100,fortran,free,"mixed regression cases, references, harness, and data",untriaged,untriaged,untriaged,untriaged,untriaged,untriaged,not-run,not-run
non-regressions,nonRegressions/set05/v101,fortran,free,"mixed regression cases, references, harness, and data",untriaged,untriaged,untriaged,untriaged,untriaged,untriaged,not-run,not-run
non-regressions,nonRegressions/set05/v102,fortran,free,"mixed regression cases, references, harness, and data",untriaged,untriaged,untriaged,untriaged,untriaged,untriaged,not-run,not-run
non-regressions,nonRegressions/set05/v103,fortran,free,"mixed regression cases, references, harness, and data",untriaged,untriaged,untriaged,untriaged,untriaged,untriaged,not-run,not-run
non-regressions,nonRegressions/set05/v104,fortran,free,"mixed regression cases, references, harness, and data",untriaged,untriaged,untriaged,untriaged,untriaged,untriaged,not-run,not-run
non-regressions,nonRegressions/set05/v105,fortran,free,"mixed regression cases, references, harness, and data",untriaged,untriaged,untriaged,untriaged,untriaged,untriaged,not-run,not-run
non-regressions,nonRegressions/set05/v106,fortran,free,"mixed regression cases, references, harness, and data",untriaged,untriaged,untriaged,untriaged,untriaged,untriaged,not-run,not-run
non-regressions,nonRegressions/set05/v107,fortran,free,"mixed regression cases, references, harness, and data",untriaged,untriaged,untriaged,untriaged,untriaged,untriaged,not-run,not-run
non-regressions,nonRegressions/set05/v108,fortran,free,"mixed regression cases, references, harness, and data",untriaged,untriaged,untriaged,untriaged,untriaged,untriaged,not-run,not-run
non-regressions,nonRegressions/set05/v109,fortran,free,"mixed regression cases, references, harness, and data",untriaged,untriaged,untriaged,untriaged,untriaged,untriaged,not-run,not-run
non-regressions,nonRegressions/set05/v110,fortran,free,"mixed regression cases, references, harness, and data",untriaged,untriaged,untriaged,untriaged,untriaged,untriaged,not-run,not-run
non-regressions,nonRegressions/set05/v111,fortran,free,"mixed regression cases, references, harness, and data",untriaged,untriaged,untriaged,untriaged,untriaged,untriaged,not-run,not-run
non-regressions,nonRegressions/set05/v112,fortran,free,"mixed regression cases, references, harness, and data",untriaged,untriaged,untriaged,untriaged,untriaged,untriaged,not-run,not-run
non-regressions,nonRegressions/set05/v113,fortran,free,"mixed regression cases, references, harness, and data",untriaged,untriaged,untriaged,untriaged,untriaged,untriaged,not-run,not-run
non-regressions,nonRegressions/set05/v114,fortran,free,"mixed regression cases, references, harness, and data",untriaged,untriaged,untriaged,untriaged,untriaged,untriaged,not-run,not-run
non-regressions,nonRegressions/set05/v115,fortran,free,"mixed regression cases, references, harness, and data",untriaged,untriaged,untriaged,untriaged,untriaged,untriaged,not-run,not-run
non-regressions,nonRegressions/set05/v116,fortran,free,"mixed regression cases, references, harness, and data",untriaged,untriaged,untriaged,untriaged,untriaged,untriaged,not-run,not-run
non-regressions,nonRegressions/set05/v117,fortran,free,"mixed regression cases, references, harness, and data",untriaged,untriaged,untriaged,untriaged,untriaged,untriaged,not-run,not-run
non-regressions,nonRegressions/set05/v118,fortran,free,"mixed regression cases, references, harness, and data",untriaged,untriaged,untriaged,untriaged,untriaged,untriaged,not-run,not-run
non-regressions,nonRegressions/set05/v119,fortran,free,"mixed regression cases, references, harness, and data",untriaged,untriaged,untriaged,untriaged,untriaged,untriaged,not-run,not-run
non-regressions,nonRegressions/set05/v120,fortran,free,"mixed regression cases, references, harness, and data",untriaged,untriaged,untriaged,untriaged,untriaged,untriaged,not-run,not-run
non-regressions,nonRegressions/set05/v121,fortran,free,"mixed regression cases, references, harness, and data",untriaged,untriaged,untriaged,untriaged,untriaged,untriaged,not-run,not-run
non-regressions,nonRegressions/set05/v122,fortran,free,"mixed regression cases, references, harness, and data",untriaged,untriaged,untriaged,untriaged,untriaged,untriaged,not-run,not-run
non-regressions,nonRegressions/set05/v123,fortran,free,"mixed regression cases, references, harness, and data",untriaged,untriaged,untriaged,untriaged,untriaged,untriaged,not-run,not-run
non-regressions,nonRegressions/set05/v124,fortran,free,"mixed regression cases, references, harness, and data",untriaged,untriaged,untriaged,untriaged,untriaged,untriaged,not-run,not-run
non-regressions,nonRegressions/set05/v125,fortran,free,"mixed regression cases, references, harness, and data",runnable-ported,"surface(x1,x2,y1,y2,z); port set05_v125(x1,x2,y1,y2,z)",none,forward|reverse,strict-compiler|fresh-Tapenade-parser-tangent-reverse-compile|hand|central-difference-sweep|adjoint-identity,none,pass-fresh-parser-tangent-reverse-generation-generated-compile,pass-transform-compile-runtime
non-regressions,nonRegressions/set05/v126,fortran,free,"mixed regression cases, references, harness, and data",untriaged,untriaged,untriaged,untriaged,untriaged,untriaged,not-run,not-run
non-regressions,nonRegressions/set05/v127,fortran,free,"mixed regression cases, references, harness, and data",untriaged,untriaged,untriaged,untriaged,untriaged,untriaged,not-run,not-run
non-regressions,nonRegressions/set05/v128,fortran,free,"mixed regression cases, references, harness, and data",untriaged,untriaged,untriaged,untriaged,untriaged,untriaged,not-run,not-run
non-regressions,nonRegressions/set05/v129,fortran,free,"mixed regression cases, references, harness, and data",untriaged,untriaged,untriaged,untriaged,untriaged,untriaged,not-run,not-run
non-regressions,nonRegressions/set05/v130,fortran,free,"mixed regression cases, references, harness, and data",untriaged,untriaged,untriaged,untriaged,untriaged,untriaged,not-run,not-run
non-regressions,nonRegressions/set05/v131,fortran,free,"mixed regression cases, references, harness, and data",untriaged,untriaged,untriaged,untriaged,untriaged,untriaged,not-run,not-run
non-regressions,nonRegressions/set05/v132,fortran,free,"mixed regression cases, references, harness, and data",untriaged,untriaged,untriaged,untriaged,untriaged,untriaged,not-run,not-run
non-regressions,nonRegressions/set05/v133,fortran,free,"mixed regression cases, references, harness, and data",untriaged,untriaged,untriaged,untriaged,untriaged,untriaged,not-run,not-run
non-regressions,nonRegressions/set05/v134,fortran,free,"mixed regression cases, references, harness, and data",untriaged,untriaged,untriaged,untriaged,untriaged,untriaged,not-run,not-run
non-regressions,nonRegressions/set05/v135,fortran,free,"mixed regression cases, references, harness, and data",untriaged,untriaged,untriaged,untriaged,untriaged,untriaged,not-run,not-run
non-regressions,nonRegressions/set05/v136,fortran,free,"mixed regression cases, references, harness, and data",untriaged,untriaged,untriaged,untriaged,untriaged,untriaged,not-run,not-run
non-regressions,nonRegressions/set05/v137,fortran,free,"mixed regression cases, references, harness, and data",runnable-ported,"s(x,y); port set05_v137(x,y,s)",none,forward|reverse,strict-compiler|fresh-Tapenade-parser-tangent-reverse-compile|hand|central-difference-sweep|adjoint-identity,none,pass-fresh-parser-tangent-reverse-generation-generated-compile,pass-transform-compile-runtime
non-regressions,nonRegressions/set05/v138,fortran,free,"mixed regression cases, references, harness, and data",untriaged,untriaged,untriaged,untriaged,untriaged,untriaged,not-run,not-run
non-regressions,nonRegressions/set05/v139,fortran,free,"mixed regression cases, references, harness, and data",untriaged,untriaged,untriaged,untriaged,untriaged,untriaged,not-run,not-run
non-regressions,nonRegressions/set05/v140,fortran,free,"mixed regression cases, references, harness, and data",untriaged,untriaged,untriaged,untriaged,untriaged,untriaged,not-run,not-run
non-regressions,nonRegressions/set05/v141,fortran,free,"mixed regression cases, references, harness, and data",untriaged,untriaged,untriaged,untriaged,untriaged,untriaged,not-run,not-run
non-regressions,nonRegressions/set05/v142,fortran,free,"mixed regression cases, references, harness, and data",untriaged,untriaged,untriaged,untriaged,untriaged,untriaged,not-run,not-run
non-regressions,nonRegressions/set05/v143,fortran,free,"mixed regression cases, references, harness, and data",untriaged,untriaged,untriaged,untriaged,untriaged,untriaged,not-run,not-run
non-regressions,nonRegressions/set05/v144,fortran,free,"mixed regression cases, references, harness, and data",untriaged,untriaged,untriaged,untriaged,untriaged,untriaged,not-run,not-run
non-regressions,nonRegressions/set05/v145,fortran,free,"mixed regression cases, references, harness, and data",untriaged,untriaged,untriaged,untriaged,untriaged,untriaged,not-run,not-run
non-regressions,nonRegressions/set05/v146,fortran,free,"mixed regression cases, references, harness, and data",expected-refusal,"none (module A only)",-p/-d/-b-root-A (module probe),parser|forward|reverse,strict-compiler|fresh-Tapenade-no-root|independent-module-and-entry-point-inventory|FortAD-no-entry-boundary|upstream-source-SHA-256-contract,"module A has no procedure or program; parser reference only",pass-fresh-parser-generation-no-root,expected-refusal-exact-parser-forward-reverse-no-entry
non-regressions,nonRegressions/set05/v147,fortran,free,"mixed regression cases, references, harness, and data",expected-refusal,none (module A only),-p|-d|-b (no root unit),parser|forward:no-root|reverse:no-root,strict-compiler|fresh-Tapenade-parser-tangent-reverse|independent-module-entry-point-oracle|FortAD-no-entry-boundary|upstream-source-SHA-256-contract,module A declarations and derived type; no callable procedure,pass-fresh-parser-tangent-reverse-no-root,expected-refusal-exact-parser-forward-reverse-no-entry
non-regressions,nonRegressions/set05/v148,fortran,free,"mixed regression cases, references, harness, and data",untriaged,untriaged,untriaged,untriaged,untriaged,untriaged,not-run,not-run
non-regressions,nonRegressions/set05/v149,fortran,free,"mixed regression cases, references, harness, and data",untriaged,untriaged,untriaged,untriaged,untriaged,untriaged,not-run,not-run
non-regressions,nonRegressions/set05/v150,fortran,free,"mixed regression cases, references, harness, and data",runnable-ported,"f(t); port set05_v150(t,f)",none,forward|reverse,strict-compiler|fresh-Tapenade-parser-tangent-reverse-compile|hand|central-difference-sweep|adjoint-identity,none,pass-fresh-parser-tangent-reverse-generation-generated-compile,pass-transform-compile-runtime
non-regressions,nonRegressions/set05/v151,fortran,free,"mixed regression cases, references, harness, and data",untriaged,untriaged,untriaged,untriaged,untriaged,untriaged,not-run,not-run
non-regressions,nonRegressions/set05/v152,fortran,free,"mixed regression cases, references, harness, and data",untriaged,untriaged,untriaged,untriaged,untriaged,untriaged,not-run,not-run
non-regressions,nonRegressions/set05/v153,fortran,free,"mixed regression cases, references, harness, and data",untriaged,untriaged,untriaged,untriaged,untriaged,untriaged,not-run,not-run
non-regressions,nonRegressions/set05/v154,fortran,free,"mixed regression cases, references, harness, and data",untriaged,untriaged,untriaged,untriaged,untriaged,untriaged,not-run,not-run
non-regressions,nonRegressions/set05/v155,fortran,free,"mixed regression cases, references, harness, and data",untriaged,untriaged,untriaged,untriaged,untriaged,untriaged,not-run,not-run
non-regressions,nonRegressions/set05/v156,fortran,free,"mixed regression cases, references, harness, and data",untriaged,untriaged,untriaged,untriaged,untriaged,untriaged,not-run,not-run
non-regressions,nonRegressions/set05/v158,fortran,free,"mixed regression cases, references, harness, and data",untriaged,untriaged,untriaged,untriaged,untriaged,untriaged,not-run,not-run
non-regressions,nonRegressions/set05/v159,fortran,free,"mixed regression cases, references, harness, and data",untriaged,untriaged,untriaged,untriaged,untriaged,untriaged,not-run,not-run
non-regressions,nonRegressions/set05/v160,fortran,free,"mixed regression cases, references, harness, and data",untriaged,untriaged,untriaged,untriaged,untriaged,untriaged,not-run,not-run
non-regressions,nonRegressions/set05/v161,fortran,free,"mixed regression cases, references, harness, and data",untriaged,untriaged,untriaged,untriaged,untriaged,untriaged,not-run,not-run
non-regressions,nonRegressions/set05/v162,fortran,free,"mixed regression cases, references, harness, and data",untriaged,untriaged,untriaged,untriaged,untriaged,untriaged,not-run,not-run
non-regressions,nonRegressions/set05/v163,fortran,free,"mixed regression cases, references, harness, and data",untriaged,untriaged,untriaged,untriaged,untriaged,untriaged,not-run,not-run
non-regressions,nonRegressions/set05/v164,fortran,free,"mixed regression cases, references, harness, and data",untriaged,untriaged,untriaged,untriaged,untriaged,untriaged,not-run,not-run
non-regressions,nonRegressions/set05/v165,fortran,free,"mixed regression cases, references, harness, and data",untriaged,untriaged,untriaged,untriaged,untriaged,untriaged,not-run,not-run
non-regressions,nonRegressions/set05/v166,fortran,free,"mixed regression cases, references, harness, and data",untriaged,untriaged,untriaged,untriaged,untriaged,untriaged,not-run,not-run
non-regressions,nonRegressions/set05/v167,fortran,free,"mixed regression cases, references, harness, and data",untriaged,untriaged,untriaged,untriaged,untriaged,untriaged,not-run,not-run
non-regressions,nonRegressions/set05/v168,fortran,free,"mixed regression cases, references, harness, and data",runnable-ported,"test(x,y); port set05_v168(x,y)",none,forward|reverse,strict-compiler|fresh-Tapenade-parser-tangent-reverse-compile|hand|central-difference-sweep|adjoint-identity,none,pass-fresh-parser-tangent-reverse-generation-generated-compile,pass-transform-compile-runtime
non-regressions,nonRegressions/set05/v169,fortran,free,"mixed regression cases, references, harness, and data",untriaged,untriaged,untriaged,untriaged,untriaged,untriaged,not-run,not-run
non-regressions,nonRegressions/set05/v170,fortran,free,"mixed regression cases, references, harness, and data",untriaged,untriaged,untriaged,untriaged,untriaged,untriaged,not-run,not-run
non-regressions,nonRegressions/set05/v171,fortran,free,"mixed regression cases, references, harness, and data",expected-refusal,none (module TEST only),-p|-d|-b (no root unit),parser|forward:no-root|reverse:no-root,strict-compiler|fresh-Tapenade-parser-tangent-reverse|independent-module-declaration-oracle|FortAD-no-entry-boundary|upstream-source-SHA-256-contract,module TEST declarations and initialized state; no callable procedure,pass-fresh-no-root-parser-strict-compile-tangent-reverse-no-source,expected-refusal-exact-parser-forward-reverse-no-procedure
non-regressions,nonRegressions/set05/v172,fortran,free,"mixed regression cases, references, harness, and data",untriaged,untriaged,untriaged,untriaged,untriaged,untriaged,not-run,not-run
non-regressions,nonRegressions/set05/v173,fortran,free,"mixed regression cases, references, harness, and data",untriaged,untriaged,untriaged,untriaged,untriaged,untriaged,not-run,not-run
non-regressions,nonRegressions/set05/v174,fortran,free,"mixed regression cases, references, harness, and data",untriaged,untriaged,untriaged,untriaged,untriaged,untriaged,not-run,not-run
non-regressions,nonRegressions/set05/v175,fortran,free,"mixed regression cases, references, harness, and data",untriaged,untriaged,untriaged,untriaged,untriaged,untriaged,not-run,not-run
non-regressions,nonRegressions/set05/v176,fortran,free,"mixed regression cases, references, harness, and data",untriaged,untriaged,untriaged,untriaged,untriaged,untriaged,not-run,not-run
non-regressions,nonRegressions/set05/v177,fortran,free,"mixed regression cases, references, harness, and data",expected-refusal,none (module MCRM2PAR only),-p|-d|-b (no root unit),parser|forward:no-root|reverse:no-root,strict-compiler|fresh-Tapenade-parser-tangent-reverse|independent-module-parameter-array-oracle|FortAD-no-entry-boundary|upstream-source-SHA-256-contract,module-only parameter and array state; strict legacy declarations; no callable procedure,pass-fresh-parser-strict-compile-refusal-tangent-reverse-no-root,expected-refusal-exact-parser-forward-reverse-no-entry
non-regressions,nonRegressions/set05/v178,fortran,free,"mixed regression cases, references, harness, and data",untriaged,untriaged,untriaged,untriaged,untriaged,untriaged,not-run,not-run
non-regressions,nonRegressions/set05/v179,fortran,free,"mixed regression cases, references, harness, and data",untriaged,untriaged,untriaged,untriaged,untriaged,untriaged,not-run,not-run
non-regressions,nonRegressions/set05/v180,fortran,free,"mixed regression cases, references, harness, and data",expected-refusal,fliogstc,-p/-root-fliogstc|-d/-root-fliogstc|-b/-root-fliogstc,parser|forward|reverse,independent-optional-rank-generic-interface-source-and-refusal-oracle-pass|no-derivative-support-claim,"none-reported; compiler-clean; modern-feature-score=149; exact-source-reference-sha256-in-case-result",pass-parser-forward-reverse-no-active-input-or-output-message,pass-parser-forward-generated-interface-boundary|refused-reverse-no-dependent
non-regressions,nonRegressions/set05/v181,fortran,free,"mixed regression cases, references, harness, and data",untriaged,untriaged,untriaged,untriaged,untriaged,untriaged,not-run,not-run
non-regressions,nonRegressions/set05/v182,fortran,free,"mixed regression cases, references, harness, and data",untriaged,untriaged,untriaged,untriaged,untriaged,untriaged,not-run,not-run
non-regressions,nonRegressions/set05/v183,fortran,free,"mixed regression cases, references, harness, and data",untriaged,untriaged,untriaged,untriaged,untriaged,untriaged,not-run,not-run
non-regressions,nonRegressions/set05/v184,fortran,free,"mixed regression cases, references, harness, and data",untriaged,untriaged,untriaged,untriaged,untriaged,untriaged,not-run,not-run
non-regressions,nonRegressions/set05/v185,fortran,free,"mixed regression cases, references, harness, and data",untriaged,untriaged,untriaged,untriaged,untriaged,untriaged,not-run,not-run
non-regressions,nonRegressions/set05/v186,fortran,free,"mixed regression cases, references, harness, and data",untriaged,untriaged,untriaged,untriaged,untriaged,untriaged,not-run,not-run
non-regressions,nonRegressions/set05/v187,fortran,free,"mixed regression cases, references, harness, and data",untriaged,untriaged,untriaged,untriaged,untriaged,untriaged,not-run,not-run
non-regressions,nonRegressions/set05/v188,fortran,free,"mixed regression cases, references, harness, and data",untriaged,untriaged,untriaged,untriaged,untriaged,untriaged,not-run,not-run
non-regressions,nonRegressions/set05/v189,fortran,free,"mixed regression cases, references, harness, and data",untriaged,untriaged,untriaged,untriaged,untriaged,untriaged,not-run,not-run
non-regressions,nonRegressions/set05/v190,fortran,free,"mixed regression cases, references, harness, and data",untriaged,untriaged,untriaged,untriaged,untriaged,untriaged,not-run,not-run
non-regressions,nonRegressions/set05/v191,fortran,free,"mixed regression cases, references, harness, and data",untriaged,untriaged,untriaged,untriaged,untriaged,untriaged,not-run,not-run
non-regressions,nonRegressions/set05/v192,fortran,free,"mixed regression cases, references, harness, and data",untriaged,untriaged,untriaged,untriaged,untriaged,untriaged,not-run,not-run
non-regressions,nonRegressions/set05/v193,fortran,free,"mixed regression cases, references, harness, and data",unsupported-fortad-derived-pointer-replay,find,-p/-root-find|-d/-root-find|-b/-root-find,parser|forward|reverse,independent-tree-search-and-refusal-boundary-pass|no-derivative-support-claim,"none-reported; compiler-clean; exact-source-reference-sha256-in-case-result",pass-parser-source|pass-forward-reverse-no-active-input-or-output-message,refused-parser-forward-reverse-derived-pointer-replay
non-regressions,nonRegressions/set05/v194,fortran,free,"mixed regression cases, references, harness, and data",untriaged,untriaged,untriaged,untriaged,untriaged,untriaged,not-run,not-run
non-regressions,nonRegressions/set05/v195,fortran,free,"mixed regression cases, references, harness, and data",untriaged,untriaged,untriaged,untriaged,untriaged,untriaged,not-run,not-run
non-regressions,nonRegressions/set05/v196,fortran,free,"mixed regression cases, references, harness, and data",unsupported-fortad-no-int-derivative-rule,factorial,-p/-root-factorial|-d/-root-factorial|-b/-root-factorial,parser|forward|reverse,independent-primal-behavior-oracle-pass|no-derivative-support-claim,"none-reported; compiler-clean; exact-source-reference-sha256-in-case-result",pass-parser-source|pass-forward-no-active-input-or-output-message|pass-reverse-no-active-input-or-output-message,pass-parser-generated-source-strict-compile-refusal-recursive-lost|refused-forward-reverse-no-int-derivative-rule
non-regressions,nonRegressions/set05/v197,fortran,free,"mixed regression cases, references, harness, and data",untriaged,untriaged,untriaged,untriaged,untriaged,untriaged,not-run,not-run
non-regressions,nonRegressions/set05/v198,fortran,free,"mixed regression cases, references, harness, and data",untriaged,untriaged,untriaged,untriaged,untriaged,untriaged,not-run,not-run
non-regressions,nonRegressions/set05/v199,fortran,free,"mixed regression cases, references, harness, and data",untriaged,untriaged,untriaged,untriaged,untriaged,untriaged,not-run,not-run
non-regressions,nonRegressions/set05/v200,fortran,free,"mixed regression cases, references, harness, and data",untriaged,untriaged,untriaged,untriaged,untriaged,untriaged,not-run,not-run
non-regressions,nonRegressions/set05/v201,fortran,free,"mixed regression cases, references, harness, and data",expected-refusal,none (module TEST only),-p|-d|-b (no root unit),parser|forward:no-root|reverse:no-root,strict-compiler|fresh-Tapenade-parser-tangent-reverse|independent-module-array-layout-oracle|FortAD-no-entry-boundary|upstream-source-SHA-256-contract,module-only arrays and parameters; strict REAL*8 boundary; no callable procedure,pass-no-root-parser-reference-only-tangent-reverse-messages,expected-refusal-exact-parser-forward-reverse-no-procedure
non-regressions,nonRegressions/set05/v202,fortran,free,"mixed regression cases, references, harness, and data",unsupported-fortad-elemental-parse,twice_real,-p/-root-twice_real|-d/-root-twice_real|-b/-root-twice_real,parser|forward|reverse,independent-primal-and-central-difference-oracle-pass|no-derivative-support-claim,"none-reported; compiler-clean; exact-source-reference-sha256-in-case-result",pass-parser-forward-reverse-source-generation,refused-parser-free-form-elemental-parse|refused-forward-reverse-parse
non-regressions,nonRegressions/set05/v207,fortran,free,"mixed regression cases, references, harness, and data",untriaged,untriaged,untriaged,untriaged,untriaged,untriaged,not-run,not-run
non-regressions,nonRegressions/set05/v208,fortran,free,"mixed regression cases, references, harness, and data",untriaged,untriaged,untriaged,untriaged,untriaged,untriaged,not-run,not-run
non-regressions,nonRegressions/set05/v209,fortran,free,"mixed regression cases, references, harness, and data",untriaged,untriaged,untriaged,untriaged,untriaged,untriaged,not-run,not-run
non-regressions,nonRegressions/set05/v210,fortran,free,"mixed regression cases, references, harness, and data",untriaged,untriaged,untriaged,untriaged,untriaged,untriaged,not-run,not-run
non-regressions,nonRegressions/set05/v211,fortran,free,"mixed regression cases, references, harness, and data",untriaged,untriaged,untriaged,untriaged,untriaged,untriaged,not-run,not-run
non-regressions,nonRegressions/set05/v212,fortran,free,"mixed regression cases, references, harness, and data",untriaged,untriaged,untriaged,untriaged,untriaged,untriaged,not-run,not-run
non-regressions,nonRegressions/set05/v213,fortran,free,"mixed regression cases, references, harness, and data",untriaged,untriaged,untriaged,untriaged,untriaged,untriaged,not-run,not-run
non-regressions,nonRegressions/set05/v214,fortran,free,"mixed regression cases, references, harness, and data",untriaged,untriaged,untriaged,untriaged,untriaged,untriaged,not-run,not-run
non-regressions,nonRegressions/set05/v215,fortran,free,"mixed regression cases, references, harness, and data",untriaged,untriaged,untriaged,untriaged,untriaged,untriaged,not-run,not-run
non-regressions,nonRegressions/set05/v216,fortran,free,"mixed regression cases, references, harness, and data",expected-refusal,none (modules DEFINITION and RK only),-p|-d|-b (no root unit),parser|forward:no-root|reverse:no-root,strict-compiler|fresh-Tapenade-parser-tangent-reverse|independent-module-use-oracle|FortAD-no-entry-boundary|upstream-source-SHA-256-contract,module USE dependency and private state; no callable procedure,pass-fresh-parser-strict-compile-tangent-reverse-no-root,expected-refusal-exact-parser-forward-reverse-no-entry
non-regressions,nonRegressions/set05/v217,fortran,free,"mixed regression cases, references, harness, and data",untriaged,untriaged,untriaged,untriaged,untriaged,untriaged,not-run,not-run
non-regressions,nonRegressions/set06/v218,fortran,free,"mixed regression cases, references, harness, and data",untriaged,untriaged,untriaged,untriaged,untriaged,untriaged,not-run,not-run
non-regressions,nonRegressions/set06/v219,fortran,free,"mixed regression cases, references, harness, and data",untriaged,untriaged,untriaged,untriaged,untriaged,untriaged,not-run,not-run
non-regressions,nonRegressions/set06/v220,fortran,free,"mixed regression cases, references, harness, and data",unsupported-fortad-derived-type-component,addvector,-p/-root-addvector|-d/-root-addvector|-b/-root-addvector,parser|forward|reverse,independent-defined-component-behavior-oracle-pass|no-derivative-support-claim,"none-reported; compiler-clean; exact-source-reference-sha256-in-case-result",pass-parser-forward-reverse-source-generation,pass-parser-generated-source-strict-compile-refusal|refused-forward-reverse-active-derived-object-not-real-component
non-regressions,nonRegressions/set06/v221,fortran,free,"mixed regression cases, references, harness, and data",untriaged,untriaged,untriaged,untriaged,untriaged,untriaged,not-run,not-run
non-regressions,nonRegressions/set06/v222,fortran,free,"mixed regression cases, references, harness, and data",untriaged,untriaged,untriaged,untriaged,untriaged,untriaged,not-run,not-run
non-regressions,nonRegressions/set06/v223,fortran,free,"mixed regression cases, references, harness, and data",untriaged,untriaged,untriaged,untriaged,untriaged,untriaged,not-run,not-run
non-regressions,nonRegressions/set06/v224,fortran,free,"mixed regression cases, references, harness, and data",untriaged,untriaged,untriaged,untriaged,untriaged,untriaged,not-run,not-run
non-regressions,nonRegressions/set06/v225,fortran,free,"mixed regression cases, references, harness, and data",untriaged,untriaged,untriaged,untriaged,untriaged,untriaged,not-run,not-run
non-regressions,nonRegressions/set06/v226,fortran,free,"mixed regression cases, references, harness, and data",untriaged,untriaged,untriaged,untriaged,untriaged,untriaged,not-run,not-run
non-regressions,nonRegressions/set06/v227,fortran,free,"mixed regression cases, references, harness, and data",untriaged,untriaged,untriaged,untriaged,untriaged,untriaged,not-run,not-run
non-regressions,nonRegressions/set06/v228,fortran,free,"mixed regression cases, references, harness, and data",untriaged,untriaged,untriaged,untriaged,untriaged,untriaged,not-run,not-run
non-regressions,nonRegressions/set06/v230,fortran,free,"mixed regression cases, references, harness, and data",untriaged,untriaged,untriaged,untriaged,untriaged,untriaged,not-run,not-run
non-regressions,nonRegressions/set06/v231,fortran,free,"mixed regression cases, references, harness, and data",untriaged,untriaged,untriaged,untriaged,untriaged,untriaged,not-run,not-run
non-regressions,nonRegressions/set06/v232,fortran,free,"mixed regression cases, references, harness, and data",unsupported-fortad-invalid-generated-interface,test,-p/-root-test|-d/-root-test|-b/-root-test,parser|forward|reverse,independent-constant-result-and-central-difference-oracle-pass|no-derivative-support-claim,"none-reported; compiler-clean; exact-source-reference-sha256-in-case-result",pass-parser-no-active-input-or-output-message|pass-forward-no-active-input-or-output-message|pass-reverse-no-active-input-or-output-message,pass-probe-all-modes-generated-source-strict-compile-refusal-empty-interface
non-regressions,nonRegressions/set06/v233,fortran,free,"mixed regression cases, references, harness, and data",untriaged,untriaged,untriaged,untriaged,untriaged,untriaged,not-run,not-run
non-regressions,nonRegressions/set06/v234,fortran,free,"mixed regression cases, references, harness, and data",runnable-ported,"program TEST; contained function F(t); port set06_v234(t,f)",none,forward|reverse,strict-compiler|fresh-Tapenade-parser-tangent-reverse-compile|hand|central-difference-sweep|adjoint-identity,none,pass-fresh-parser-tangent-reverse-generation-generated-compile,pass-transform-compile-runtime
non-regressions,nonRegressions/set06/v235,fortran,free,"mixed regression cases, references, harness, and data",untriaged,untriaged,untriaged,untriaged,untriaged,untriaged,not-run,not-run
non-regressions,nonRegressions/set06/v236,fortran,free,"mixed regression cases, references, harness, and data",untriaged,untriaged,untriaged,untriaged,untriaged,untriaged,not-run,not-run
non-regressions,nonRegressions/set06/v237,fortran,free,"mixed regression cases, references, harness, and data",untriaged,untriaged,untriaged,untriaged,untriaged,untriaged,not-run,not-run
non-regressions,nonRegressions/set06/v238,fortran,free,"mixed regression cases, references, harness, and data",untriaged,untriaged,untriaged,untriaged,untriaged,untriaged,not-run,not-run
non-regressions,nonRegressions/set06/v239,fortran,free,"mixed regression cases, references, harness, and data",untriaged,untriaged,untriaged,untriaged,untriaged,untriaged,not-run,not-run
non-regressions,nonRegressions/set06/v240,fortran,free,"mixed regression cases, references, harness, and data",untriaged,untriaged,untriaged,untriaged,untriaged,untriaged,not-run,not-run
non-regressions,nonRegressions/set06/v241,fortran,free,"mixed regression cases, references, harness, and data",untriaged,untriaged,untriaged,untriaged,untriaged,untriaged,not-run,not-run
non-regressions,nonRegressions/set06/v242,fortran,free,"mixed regression cases, references, harness, and data",untriaged,untriaged,untriaged,untriaged,untriaged,untriaged,not-run,not-run
non-regressions,nonRegressions/set06/v243,fortran,free,"mixed regression cases, references, harness, and data",unsupported-fortad-pointer-alias-lifetime,collect_garbage_r1,-p/-root-collect_garbage_r1|-d/-root-collect_garbage_r1|-b/-root-collect_garbage_r1,parser|forward|reverse,independent-pointer-alias-lifetime-primal-and-refusal-boundary-pass|no-derivative-support-claim,"none-reported; compiler-clean; modern-feature-score=192; exact-source-reference-sha256-in-case-result",pass-parser-forward-reverse-no-active-input-or-output-message,refused-parser-forward-reverse-pointer-alias-lifetime
non-regressions,nonRegressions/set06/v244,fortran,free,"mixed regression cases, references, harness, and data",untriaged,untriaged,untriaged,untriaged,untriaged,untriaged,not-run,not-run
non-regressions,nonRegressions/set06/v245,fortran,free,"mixed regression cases, references, harness, and data",untriaged,untriaged,untriaged,untriaged,untriaged,untriaged,not-run,not-run
non-regressions,nonRegressions/set06/v246,fortran,free,"mixed regression cases, references, harness, and data",untriaged,untriaged,untriaged,untriaged,untriaged,untriaged,not-run,not-run
non-regressions,nonRegressions/set06/v247,fortran,free,"mixed regression cases, references, harness, and data",untriaged,untriaged,untriaged,untriaged,untriaged,untriaged,not-run,not-run
non-regressions,nonRegressions/set06/v249,fortran,free,"mixed regression cases, references, harness, and data",untriaged,untriaged,untriaged,untriaged,untriaged,untriaged,not-run,not-run
non-regressions,nonRegressions/set06/v250,fortran,free,"mixed regression cases, references, harness, and data",untriaged,untriaged,untriaged,untriaged,untriaged,untriaged,not-run,not-run
non-regressions,nonRegressions/set06/v251,fortran,free,"mixed regression cases, references, harness, and data",untriaged,untriaged,untriaged,untriaged,untriaged,untriaged,not-run,not-run
non-regressions,nonRegressions/set06/v252,fortran,free,"mixed regression cases, references, harness, and data",untriaged,untriaged,untriaged,untriaged,untriaged,untriaged,not-run,not-run
non-regressions,nonRegressions/set06/v253,fortran,free,"mixed regression cases, references, harness, and data",untriaged,untriaged,untriaged,untriaged,untriaged,untriaged,not-run,not-run
non-regressions,nonRegressions/set06/v254,fortran,free,"mixed regression cases, references, harness, and data",untriaged,untriaged,untriaged,untriaged,untriaged,untriaged,not-run,not-run
non-regressions,nonRegressions/set06/v255,fortran,free,"mixed regression cases, references, harness, and data",untriaged,untriaged,untriaged,untriaged,untriaged,untriaged,not-run,not-run
non-regressions,nonRegressions/set06/v256,fortran,free,"mixed regression cases, references, harness, and data",untriaged,untriaged,untriaged,untriaged,untriaged,untriaged,not-run,not-run
non-regressions,nonRegressions/set06/v257,fortran,free,"mixed regression cases, references, harness, and data",untriaged,untriaged,untriaged,untriaged,untriaged,untriaged,not-run,not-run
non-regressions,nonRegressions/set06/v258,fortran,free,"mixed regression cases, references, harness, and data",untriaged,untriaged,untriaged,untriaged,untriaged,untriaged,not-run,not-run
non-regressions,nonRegressions/set06/v259,fortran,free,"mixed regression cases, references, harness, and data",untriaged,untriaged,untriaged,untriaged,untriaged,untriaged,not-run,not-run
non-regressions,nonRegressions/set06/v260,fortran,free,"mixed regression cases, references, harness, and data",untriaged,untriaged,untriaged,untriaged,untriaged,untriaged,not-run,not-run
non-regressions,nonRegressions/set06/v261,fortran,free,"mixed regression cases, references, harness, and data",untriaged,untriaged,untriaged,untriaged,untriaged,untriaged,not-run,not-run
non-regressions,nonRegressions/set06/v262,fortran,free,"mixed regression cases, references, harness, and data",untriaged,untriaged,untriaged,untriaged,untriaged,untriaged,not-run,not-run
non-regressions,nonRegressions/set06/v263,fortran,free,"mixed regression cases, references, harness, and data",untriaged,untriaged,untriaged,untriaged,untriaged,untriaged,not-run,not-run
non-regressions,nonRegressions/set06/v264,fortran,free,"mixed regression cases, references, harness, and data",untriaged,untriaged,untriaged,untriaged,untriaged,untriaged,not-run,not-run
non-regressions,nonRegressions/set06/v265,fortran,free,"mixed regression cases, references, harness, and data",untriaged,untriaged,untriaged,untriaged,untriaged,untriaged,not-run,not-run
non-regressions,nonRegressions/set06/v266,fortran,free,"mixed regression cases, references, harness, and data",untriaged,untriaged,untriaged,untriaged,untriaged,untriaged,not-run,not-run
non-regressions,nonRegressions/set06/v267,fortran,free,"mixed regression cases, references, harness, and data",untriaged,untriaged,untriaged,untriaged,untriaged,untriaged,not-run,not-run
non-regressions,nonRegressions/set06/v268,fortran,free,"mixed regression cases, references, harness, and data",untriaged,untriaged,untriaged,untriaged,untriaged,untriaged,not-run,not-run
non-regressions,nonRegressions/set06/v269,fortran,free,"mixed regression cases, references, harness, and data",untriaged,untriaged,untriaged,untriaged,untriaged,untriaged,not-run,not-run
non-regressions,nonRegressions/set06/v271,fortran,free,"mixed regression cases, references, harness, and data",untriaged,untriaged,untriaged,untriaged,untriaged,untriaged,not-run,not-run
non-regressions,nonRegressions/set06/v272,fortran,free,"mixed regression cases, references, harness, and data",untriaged,untriaged,untriaged,untriaged,untriaged,untriaged,not-run,not-run
non-regressions,nonRegressions/set06/v273,fortran,free,"mixed regression cases, references, harness, and data",untriaged,untriaged,untriaged,untriaged,untriaged,untriaged,not-run,not-run
non-regressions,nonRegressions/set06/v274,fortran,free,"mixed regression cases, references, harness, and data",untriaged,untriaged,untriaged,untriaged,untriaged,untriaged,not-run,not-run
non-regressions,nonRegressions/set06/v275,fortran,free,"mixed regression cases, references, harness, and data",untriaged,untriaged,untriaged,untriaged,untriaged,untriaged,not-run,not-run
non-regressions,nonRegressions/set06/v276,fortran,free,"mixed regression cases, references, harness, and data",untriaged,untriaged,untriaged,untriaged,untriaged,untriaged,not-run,not-run
non-regressions,nonRegressions/set06/v277,fortran,free,"mixed regression cases, references, harness, and data",untriaged,untriaged,untriaged,untriaged,untriaged,untriaged,not-run,not-run
non-regressions,nonRegressions/set06/v278,fortran,free,"mixed regression cases, references, harness, and data",untriaged,untriaged,untriaged,untriaged,untriaged,untriaged,not-run,not-run
non-regressions,nonRegressions/set06/v279,fortran,free,"mixed regression cases, references, harness, and data",untriaged,untriaged,untriaged,untriaged,untriaged,untriaged,not-run,not-run
non-regressions,nonRegressions/set06/v280,fortran,free,"mixed regression cases, references, harness, and data",untriaged,untriaged,untriaged,untriaged,untriaged,untriaged,not-run,not-run
non-regressions,nonRegressions/set06/v281,fortran,free,"mixed regression cases, references, harness, and data",untriaged,untriaged,untriaged,untriaged,untriaged,untriaged,not-run,not-run
non-regressions,nonRegressions/set06/v282,fortran,free,"mixed regression cases, references, harness, and data",untriaged,untriaged,untriaged,untriaged,untriaged,untriaged,not-run,not-run
non-regressions,nonRegressions/set06/v283,fortran,free,"mixed regression cases, references, harness, and data",untriaged,untriaged,untriaged,untriaged,untriaged,untriaged,not-run,not-run
non-regressions,nonRegressions/set06/v284,fortran,free,"mixed regression cases, references, harness, and data",untriaged,untriaged,untriaged,untriaged,untriaged,untriaged,not-run,not-run
non-regressions,nonRegressions/set06/v285,fortran,mixed,"mixed regression cases, references, harness, and data",untriaged,untriaged,untriaged,untriaged,untriaged,untriaged,not-run,not-run
non-regressions,nonRegressions/set06/v286,fortran,free,"mixed regression cases, references, harness, and data",untriaged,untriaged,untriaged,untriaged,untriaged,untriaged,not-run,not-run
non-regressions,nonRegressions/set06/v287,fortran,free,"mixed regression cases, references, harness, and data",untriaged,untriaged,untriaged,untriaged,untriaged,untriaged,not-run,not-run
non-regressions,nonRegressions/set06/v288,fortran,free,"mixed regression cases, references, harness, and data",untriaged,untriaged,untriaged,untriaged,untriaged,untriaged,not-run,not-run
non-regressions,nonRegressions/set06/v289,fortran,free,"mixed regression cases, references, harness, and data",untriaged,untriaged,untriaged,untriaged,untriaged,untriaged,not-run,not-run
non-regressions,nonRegressions/set06/v290,fortran,free,"mixed regression cases, references, harness, and data",untriaged,untriaged,untriaged,untriaged,untriaged,untriaged,not-run,not-run
non-regressions,nonRegressions/set06/v291,fortran,free,"mixed regression cases, references, harness, and data",untriaged,untriaged,untriaged,untriaged,untriaged,untriaged,not-run,not-run
non-regressions,nonRegressions/set06/v292,fortran,free,"mixed regression cases, references, harness, and data",untriaged,untriaged,untriaged,untriaged,untriaged,untriaged,not-run,not-run
non-regressions,nonRegressions/set06/v293,fortran,free,"mixed regression cases, references, harness, and data",untriaged,untriaged,untriaged,untriaged,untriaged,untriaged,not-run,not-run
non-regressions,nonRegressions/set06/v294,fortran,free,"mixed regression cases, references, harness, and data",untriaged,untriaged,untriaged,untriaged,untriaged,untriaged,not-run,not-run
non-regressions,nonRegressions/set06/v295,fortran,free,"mixed regression cases, references, harness, and data",untriaged,untriaged,untriaged,untriaged,untriaged,untriaged,not-run,not-run
non-regressions,nonRegressions/set06/v296,fortran,free,"mixed regression cases, references, harness, and data",untriaged,untriaged,untriaged,untriaged,untriaged,untriaged,not-run,not-run
non-regressions,nonRegressions/set06/v297,fortran,free,"mixed regression cases, references, harness, and data",untriaged,untriaged,untriaged,untriaged,untriaged,untriaged,not-run,not-run
non-regressions,nonRegressions/set06/v298,fortran,free,"mixed regression cases, references, harness, and data",untriaged,untriaged,untriaged,untriaged,untriaged,untriaged,not-run,not-run
non-regressions,nonRegressions/set06/v299,fortran,free,"mixed regression cases, references, harness, and data",untriaged,untriaged,untriaged,untriaged,untriaged,untriaged,not-run,not-run
non-regressions,nonRegressions/set06/v300,fortran,free,"mixed regression cases, references, harness, and data",untriaged,untriaged,untriaged,untriaged,untriaged,untriaged,not-run,not-run
non-regressions,nonRegressions/set06/v301,fortran,free,"mixed regression cases, references, harness, and data",untriaged,untriaged,untriaged,untriaged,untriaged,untriaged,not-run,not-run
non-regressions,nonRegressions/set06/v302,fortran,free,"mixed regression cases, references, harness, and data",untriaged,untriaged,untriaged,untriaged,untriaged,untriaged,not-run,not-run
non-regressions,nonRegressions/set06/v303,fortran,free,"mixed regression cases, references, harness, and data",untriaged,untriaged,untriaged,untriaged,untriaged,untriaged,not-run,not-run
non-regressions,nonRegressions/set06/v304,fortran,free,"mixed regression cases, references, harness, and data",untriaged,untriaged,untriaged,untriaged,untriaged,untriaged,not-run,not-run
non-regressions,nonRegressions/set06/v305,fortran,free,"mixed regression cases, references, harness, and data",untriaged,untriaged,untriaged,untriaged,untriaged,untriaged,not-run,not-run
non-regressions,nonRegressions/set06/v306,fortran,free,"mixed regression cases, references, harness, and data",untriaged,untriaged,untriaged,untriaged,untriaged,untriaged,not-run,not-run
non-regressions,nonRegressions/set06/v307,fortran,free,"mixed regression cases, references, harness, and data",untriaged,untriaged,untriaged,untriaged,untriaged,untriaged,not-run,not-run
non-regressions,nonRegressions/set06/v308,fortran,free,"mixed regression cases, references, harness, and data",untriaged,untriaged,untriaged,untriaged,untriaged,untriaged,not-run,not-run
non-regressions,nonRegressions/set06/v309,fortran,free,"mixed regression cases, references, harness, and data",untriaged,untriaged,untriaged,untriaged,untriaged,untriaged,not-run,not-run
non-regressions,nonRegressions/set06/v310,fortran,free,"mixed regression cases, references, harness, and data",untriaged,untriaged,untriaged,untriaged,untriaged,untriaged,not-run,not-run
non-regressions,nonRegressions/set06/v311,fortran,free,"mixed regression cases, references, harness, and data",untriaged,untriaged,untriaged,untriaged,untriaged,untriaged,not-run,not-run
non-regressions,nonRegressions/set06/v312,fortran,free,"mixed regression cases, references, harness, and data",untriaged,untriaged,untriaged,untriaged,untriaged,untriaged,not-run,not-run
non-regressions,nonRegressions/set06/v313,fortran,free,"mixed regression cases, references, harness, and data",untriaged,untriaged,untriaged,untriaged,untriaged,untriaged,not-run,not-run
non-regressions,nonRegressions/set06/v314,fortran,free,"mixed regression cases, references, harness, and data",runnable-ported,"test1(x,y,z); port set06_v314(x,y,z)",none,forward|reverse,strict-compiler|fresh-Tapenade-parser-tangent-reverse-compile|hand|central-difference-sweep|adjoint-identity,none,pass-fresh-parser-tangent-reverse-generation-generated-compile,pass-transform-compile-runtime
non-regressions,nonRegressions/set06/v315,fortran,free,"mixed regression cases, references, harness, and data",untriaged,untriaged,untriaged,untriaged,untriaged,untriaged,not-run,not-run
non-regressions,nonRegressions/set06/v316,fortran,free,"mixed regression cases, references, harness, and data",expected-refusal,none (module M only),-p|-d|-b (no root unit),parser|forward:no-root|reverse:no-root,strict-compiler|fresh-Tapenade-parser-tangent-reverse|independent-pointer-declaration-oracle|FortAD-no-entry-boundary|upstream-source-SHA-256-contract,module-only pointer declarations with invalid initialization; no callable procedure,pass-generation-parser-strict-refusal-tangent-reverse-no-root-messages,expected-refusal-exact-parser-forward-reverse-no-procedure
non-regressions,nonRegressions/set06/v317,fortran,free,"mixed regression cases, references, harness, and data",expected-refusal,none (module M only),-p|-d|-b (no root unit),parser|forward:no-root|reverse:no-root,strict-compiler|fresh-Tapenade-parser-tangent-reverse|independent-pointer-null-oracle|FortAD-no-entry-boundary|upstream-source-SHA-256-contract,module-only NULL pointer declaration; no callable procedure,pass-fresh-parser-strict-compile-tangent-reverse-no-root,expected-refusal-exact-parser-forward-reverse-no-procedure
non-regressions,nonRegressions/set06/v318,fortran,free,"mixed regression cases, references, harness, and data",untriaged,untriaged,untriaged,untriaged,untriaged,untriaged,not-run,not-run
non-regressions,nonRegressions/set06/v319,fortran,free,"mixed regression cases, references, harness, and data",untriaged,untriaged,untriaged,untriaged,untriaged,untriaged,not-run,not-run
non-regressions,nonRegressions/set06/v320,fortran,free,"mixed regression cases, references, harness, and data",expected-refusal,none (module TEST_TYPEDEF only),-p|-d|-b (no root unit),parser|forward:no-root|reverse:no-root,strict-compiler|fresh-Tapenade-parser-tangent-reverse|independent-derived-type-layout-oracle|FortAD-no-entry-boundary|upstream-source-SHA-256-contract,module-only data and derived types; no callable procedure,pass-fresh-no-root-parser-strict-compile-tangent-reverse-no-source,expected-refusal-exact-parser-forward-reverse-no-entry
non-regressions,nonRegressions/set06/v321,fortran,free,"mixed regression cases, references, harness, and data",untriaged,untriaged,untriaged,untriaged,untriaged,untriaged,not-run,not-run
non-regressions,nonRegressions/set06/v322,fortran,free,"mixed regression cases, references, harness, and data",untriaged,untriaged,untriaged,untriaged,untriaged,untriaged,not-run,not-run
non-regressions,nonRegressions/set06/v323,fortran,free,"mixed regression cases, references, harness, and data",untriaged,untriaged,untriaged,untriaged,untriaged,untriaged,not-run,not-run
non-regressions,nonRegressions/set06/v324,fortran,free,"mixed regression cases, references, harness, and data",untriaged,untriaged,untriaged,untriaged,untriaged,untriaged,not-run,not-run
non-regressions,nonRegressions/set06/v325,fortran,free,"mixed regression cases, references, harness, and data",untriaged,untriaged,untriaged,untriaged,untriaged,untriaged,not-run,not-run
non-regressions,nonRegressions/set06/v326,fortran,free,"mixed regression cases, references, harness, and data",untriaged,untriaged,untriaged,untriaged,untriaged,untriaged,not-run,not-run
non-regressions,nonRegressions/set06/v327,fortran,free,"mixed regression cases, references, harness, and data",untriaged,untriaged,untriaged,untriaged,untriaged,untriaged,not-run,not-run
non-regressions,nonRegressions/set06/v328,fortran,free,"mixed regression cases, references, harness, and data",untriaged,untriaged,untriaged,untriaged,untriaged,untriaged,not-run,not-run
non-regressions,nonRegressions/set06/v329,fortran,free,"mixed regression cases, references, harness, and data",untriaged,untriaged,untriaged,untriaged,untriaged,untriaged,not-run,not-run
non-regressions,nonRegressions/set06/v330,fortran,free,"mixed regression cases, references, harness, and data",untriaged,untriaged,untriaged,untriaged,untriaged,untriaged,not-run,not-run
non-regressions,nonRegressions/set06/v331,fortran,free,"mixed regression cases, references, harness, and data",untriaged,untriaged,untriaged,untriaged,untriaged,untriaged,not-run,not-run
non-regressions,nonRegressions/set06/v332,fortran,free,"mixed regression cases, references, harness, and data",untriaged,untriaged,untriaged,untriaged,untriaged,untriaged,not-run,not-run
non-regressions,nonRegressions/set06/v333,fortran,free,"mixed regression cases, references, harness, and data",untriaged,untriaged,untriaged,untriaged,untriaged,untriaged,not-run,not-run
non-regressions,nonRegressions/set06/v334,fortran,free,"mixed regression cases, references, harness, and data",untriaged,untriaged,untriaged,untriaged,untriaged,untriaged,not-run,not-run
non-regressions,nonRegressions/set06/v335,fortran,free,"mixed regression cases, references, harness, and data",untriaged,untriaged,untriaged,untriaged,untriaged,untriaged,not-run,not-run
non-regressions,nonRegressions/set06/v336,fortran,free,"mixed regression cases, references, harness, and data",untriaged,untriaged,untriaged,untriaged,untriaged,untriaged,not-run,not-run
non-regressions,nonRegressions/set06/v337,fortran,free,"mixed regression cases, references, harness, and data",untriaged,untriaged,untriaged,untriaged,untriaged,untriaged,not-run,not-run
non-regressions,nonRegressions/set06/v338,fortran,free,"mixed regression cases, references, harness, and data",untriaged,untriaged,untriaged,untriaged,untriaged,untriaged,not-run,not-run
non-regressions,nonRegressions/set06/v339,fortran,free,"mixed regression cases, references, harness, and data",untriaged,untriaged,untriaged,untriaged,untriaged,untriaged,not-run,not-run
non-regressions,nonRegressions/set06/v340,fortran,free,"mixed regression cases, references, harness, and data",untriaged,untriaged,untriaged,untriaged,untriaged,untriaged,not-run,not-run
non-regressions,nonRegressions/set06/v341,fortran,free,"mixed regression cases, references, harness, and data",untriaged,untriaged,untriaged,untriaged,untriaged,untriaged,not-run,not-run
non-regressions,nonRegressions/set06/v342,fortran,free,"mixed regression cases, references, harness, and data",untriaged,untriaged,untriaged,untriaged,untriaged,untriaged,not-run,not-run
non-regressions,nonRegressions/set06/v343,fortran,free,"mixed regression cases, references, harness, and data",untriaged,untriaged,untriaged,untriaged,untriaged,untriaged,not-run,not-run
non-regressions,nonRegressions/set06/v344,fortran,free,"mixed regression cases, references, harness, and data",unsupported-fortad-pointer-ownership,foo,-p/-root-foo|-d/-root-foo|-b/-root-foo,parser|forward|reverse,independent-nested-pointer-tree-primal-and-refusal-boundary-pass|no-derivative-support-claim,"none-reported; compiler-clean; modern-feature-score=320; exact-source-reference-sha256-in-case-result",pass-parser-forward-reverse-products,refused-parser-forward-reverse-pointer-association-storage-identity
non-regressions,nonRegressions/set06/v345,fortran,free,"mixed regression cases, references, harness, and data",untriaged,untriaged,untriaged,untriaged,untriaged,untriaged,not-run,not-run
non-regressions,nonRegressions/set06/v346,fortran,free,"mixed regression cases, references, harness, and data",untriaged,untriaged,untriaged,untriaged,untriaged,untriaged,not-run,not-run
non-regressions,nonRegressions/set06/v348,fortran,free,"mixed regression cases, references, harness, and data",untriaged,untriaged,untriaged,untriaged,untriaged,untriaged,not-run,not-run
non-regressions,nonRegressions/set06/v349,fortran,free,"mixed regression cases, references, harness, and data",untriaged,untriaged,untriaged,untriaged,untriaged,untriaged,not-run,not-run
non-regressions,nonRegressions/set06/v350,fortran,free,"mixed regression cases, references, harness, and data",untriaged,untriaged,untriaged,untriaged,untriaged,untriaged,not-run,not-run
non-regressions,nonRegressions/set06/v351,fortran,free,"mixed regression cases, references, harness, and data",untriaged,untriaged,untriaged,untriaged,untriaged,untriaged,not-run,not-run
non-regressions,nonRegressions/set06/v352,fortran,free,"mixed regression cases, references, harness, and data",untriaged,untriaged,untriaged,untriaged,untriaged,untriaged,not-run,not-run
non-regressions,nonRegressions/set06/v353,fortran,free,"mixed regression cases, references, harness, and data",untriaged,untriaged,untriaged,untriaged,untriaged,untriaged,not-run,not-run
non-regressions,nonRegressions/set06/v355,fortran,free,"mixed regression cases, references, harness, and data",untriaged,untriaged,untriaged,untriaged,untriaged,untriaged,not-run,not-run
non-regressions,nonRegressions/set06/v356,fortran,free,"mixed regression cases, references, harness, and data",untriaged,untriaged,untriaged,untriaged,untriaged,untriaged,not-run,not-run
non-regressions,nonRegressions/set06/v357,fortran,free,"mixed regression cases, references, harness, and data",untriaged,untriaged,untriaged,untriaged,untriaged,untriaged,not-run,not-run
non-regressions,nonRegressions/set06/v358,fortran,free,"mixed regression cases, references, harness, and data",untriaged,untriaged,untriaged,untriaged,untriaged,untriaged,not-run,not-run
non-regressions,nonRegressions/set06/v359,fortran,free,"mixed regression cases, references, harness, and data",untriaged,untriaged,untriaged,untriaged,untriaged,untriaged,not-run,not-run
non-regressions,nonRegressions/set06/v360,fortran,free,"mixed regression cases, references, harness, and data",expected-refusal,none (modules M0 and M1 only),-p|-d|-b (no root unit),parser|forward:no-root|reverse:no-root,strict-compiler|fresh-Tapenade-parser-tangent-reverse|independent-module-private-state-oracle|FortAD-no-entry-boundary|upstream-source-SHA-256-contract,module USE dependency and private state; no callable procedure,pass-fresh-parser-strict-compile-tangent-reverse-no-root-no-source,expected-refusal-exact-parser-forward-reverse-no-procedure
non-regressions,nonRegressions/set06/v361,fortran,free,"mixed regression cases, references, harness, and data",untriaged,untriaged,untriaged,untriaged,untriaged,untriaged,not-run,not-run
non-regressions,nonRegressions/set06/v362,fortran,free,"mixed regression cases, references, harness, and data",expected-refusal,none (modules M0 and M1 only),-p|-d|-b (no root unit),parser|forward:no-root|reverse:no-root,strict-compiler|fresh-Tapenade-parser-tangent-reverse|independent-module-private-attribute-oracle|FortAD-no-entry-boundary|upstream-source-SHA-256-contract,module USE dependency with PRIVATE attributes; no callable procedure,pass-fresh-parser-strict-compile-tangent-reverse-no-root,expected-refusal-exact-parser-forward-reverse-no-entry
non-regressions,nonRegressions/set06/v363,fortran,free,"mixed regression cases, references, harness, and data",untriaged,untriaged,untriaged,untriaged,untriaged,untriaged,not-run,not-run
non-regressions,nonRegressions/set06/v364,fortran,free,"mixed regression cases, references, harness, and data",untriaged,untriaged,untriaged,untriaged,untriaged,untriaged,not-run,not-run
non-regressions,nonRegressions/set06/v365,fortran,free,"mixed regression cases, references, harness, and data",untriaged,untriaged,untriaged,untriaged,untriaged,untriaged,not-run,not-run
non-regressions,nonRegressions/set06/v366,fortran,free,"mixed regression cases, references, harness, and data",untriaged,untriaged,untriaged,untriaged,untriaged,untriaged,not-run,not-run
non-regressions,nonRegressions/set06/v367,fortran,free,"mixed regression cases, references, harness, and data",untriaged,untriaged,untriaged,untriaged,untriaged,untriaged,not-run,not-run
non-regressions,nonRegressions/set06/v368,fortran,free,"mixed regression cases, references, harness, and data",untriaged,untriaged,untriaged,untriaged,untriaged,untriaged,not-run,not-run
non-regressions,nonRegressions/set06/v369,fortran,free,"mixed regression cases, references, harness, and data",untriaged,untriaged,untriaged,untriaged,untriaged,untriaged,not-run,not-run
non-regressions,nonRegressions/set06/v370,fortran,free,"mixed regression cases, references, harness, and data",untriaged,untriaged,untriaged,untriaged,untriaged,untriaged,not-run,not-run
non-regressions,nonRegressions/set06/v371,fortran,free,"mixed regression cases, references, harness, and data",untriaged,untriaged,untriaged,untriaged,untriaged,untriaged,not-run,not-run
non-regressions,nonRegressions/set06/v372,fortran,free,"mixed regression cases, references, harness, and data",untriaged,untriaged,untriaged,untriaged,untriaged,untriaged,not-run,not-run
non-regressions,nonRegressions/set06/v373,fortran,free,"mixed regression cases, references, harness, and data",untriaged,untriaged,untriaged,untriaged,untriaged,untriaged,not-run,not-run
non-regressions,nonRegressions/set06/v374,fortran,free,"mixed regression cases, references, harness, and data",untriaged,untriaged,untriaged,untriaged,untriaged,untriaged,not-run,not-run
non-regressions,nonRegressions/set06/v375,fortran,free,"mixed regression cases, references, harness, and data",untriaged,untriaged,untriaged,untriaged,untriaged,untriaged,not-run,not-run
non-regressions,nonRegressions/set06/v376,fortran,free,"mixed regression cases, references, harness, and data",untriaged,untriaged,untriaged,untriaged,untriaged,untriaged,not-run,not-run
non-regressions,nonRegressions/set06/v378,fortran,free,"mixed regression cases, references, harness, and data",untriaged,untriaged,untriaged,untriaged,untriaged,untriaged,not-run,not-run
non-regressions,nonRegressions/set06/v379,fortran,free,"mixed regression cases, references, harness, and data",runnable-ported,"subr(n,x,f); port set06_v379(n,x,f)",none,forward|reverse,strict-compiler|fresh-Tapenade-parser-tangent-reverse-compile|hand|central-difference-sweep|adjoint-identity,none,pass-fresh-parser-tangent-reverse-generation-generated-compile,pass-transform-compile-runtime
non-regressions,nonRegressions/set06/v380,fortran,free,"mixed regression cases, references, harness, and data",untriaged,untriaged,untriaged,untriaged,untriaged,untriaged,not-run,not-run
non-regressions,nonRegressions/set06/v381,fortran,free,"mixed regression cases, references, harness, and data",untriaged,untriaged,untriaged,untriaged,untriaged,untriaged,not-run,not-run
non-regressions,nonRegressions/set06/v382,fortran,free,"mixed regression cases, references, harness, and data",untriaged,untriaged,untriaged,untriaged,untriaged,untriaged,not-run,not-run
non-regressions,nonRegressions/set06/v383,fortran,free,"mixed regression cases, references, harness, and data",untriaged,untriaged,untriaged,untriaged,untriaged,untriaged,not-run,not-run
non-regressions,nonRegressions/set06/v384,fortran,free,"mixed regression cases, references, harness, and data",untriaged,untriaged,untriaged,untriaged,untriaged,untriaged,not-run,not-run
non-regressions,nonRegressions/set06/v386,fortran,free,"mixed regression cases, references, harness, and data",untriaged,untriaged,untriaged,untriaged,untriaged,untriaged,not-run,not-run
non-regressions,nonRegressions/set06/v387,fortran,free,"mixed regression cases, references, harness, and data",untriaged,untriaged,untriaged,untriaged,untriaged,untriaged,not-run,not-run
non-regressions,nonRegressions/set06/v388,fortran,free,"mixed regression cases, references, harness, and data",untriaged,untriaged,untriaged,untriaged,untriaged,untriaged,not-run,not-run
non-regressions,nonRegressions/set06/v389,fortran,free,"mixed regression cases, references, harness, and data",untriaged,untriaged,untriaged,untriaged,untriaged,untriaged,not-run,not-run
non-regressions,nonRegressions/set07/lh200,fortran,free,"mixed regression cases, references, harness, and data",untriaged,untriaged,untriaged,untriaged,untriaged,untriaged,not-run,not-run
non-regressions,nonRegressions/set07/lh201,fortran,fixed,"mixed regression cases, references, harness, and data",untriaged,untriaged,untriaged,untriaged,untriaged,untriaged,not-run,not-run
non-regressions,nonRegressions/set07/lh202,fortran,free,"mixed regression cases, references, harness, and data",untriaged,untriaged,untriaged,untriaged,untriaged,untriaged,not-run,not-run
non-regressions,nonRegressions/set07/v390,fortran,free,"mixed regression cases, references, harness, and data",untriaged,untriaged,untriaged,untriaged,untriaged,untriaged,not-run,not-run
non-regressions,nonRegressions/set07/v391,fortran,free,"mixed regression cases, references, harness, and data",untriaged,untriaged,untriaged,untriaged,untriaged,untriaged,not-run,not-run
non-regressions,nonRegressions/set07/v392,fortran,free,"mixed regression cases, references, harness, and data",untriaged,untriaged,untriaged,untriaged,untriaged,untriaged,not-run,not-run
non-regressions,nonRegressions/set07/v393,fortran,free,"mixed regression cases, references, harness, and data",untriaged,untriaged,untriaged,untriaged,untriaged,untriaged,not-run,not-run
non-regressions,nonRegressions/set07/v394,fortran,free,"mixed regression cases, references, harness, and data",untriaged,untriaged,untriaged,untriaged,untriaged,untriaged,not-run,not-run
non-regressions,nonRegressions/set07/v395,fortran,free,"mixed regression cases, references, harness, and data",untriaged,untriaged,untriaged,untriaged,untriaged,untriaged,not-run,not-run
non-regressions,nonRegressions/set07/v396,fortran,free,"mixed regression cases, references, harness, and data",untriaged,untriaged,untriaged,untriaged,untriaged,untriaged,not-run,not-run
non-regressions,nonRegressions/set07/v397,fortran,free,"mixed regression cases, references, harness, and data",untriaged,untriaged,untriaged,untriaged,untriaged,untriaged,not-run,not-run
non-regressions,nonRegressions/set07/v398,fortran,free,"mixed regression cases, references, harness, and data",untriaged,untriaged,untriaged,untriaged,untriaged,untriaged,not-run,not-run
non-regressions,nonRegressions/set07/v399,fortran,free,"mixed regression cases, references, harness, and data",untriaged,untriaged,untriaged,untriaged,untriaged,untriaged,not-run,not-run
non-regressions,nonRegressions/set07/v401,fortran,free,"mixed regression cases, references, harness, and data",untriaged,untriaged,untriaged,untriaged,untriaged,untriaged,not-run,not-run
non-regressions,nonRegressions/set07/v403,fortran,free,"mixed regression cases, references, harness, and data",untriaged,untriaged,untriaged,untriaged,untriaged,untriaged,not-run,not-run
non-regressions,nonRegressions/set07/v404,fortran,free,"mixed regression cases, references, harness, and data",untriaged,untriaged,untriaged,untriaged,untriaged,untriaged,not-run,not-run
non-regressions,nonRegressions/set07/v405,fortran,free,"mixed regression cases, references, harness, and data",untriaged,untriaged,untriaged,untriaged,untriaged,untriaged,not-run,not-run
non-regressions,nonRegressions/set07/v406,fortran,free,"mixed regression cases, references, harness, and data",untriaged,untriaged,untriaged,untriaged,untriaged,untriaged,not-run,not-run
non-regressions,nonRegressions/set07/v407,fortran,free,"mixed regression cases, references, harness, and data",untriaged,untriaged,untriaged,untriaged,untriaged,untriaged,not-run,not-run
non-regressions,nonRegressions/set07/v408,fortran,free,"mixed regression cases, references, harness, and data",untriaged,untriaged,untriaged,untriaged,untriaged,untriaged,not-run,not-run
non-regressions,nonRegressions/set07/v409,fortran,free,"mixed regression cases, references, harness, and data",untriaged,untriaged,untriaged,untriaged,untriaged,untriaged,not-run,not-run
non-regressions,nonRegressions/set07/v410,fortran,free,"mixed regression cases, references, harness, and data",untriaged,untriaged,untriaged,untriaged,untriaged,untriaged,not-run,not-run
non-regressions,nonRegressions/set07/v411,fortran,free,"mixed regression cases, references, harness, and data",untriaged,untriaged,untriaged,untriaged,untriaged,untriaged,not-run,not-run
non-regressions,nonRegressions/set07/v428,fortran,free,"mixed regression cases, references, harness, and data",untriaged,untriaged,untriaged,untriaged,untriaged,untriaged,not-run,not-run
non-regressions,nonRegressions/set07/v429,fortran,free,"mixed regression cases, references, harness, and data",untriaged,untriaged,untriaged,untriaged,untriaged,untriaged,not-run,not-run
non-regressions,nonRegressions/set07/v430,fortran,free,"mixed regression cases, references, harness, and data",untriaged,untriaged,untriaged,untriaged,untriaged,untriaged,not-run,not-run
non-regressions,nonRegressions/set07/v431,fortran,free,"mixed regression cases, references, harness, and data",untriaged,untriaged,untriaged,untriaged,untriaged,untriaged,not-run,not-run
non-regressions,nonRegressions/set07/v432,fortran,free,"mixed regression cases, references, harness, and data",untriaged,untriaged,untriaged,untriaged,untriaged,untriaged,not-run,not-run
non-regressions,nonRegressions/set07/v433,fortran,free,"mixed regression cases, references, harness, and data",untriaged,untriaged,untriaged,untriaged,untriaged,untriaged,not-run,not-run
non-regressions,nonRegressions/set07/v434,fortran,free,"mixed regression cases, references, harness, and data",untriaged,untriaged,untriaged,untriaged,untriaged,untriaged,not-run,not-run
non-regressions,nonRegressions/set07/v435,fortran,free,"mixed regression cases, references, harness, and data",untriaged,untriaged,untriaged,untriaged,untriaged,untriaged,not-run,not-run
non-regressions,nonRegressions/set07/v436,fortran,free,"mixed regression cases, references, harness, and data",untriaged,untriaged,untriaged,untriaged,untriaged,untriaged,not-run,not-run
non-regressions,nonRegressions/set07/v437,fortran,free,"mixed regression cases, references, harness, and data",untriaged,untriaged,untriaged,untriaged,untriaged,untriaged,not-run,not-run
non-regressions,nonRegressions/set07/v438,fortran,free,"mixed regression cases, references, harness, and data",untriaged,untriaged,untriaged,untriaged,untriaged,untriaged,not-run,not-run
non-regressions,nonRegressions/set07/v439,fortran,free,"mixed regression cases, references, harness, and data",untriaged,untriaged,untriaged,untriaged,untriaged,untriaged,not-run,not-run
non-regressions,nonRegressions/set07/v440,fortran,free,"mixed regression cases, references, harness, and data",untriaged,untriaged,untriaged,untriaged,untriaged,untriaged,not-run,not-run
non-regressions,nonRegressions/set07/v441,fortran,free,"mixed regression cases, references, harness, and data",untriaged,untriaged,untriaged,untriaged,untriaged,untriaged,not-run,not-run
non-regressions,nonRegressions/set07/v442,fortran,free,"mixed regression cases, references, harness, and data",untriaged,untriaged,untriaged,untriaged,untriaged,untriaged,not-run,not-run
non-regressions,nonRegressions/set07/v443,fortran,free,"mixed regression cases, references, harness, and data",untriaged,untriaged,untriaged,untriaged,untriaged,untriaged,not-run,not-run
non-regressions,nonRegressions/set07/v444,fortran,free,"mixed regression cases, references, harness, and data",untriaged,untriaged,untriaged,untriaged,untriaged,untriaged,not-run,not-run
non-regressions,nonRegressions/set07/v445,fortran,free,"mixed regression cases, references, harness, and data",untriaged,untriaged,untriaged,untriaged,untriaged,untriaged,not-run,not-run
non-regressions,nonRegressions/set07/v446,fortran,free,"mixed regression cases, references, harness, and data",untriaged,untriaged,untriaged,untriaged,untriaged,untriaged,not-run,not-run
non-regressions,nonRegressions/set07/v447,fortran,free,"mixed regression cases, references, harness, and data",untriaged,untriaged,untriaged,untriaged,untriaged,untriaged,not-run,not-run
non-regressions,nonRegressions/set07/v448,fortran,free,"mixed regression cases, references, harness, and data",untriaged,untriaged,untriaged,untriaged,untriaged,untriaged,not-run,not-run
non-regressions,nonRegressions/set07/v449,fortran,free,"mixed regression cases, references, harness, and data",untriaged,untriaged,untriaged,untriaged,untriaged,untriaged,not-run,not-run
non-regressions,nonRegressions/set07/v450,fortran,free,"mixed regression cases, references, harness, and data",untriaged,untriaged,untriaged,untriaged,untriaged,untriaged,not-run,not-run
non-regressions,nonRegressions/set07/v451,fortran,free,"mixed regression cases, references, harness, and data",untriaged,untriaged,untriaged,untriaged,untriaged,untriaged,not-run,not-run
non-regressions,nonRegressions/set07/v452,fortran,free,"mixed regression cases, references, harness, and data",untriaged,untriaged,untriaged,untriaged,untriaged,untriaged,not-run,not-run
non-regressions,nonRegressions/set07/v453,fortran,free,"mixed regression cases, references, harness, and data",untriaged,untriaged,untriaged,untriaged,untriaged,untriaged,not-run,not-run
non-regressions,nonRegressions/set07/v454,fortran,free,"mixed regression cases, references, harness, and data",untriaged,untriaged,untriaged,untriaged,untriaged,untriaged,not-run,not-run
non-regressions,nonRegressions/set07/v455,fortran,free,"mixed regression cases, references, harness, and data",untriaged,untriaged,untriaged,untriaged,untriaged,untriaged,not-run,not-run
non-regressions,nonRegressions/set07/v456,fortran,free,"mixed regression cases, references, harness, and data",untriaged,untriaged,untriaged,untriaged,untriaged,untriaged,not-run,not-run
non-regressions,nonRegressions/set07/v457,fortran,free,"mixed regression cases, references, harness, and data",untriaged,untriaged,untriaged,untriaged,untriaged,untriaged,not-run,not-run
non-regressions,nonRegressions/set07/v459,fortran,free,"mixed regression cases, references, harness, and data",untriaged,untriaged,untriaged,untriaged,untriaged,untriaged,not-run,not-run
non-regressions,nonRegressions/set07/v460,fortran,free,"mixed regression cases, references, harness, and data",untriaged,untriaged,untriaged,untriaged,untriaged,untriaged,not-run,not-run
non-regressions,nonRegressions/set07/v461,fortran,free,"mixed regression cases, references, harness, and data",untriaged,untriaged,untriaged,untriaged,untriaged,untriaged,not-run,not-run
non-regressions,nonRegressions/set07/v462,fortran,free,"mixed regression cases, references, harness, and data",untriaged,untriaged,untriaged,untriaged,untriaged,untriaged,not-run,not-run
non-regressions,nonRegressions/set07/v465,fortran,free,"mixed regression cases, references, harness, and data",untriaged,untriaged,untriaged,untriaged,untriaged,untriaged,not-run,not-run
non-regressions,nonRegressions/set07/v466,fortran,free,"mixed regression cases, references, harness, and data",untriaged,untriaged,untriaged,untriaged,untriaged,untriaged,not-run,not-run
non-regressions,nonRegressions/set07/v467,fortran,free,"mixed regression cases, references, harness, and data",untriaged,untriaged,untriaged,untriaged,untriaged,untriaged,not-run,not-run
non-regressions,nonRegressions/set07/v468,fortran,free,"mixed regression cases, references, harness, and data",untriaged,untriaged,untriaged,untriaged,untriaged,untriaged,not-run,not-run
non-regressions,nonRegressions/set07/v470,fortran,free,"mixed regression cases, references, harness, and data",untriaged,untriaged,untriaged,untriaged,untriaged,untriaged,not-run,not-run
non-regressions,nonRegressions/set07/v471,fortran,free,"mixed regression cases, references, harness, and data",untriaged,untriaged,untriaged,untriaged,untriaged,untriaged,not-run,not-run
non-regressions,nonRegressions/set07/v472,fortran,free,"mixed regression cases, references, harness, and data",untriaged,untriaged,untriaged,untriaged,untriaged,untriaged,not-run,not-run
non-regressions,nonRegressions/set07/v473,fortran,free,"mixed regression cases, references, harness, and data",untriaged,untriaged,untriaged,untriaged,untriaged,untriaged,not-run,not-run
non-regressions,nonRegressions/set07/v474,fortran,free,"mixed regression cases, references, harness, and data",untriaged,untriaged,untriaged,untriaged,untriaged,untriaged,not-run,not-run
non-regressions,nonRegressions/set07/v475,fortran,free,"mixed regression cases, references, harness, and data",untriaged,untriaged,untriaged,untriaged,untriaged,untriaged,not-run,not-run
non-regressions,nonRegressions/set07/v476,fortran,free,"mixed regression cases, references, harness, and data",untriaged,untriaged,untriaged,untriaged,untriaged,untriaged,not-run,not-run
non-regressions,nonRegressions/set07/v477,fortran,free,"mixed regression cases, references, harness, and data",untriaged,untriaged,untriaged,untriaged,untriaged,untriaged,not-run,not-run
non-regressions,nonRegressions/set07/v479,fortran,free,"mixed regression cases, references, harness, and data",unsupported-fortad-global-mutable-state,ainit,-p/-root-ainit|-d/-root-ainit|-b/-root-ainit,parser|forward|reverse,independent-module-state-initialization-and-refusal-boundary-pass|no-derivative-support-claim,none-reported; compiler-clean; modern-feature-score=145; exact-source-reference-sha256-in-case-result,pass-parser-forward-reverse-no-active-input-output-message,refused-parser-forward-reverse-module-level-allocatable-mutable-state
non-regressions,nonRegressions/set07/v480,fortran,free,"mixed regression cases, references, harness, and data",untriaged,untriaged,untriaged,untriaged,untriaged,untriaged,not-run,not-run
non-regressions,nonRegressions/set07/v482,fortran,free,"mixed regression cases, references, harness, and data",untriaged,untriaged,untriaged,untriaged,untriaged,untriaged,not-run,not-run
non-regressions,nonRegressions/set07/v483,fortran,free,"mixed regression cases, references, harness, and data",untriaged,untriaged,untriaged,untriaged,untriaged,untriaged,not-run,not-run
non-regressions,nonRegressions/set07/v484,fortran,free,"mixed regression cases, references, harness, and data",untriaged,untriaged,untriaged,untriaged,untriaged,untriaged,not-run,not-run
non-regressions,nonRegressions/set07/v485,fortran,free,"mixed regression cases, references, harness, and data",expected-refusal,none (module FOX_DOM_TYPES only),-p|-d|-b (no root unit),parser|forward:no-root|reverse:no-root,strict-compiler|fresh-Tapenade-parser-tangent-reverse|independent-private-derived-type-oracle|FortAD-no-entry-boundary|upstream-source-SHA-256-contract,module-only private pointer component; no callable procedure,pass-fresh-parser-strict-compile-tangent-reverse-no-root-messages,expected-refusal-exact-parser-forward-reverse-no-entry
non-regressions,nonRegressions/set07/v486,fortran,free,"mixed regression cases, references, harness, and data",untriaged,untriaged,untriaged,untriaged,untriaged,untriaged,not-run,not-run
non-regressions,nonRegressions/set07/v487,fortran,free,"mixed regression cases, references, harness, and data",untriaged,untriaged,untriaged,untriaged,untriaged,untriaged,not-run,not-run
non-regressions,nonRegressions/set07/v488,fortran,free,"mixed regression cases, references, harness, and data",untriaged,untriaged,untriaged,untriaged,untriaged,untriaged,not-run,not-run
non-regressions,nonRegressions/set07/v490,fortran,free,"mixed regression cases, references, harness, and data",untriaged,untriaged,untriaged,untriaged,untriaged,untriaged,not-run,not-run
non-regressions,nonRegressions/set07/v491,fortran,free,"mixed regression cases, references, harness, and data",untriaged,untriaged,untriaged,untriaged,untriaged,untriaged,not-run,not-run
non-regressions,nonRegressions/set07/v492,fortran,free,"mixed regression cases, references, harness, and data",untriaged,untriaged,untriaged,untriaged,untriaged,untriaged,not-run,not-run
non-regressions,nonRegressions/set07/v493,fortran,free,"mixed regression cases, references, harness, and data",untriaged,untriaged,untriaged,untriaged,untriaged,untriaged,not-run,not-run
non-regressions,nonRegressions/set07/v494,fortran,free,"mixed regression cases, references, harness, and data",untriaged,untriaged,untriaged,untriaged,untriaged,untriaged,not-run,not-run
non-regressions,nonRegressions/set07/v495,fortran,free,"mixed regression cases, references, harness, and data",untriaged,untriaged,untriaged,untriaged,untriaged,untriaged,not-run,not-run
non-regressions,nonRegressions/set07/v496,fortran,free,"mixed regression cases, references, harness, and data",untriaged,untriaged,untriaged,untriaged,untriaged,untriaged,not-run,not-run
non-regressions,nonRegressions/set07/v497,fortran,free,"mixed regression cases, references, harness, and data",untriaged,untriaged,untriaged,untriaged,untriaged,untriaged,not-run,not-run
non-regressions,nonRegressions/set07/v498,fortran,free,"mixed regression cases, references, harness, and data",untriaged,untriaged,untriaged,untriaged,untriaged,untriaged,not-run,not-run
non-regressions,nonRegressions/set07/v499,fortran,free,"mixed regression cases, references, harness, and data",untriaged,untriaged,untriaged,untriaged,untriaged,untriaged,not-run,not-run
non-regressions,nonRegressions/set07/v500,fortran,free,"mixed regression cases, references, harness, and data",untriaged,untriaged,untriaged,untriaged,untriaged,untriaged,not-run,not-run
non-regressions,nonRegressions/set07/v501,fortran,free,"mixed regression cases, references, harness, and data",untriaged,untriaged,untriaged,untriaged,untriaged,untriaged,not-run,not-run
non-regressions,nonRegressions/set07/v502,fortran,free,"mixed regression cases, references, harness, and data",untriaged,untriaged,untriaged,untriaged,untriaged,untriaged,not-run,not-run
non-regressions,nonRegressions/set07/v504,fortran,free,"mixed regression cases, references, harness, and data",untriaged,untriaged,untriaged,untriaged,untriaged,untriaged,not-run,not-run
non-regressions,nonRegressions/set07/v505,fortran,free,"mixed regression cases, references, harness, and data",untriaged,untriaged,untriaged,untriaged,untriaged,untriaged,not-run,not-run
non-regressions,nonRegressions/set07/v506,fortran,free,"mixed regression cases, references, harness, and data",untriaged,untriaged,untriaged,untriaged,untriaged,untriaged,not-run,not-run
non-regressions,nonRegressions/set07/v507,fortran,free,"mixed regression cases, references, harness, and data",untriaged,untriaged,untriaged,untriaged,untriaged,untriaged,not-run,not-run
non-regressions,nonRegressions/set07/v508,fortran,free,"mixed regression cases, references, harness, and data",untriaged,untriaged,untriaged,untriaged,untriaged,untriaged,not-run,not-run
non-regressions,nonRegressions/set07/v509,fortran,free,"mixed regression cases, references, harness, and data",untriaged,untriaged,untriaged,untriaged,untriaged,untriaged,not-run,not-run
non-regressions,nonRegressions/set07/v510,fortran,free,"mixed regression cases, references, harness, and data",untriaged,untriaged,untriaged,untriaged,untriaged,untriaged,not-run,not-run
non-regressions,nonRegressions/set07/v511,fortran,free,"mixed regression cases, references, harness, and data",untriaged,untriaged,untriaged,untriaged,untriaged,untriaged,not-run,not-run
non-regressions,nonRegressions/set07/v513,fortran,free,"mixed regression cases, references, harness, and data",untriaged,untriaged,untriaged,untriaged,untriaged,untriaged,not-run,not-run
non-regressions,nonRegressions/set07/v514,fortran,free,"mixed regression cases, references, harness, and data",untriaged,untriaged,untriaged,untriaged,untriaged,untriaged,not-run,not-run
non-regressions,nonRegressions/set07/v516,fortran,free,"mixed regression cases, references, harness, and data",untriaged,untriaged,untriaged,untriaged,untriaged,untriaged,not-run,not-run
non-regressions,nonRegressions/set07/v517,fortran,free,"mixed regression cases, references, harness, and data",untriaged,untriaged,untriaged,untriaged,untriaged,untriaged,not-run,not-run
non-regressions,nonRegressions/set07/v518,fortran,free,"mixed regression cases, references, harness, and data",untriaged,untriaged,untriaged,untriaged,untriaged,untriaged,not-run,not-run
non-regressions,nonRegressions/set07/v519,fortran,free,"mixed regression cases, references, harness, and data",untriaged,untriaged,untriaged,untriaged,untriaged,untriaged,not-run,not-run
non-regressions,nonRegressions/set07/v520,fortran,free,"mixed regression cases, references, harness, and data",unsupported-fortad-allocatable-derived-component,calc_force,-p/-root-calc_force|-d/-root-calc_force|-b/-root-calc_force,parser|forward|reverse,independent-allocatable-derived-force-arithmetic-and-refusal-boundary-pass|no-derivative-support-claim,none-reported; compiler-clean; modern-feature-score=122; exact-source-reference-sha256-in-case-result,pass-parser-forward-reverse-products,refused-parser-forward-reverse-module-level-allocatable-mutable-state
non-regressions,nonRegressions/set07/v521,fortran,free,"mixed regression cases, references, harness, and data",untriaged,untriaged,untriaged,untriaged,untriaged,untriaged,not-run,not-run
non-regressions,nonRegressions/set07/v522,fortran,free,"mixed regression cases, references, harness, and data",untriaged,untriaged,untriaged,untriaged,untriaged,untriaged,not-run,not-run
non-regressions,nonRegressions/set07/v523,fortran,free,"mixed regression cases, references, harness, and data",expected-refusal,none (empty source),-p|-d|-b (no root unit; empty source),parser|forward:no-root|reverse:no-root,strict-compiler|fresh-Tapenade-parser-tangent-reverse|independent-empty-source-oracle|FortAD-no-entry-boundary|upstream-source-SHA-256-contract,empty source and stored message only; no callable procedure,pass-empty-parser-message-tangent-reverse-no-root-messages,expected-refusal-exact-parser-forward-reverse-no-entry
non-regressions,nonRegressions/set07/v524,fortran,mixed,"mixed regression cases, references, harness, and data",untriaged,untriaged,untriaged,untriaged,untriaged,untriaged,not-run,not-run
non-regressions,nonRegressions/set07/v526,fortran,free,"mixed regression cases, references, harness, and data",untriaged,untriaged,untriaged,untriaged,untriaged,untriaged,not-run,not-run
non-regressions,nonRegressions/set07/v527,fortran,free,"mixed regression cases, references, harness, and data",untriaged,untriaged,untriaged,untriaged,untriaged,untriaged,not-run,not-run
non-regressions,nonRegressions/set07/v528,fortran,free,"mixed regression cases, references, harness, and data",untriaged,untriaged,untriaged,untriaged,untriaged,untriaged,not-run,not-run
non-regressions,nonRegressions/set07/v529,fortran,free,"mixed regression cases, references, harness, and data",untriaged,untriaged,untriaged,untriaged,untriaged,untriaged,not-run,not-run
non-regressions,nonRegressions/set07/v530,fortran,free,"mixed regression cases, references, harness, and data",untriaged,untriaged,untriaged,untriaged,untriaged,untriaged,not-run,not-run
non-regressions,nonRegressions/set07/v531,fortran,free,"mixed regression cases, references, harness, and data",untriaged,untriaged,untriaged,untriaged,untriaged,untriaged,not-run,not-run
non-regressions,nonRegressions/set07/v533,fortran,free,"mixed regression cases, references, harness, and data",untriaged,untriaged,untriaged,untriaged,untriaged,untriaged,not-run,not-run
non-regressions,nonRegressions/set07/v534,fortran,free,"mixed regression cases, references, harness, and data",unsupported-fortad-pointer-ownership,testallocs,-p/-root-testallocs|-d/-root-testallocs|-b/-root-testallocs,parser|forward|reverse,independent-pointer-allocation-primal-and-refusal-boundary-pass|no-derivative-support-claim,"none-reported; compiler-clean; modern-feature-score=165; exact-source-reference-sha256-in-case-result",pass-parser-forward-reverse-products,refused-parser-forward-reverse-pointer-association-storage-identity
non-regressions,nonRegressions/set07/v535,fortran,free,"mixed regression cases, references, harness, and data",unsupported-fortad-pointer-ownership,testallocs,-p/-root-testallocs|-d/-root-testallocs|-b/-root-testallocs,parser|forward|reverse,independent-pointer-allocation-primal-and-refusal-boundary-pass|no-derivative-support-claim,"none-reported; compiler-clean; modern-feature-score=159; exact-source-reference-sha256-in-case-result",pass-parser-forward-reverse-products,refused-parser-forward-reverse-pointer-association-storage-identity
non-regressions,nonRegressions/set07/v536,fortran,free,"mixed regression cases, references, harness, and data",untriaged,untriaged,untriaged,untriaged,untriaged,untriaged,not-run,not-run
non-regressions,nonRegressions/set07/v537,fortran,free,"mixed regression cases, references, harness, and data",untriaged,untriaged,untriaged,untriaged,untriaged,untriaged,not-run,not-run
non-regressions,nonRegressions/set07/v538,fortran,free,"mixed regression cases, references, harness, and data",untriaged,untriaged,untriaged,untriaged,untriaged,untriaged,not-run,not-run
non-regressions,nonRegressions/set07/v539,fortran,free,"mixed regression cases, references, harness, and data",untriaged,untriaged,untriaged,untriaged,untriaged,untriaged,not-run,not-run
non-regressions,nonRegressions/set07/v540,fortran,free,"mixed regression cases, references, harness, and data",untriaged,untriaged,untriaged,untriaged,untriaged,untriaged,not-run,not-run
non-regressions,nonRegressions/set07/v541,fortran,free,"mixed regression cases, references, harness, and data",untriaged,untriaged,untriaged,untriaged,untriaged,untriaged,not-run,not-run
non-regressions,nonRegressions/set07/v542,fortran,free,"mixed regression cases, references, harness, and data",untriaged,untriaged,untriaged,untriaged,untriaged,untriaged,not-run,not-run
non-regressions,nonRegressions/set07/v543,fortran,free,"mixed regression cases, references, harness, and data",untriaged,untriaged,untriaged,untriaged,untriaged,untriaged,not-run,not-run
non-regressions,nonRegressions/set07/v544,fortran,free,"mixed regression cases, references, harness, and data",expected-refusal,none (module TEST only),-p|-d|-b (no root unit),parser|forward:no-root|reverse:no-root,strict-compiler|fresh-Tapenade-parser-tangent-reverse|independent-private-type-layout-oracle|FortAD-no-entry-boundary|upstream-source-SHA-256-contract,module-only C_PTR declaration and parameter; no callable procedure,pass-fresh-parser-strict-compile-tangent-reverse-no-root,expected-refusal-exact-parser-forward-reverse-no-entry
non-regressions,nonRegressions/set07/v545,fortran,free,"mixed regression cases, references, harness, and data",untriaged,untriaged,untriaged,untriaged,untriaged,untriaged,not-run,not-run
non-regressions,nonRegressions/set07/v546,fortran,free,"mixed regression cases, references, harness, and data",untriaged,untriaged,untriaged,untriaged,untriaged,untriaged,not-run,not-run
non-regressions,nonRegressions/set07/v547,fortran,free,"mixed regression cases, references, harness, and data",untriaged,untriaged,untriaged,untriaged,untriaged,untriaged,not-run,not-run
non-regressions,nonRegressions/set07/v548,fortran,free,"mixed regression cases, references, harness, and data",untriaged,untriaged,untriaged,untriaged,untriaged,untriaged,not-run,not-run
non-regressions,nonRegressions/set07/vht01,fortran,free,"mixed regression cases, references, harness, and data",untriaged,untriaged,untriaged,untriaged,untriaged,untriaged,not-run,not-run
non-regressions,nonRegressions/set08/ag01,c,n/a,"mixed regression cases, references, harness, and data",fortad-unsupported-source-language,not-inspected,not-inspected,not-inspected,not-applicable-no-fortad-run,not-inspected,not-run,not-run-unsupported-source-language
non-regressions,nonRegressions/set08/lh001,c,n/a,"mixed regression cases, references, harness, and data",fortad-unsupported-source-language,not-inspected,not-inspected,not-inspected,not-applicable-no-fortad-run,not-inspected,not-run,not-run-unsupported-source-language
non-regressions,nonRegressions/set08/lh002,c,n/a,"mixed regression cases, references, harness, and data",fortad-unsupported-source-language,not-inspected,not-inspected,not-inspected,not-applicable-no-fortad-run,not-inspected,not-run,not-run-unsupported-source-language
non-regressions,nonRegressions/set08/lh003,c,n/a,"mixed regression cases, references, harness, and data",fortad-unsupported-source-language,not-inspected,not-inspected,not-inspected,not-applicable-no-fortad-run,not-inspected,not-run,not-run-unsupported-source-language
non-regressions,nonRegressions/set08/lh004,c,n/a,"mixed regression cases, references, harness, and data",fortad-unsupported-source-language,not-inspected,not-inspected,not-inspected,not-applicable-no-fortad-run,not-inspected,not-run,not-run-unsupported-source-language
non-regressions,nonRegressions/set08/lh006,c,n/a,"mixed regression cases, references, harness, and data",fortad-unsupported-source-language,not-inspected,not-inspected,not-inspected,not-applicable-no-fortad-run,not-inspected,not-run,not-run-unsupported-source-language
non-regressions,nonRegressions/set08/lh007,c,n/a,"mixed regression cases, references, harness, and data",fortad-unsupported-source-language,not-inspected,not-inspected,not-inspected,not-applicable-no-fortad-run,not-inspected,not-run,not-run-unsupported-source-language
non-regressions,nonRegressions/set08/lh008,c,n/a,"mixed regression cases, references, harness, and data",fortad-unsupported-source-language,not-inspected,not-inspected,not-inspected,not-applicable-no-fortad-run,not-inspected,not-run,not-run-unsupported-source-language
non-regressions,nonRegressions/set08/lh009,c,n/a,"mixed regression cases, references, harness, and data",fortad-unsupported-source-language,not-inspected,not-inspected,not-inspected,not-applicable-no-fortad-run,not-inspected,not-run,not-run-unsupported-source-language
non-regressions,nonRegressions/set08/lh010,c,n/a,"mixed regression cases, references, harness, and data",fortad-unsupported-source-language,not-inspected,not-inspected,not-inspected,not-applicable-no-fortad-run,not-inspected,not-run,not-run-unsupported-source-language
non-regressions,nonRegressions/set08/lh011,c,n/a,"mixed regression cases, references, harness, and data",fortad-unsupported-source-language,not-inspected,not-inspected,not-inspected,not-applicable-no-fortad-run,not-inspected,not-run,not-run-unsupported-source-language
non-regressions,nonRegressions/set08/lh012,c,n/a,"mixed regression cases, references, harness, and data",fortad-unsupported-source-language,not-inspected,not-inspected,not-inspected,not-applicable-no-fortad-run,not-inspected,not-run,not-run-unsupported-source-language
non-regressions,nonRegressions/set08/lh013,c,n/a,"mixed regression cases, references, harness, and data",fortad-unsupported-source-language,not-inspected,not-inspected,not-inspected,not-applicable-no-fortad-run,not-inspected,not-run,not-run-unsupported-source-language
non-regressions,nonRegressions/set08/lh014,c,n/a,"mixed regression cases, references, harness, and data",fortad-unsupported-source-language,not-inspected,not-inspected,not-inspected,not-applicable-no-fortad-run,not-inspected,not-run,not-run-unsupported-source-language
non-regressions,nonRegressions/set08/lh015,c,n/a,"mixed regression cases, references, harness, and data",fortad-unsupported-source-language,not-inspected,not-inspected,not-inspected,not-applicable-no-fortad-run,not-inspected,not-run,not-run-unsupported-source-language
non-regressions,nonRegressions/set08/lh016,c,n/a,"mixed regression cases, references, harness, and data",fortad-unsupported-source-language,not-inspected,not-inspected,not-inspected,not-applicable-no-fortad-run,not-inspected,not-run,not-run-unsupported-source-language
non-regressions,nonRegressions/set08/lh017,c,n/a,"mixed regression cases, references, harness, and data",fortad-unsupported-source-language,not-inspected,not-inspected,not-inspected,not-applicable-no-fortad-run,not-inspected,not-run,not-run-unsupported-source-language
non-regressions,nonRegressions/set08/lh018,c,n/a,"mixed regression cases, references, harness, and data",fortad-unsupported-source-language,not-inspected,not-inspected,not-inspected,not-applicable-no-fortad-run,not-inspected,not-run,not-run-unsupported-source-language
non-regressions,nonRegressions/set08/lh019,c,n/a,"mixed regression cases, references, harness, and data",fortad-unsupported-source-language,not-inspected,not-inspected,not-inspected,not-applicable-no-fortad-run,not-inspected,not-run,not-run-unsupported-source-language
non-regressions,nonRegressions/set08/lh020,c,n/a,"mixed regression cases, references, harness, and data",fortad-unsupported-source-language,not-inspected,not-inspected,not-inspected,not-applicable-no-fortad-run,not-inspected,not-run,not-run-unsupported-source-language
non-regressions,nonRegressions/set08/lh021,c,n/a,"mixed regression cases, references, harness, and data",fortad-unsupported-source-language,not-inspected,not-inspected,not-inspected,not-applicable-no-fortad-run,not-inspected,not-run,not-run-unsupported-source-language
non-regressions,nonRegressions/set08/lh022,c,n/a,"mixed regression cases, references, harness, and data",fortad-unsupported-source-language,not-inspected,not-inspected,not-inspected,not-applicable-no-fortad-run,not-inspected,not-run,not-run-unsupported-source-language
non-regressions,nonRegressions/set08/lh023,c,n/a,"mixed regression cases, references, harness, and data",fortad-unsupported-source-language,not-inspected,not-inspected,not-inspected,not-applicable-no-fortad-run,not-inspected,not-run,not-run-unsupported-source-language
non-regressions,nonRegressions/set08/lh024,c,n/a,"mixed regression cases, references, harness, and data",fortad-unsupported-source-language,not-inspected,not-inspected,not-inspected,not-applicable-no-fortad-run,not-inspected,not-run,not-run-unsupported-source-language
non-regressions,nonRegressions/set08/lh025,c,n/a,"mixed regression cases, references, harness, and data",fortad-unsupported-source-language,not-inspected,not-inspected,not-inspected,not-applicable-no-fortad-run,not-inspected,not-run,not-run-unsupported-source-language
non-regressions,nonRegressions/set08/lh026,c,n/a,"mixed regression cases, references, harness, and data",fortad-unsupported-source-language,not-inspected,not-inspected,not-inspected,not-applicable-no-fortad-run,not-inspected,not-run,not-run-unsupported-source-language
non-regressions,nonRegressions/set08/lh027,c,n/a,"mixed regression cases, references, harness, and data",fortad-unsupported-source-language,not-inspected,not-inspected,not-inspected,not-applicable-no-fortad-run,not-inspected,not-run,not-run-unsupported-source-language
non-regressions,nonRegressions/set08/lh028,c,n/a,"mixed regression cases, references, harness, and data",fortad-unsupported-source-language,not-inspected,not-inspected,not-inspected,not-applicable-no-fortad-run,not-inspected,not-run,not-run-unsupported-source-language
non-regressions,nonRegressions/set08/lh029,c,n/a,"mixed regression cases, references, harness, and data",fortad-unsupported-source-language,not-inspected,not-inspected,not-inspected,not-applicable-no-fortad-run,not-inspected,not-run,not-run-unsupported-source-language
non-regressions,nonRegressions/set08/lh030,c,n/a,"mixed regression cases, references, harness, and data",fortad-unsupported-source-language,not-inspected,not-inspected,not-inspected,not-applicable-no-fortad-run,not-inspected,not-run,not-run-unsupported-source-language
non-regressions,nonRegressions/set08/lh031,c,n/a,"mixed regression cases, references, harness, and data",fortad-unsupported-source-language,not-inspected,not-inspected,not-inspected,not-applicable-no-fortad-run,not-inspected,not-run,not-run-unsupported-source-language
non-regressions,nonRegressions/set08/lh032,c,n/a,"mixed regression cases, references, harness, and data",fortad-unsupported-source-language,not-inspected,not-inspected,not-inspected,not-applicable-no-fortad-run,not-inspected,not-run,not-run-unsupported-source-language
non-regressions,nonRegressions/set08/lh033,c,n/a,"mixed regression cases, references, harness, and data",fortad-unsupported-source-language,not-inspected,not-inspected,not-inspected,not-applicable-no-fortad-run,not-inspected,not-run,not-run-unsupported-source-language
non-regressions,nonRegressions/set08/lh034,c,n/a,"mixed regression cases, references, harness, and data",fortad-unsupported-source-language,not-inspected,not-inspected,not-inspected,not-applicable-no-fortad-run,not-inspected,not-run,not-run-unsupported-source-language
non-regressions,nonRegressions/set08/lh035,c,n/a,"mixed regression cases, references, harness, and data",fortad-unsupported-source-language,not-inspected,not-inspected,not-inspected,not-applicable-no-fortad-run,not-inspected,not-run,not-run-unsupported-source-language
non-regressions,nonRegressions/set08/lh036,c,n/a,"mixed regression cases, references, harness, and data",fortad-unsupported-source-language,not-inspected,not-inspected,not-inspected,not-applicable-no-fortad-run,not-inspected,not-run,not-run-unsupported-source-language
non-regressions,nonRegressions/set08/lh037,c,n/a,"mixed regression cases, references, harness, and data",fortad-unsupported-source-language,not-inspected,not-inspected,not-inspected,not-applicable-no-fortad-run,not-inspected,not-run,not-run-unsupported-source-language
non-regressions,nonRegressions/set08/lh038,c,n/a,"mixed regression cases, references, harness, and data",fortad-unsupported-source-language,not-inspected,not-inspected,not-inspected,not-applicable-no-fortad-run,not-inspected,not-run,not-run-unsupported-source-language
non-regressions,nonRegressions/set08/lh039,c,n/a,"mixed regression cases, references, harness, and data",fortad-unsupported-source-language,not-inspected,not-inspected,not-inspected,not-applicable-no-fortad-run,not-inspected,not-run,not-run-unsupported-source-language
non-regressions,nonRegressions/set08/lh040,c,n/a,"mixed regression cases, references, harness, and data",fortad-unsupported-source-language,not-inspected,not-inspected,not-inspected,not-applicable-no-fortad-run,not-inspected,not-run,not-run-unsupported-source-language
non-regressions,nonRegressions/set08/lh041,c,n/a,"mixed regression cases, references, harness, and data",fortad-unsupported-source-language,not-inspected,not-inspected,not-inspected,not-applicable-no-fortad-run,not-inspected,not-run,not-run-unsupported-source-language
non-regressions,nonRegressions/set08/lh042,c,n/a,"mixed regression cases, references, harness, and data",fortad-unsupported-source-language,not-inspected,not-inspected,not-inspected,not-applicable-no-fortad-run,not-inspected,not-run,not-run-unsupported-source-language
non-regressions,nonRegressions/set08/lh043,c,n/a,"mixed regression cases, references, harness, and data",fortad-unsupported-source-language,not-inspected,not-inspected,not-inspected,not-applicable-no-fortad-run,not-inspected,not-run,not-run-unsupported-source-language
non-regressions,nonRegressions/set08/lh044,c,n/a,"mixed regression cases, references, harness, and data",fortad-unsupported-source-language,not-inspected,not-inspected,not-inspected,not-applicable-no-fortad-run,not-inspected,not-run,not-run-unsupported-source-language
non-regressions,nonRegressions/set08/lh045,c,n/a,"mixed regression cases, references, harness, and data",fortad-unsupported-source-language,not-inspected,not-inspected,not-inspected,not-applicable-no-fortad-run,not-inspected,not-run,not-run-unsupported-source-language
non-regressions,nonRegressions/set08/lh046,c,n/a,"mixed regression cases, references, harness, and data",fortad-unsupported-source-language,not-inspected,not-inspected,not-inspected,not-applicable-no-fortad-run,not-inspected,not-run,not-run-unsupported-source-language
non-regressions,nonRegressions/set08/lh047,c,n/a,"mixed regression cases, references, harness, and data",fortad-unsupported-source-language,not-inspected,not-inspected,not-inspected,not-applicable-no-fortad-run,not-inspected,not-run,not-run-unsupported-source-language
non-regressions,nonRegressions/set08/lh048,c,n/a,"mixed regression cases, references, harness, and data",fortad-unsupported-source-language,not-inspected,not-inspected,not-inspected,not-applicable-no-fortad-run,not-inspected,not-run,not-run-unsupported-source-language
non-regressions,nonRegressions/set08/lh049,c,n/a,"mixed regression cases, references, harness, and data",fortad-unsupported-source-language,not-inspected,not-inspected,not-inspected,not-applicable-no-fortad-run,not-inspected,not-run,not-run-unsupported-source-language
non-regressions,nonRegressions/set08/lh050,c,n/a,"mixed regression cases, references, harness, and data",fortad-unsupported-source-language,not-inspected,not-inspected,not-inspected,not-applicable-no-fortad-run,not-inspected,not-run,not-run-unsupported-source-language
non-regressions,nonRegressions/set08/lh051,c,n/a,"mixed regression cases, references, harness, and data",fortad-unsupported-source-language,not-inspected,not-inspected,not-inspected,not-applicable-no-fortad-run,not-inspected,not-run,not-run-unsupported-source-language
non-regressions,nonRegressions/set08/lh052,c,n/a,"mixed regression cases, references, harness, and data",fortad-unsupported-source-language,not-inspected,not-inspected,not-inspected,not-applicable-no-fortad-run,not-inspected,not-run,not-run-unsupported-source-language
non-regressions,nonRegressions/set08/lh053,c,n/a,"mixed regression cases, references, harness, and data",fortad-unsupported-source-language,not-inspected,not-inspected,not-inspected,not-applicable-no-fortad-run,not-inspected,not-run,not-run-unsupported-source-language
non-regressions,nonRegressions/set08/lh054,c,n/a,"mixed regression cases, references, harness, and data",fortad-unsupported-source-language,not-inspected,not-inspected,not-inspected,not-applicable-no-fortad-run,not-inspected,not-run,not-run-unsupported-source-language
non-regressions,nonRegressions/set08/lh055,c,n/a,"mixed regression cases, references, harness, and data",fortad-unsupported-source-language,not-inspected,not-inspected,not-inspected,not-applicable-no-fortad-run,not-inspected,not-run,not-run-unsupported-source-language
non-regressions,nonRegressions/set08/lh056,c,n/a,"mixed regression cases, references, harness, and data",fortad-unsupported-source-language,not-inspected,not-inspected,not-inspected,not-applicable-no-fortad-run,not-inspected,not-run,not-run-unsupported-source-language
non-regressions,nonRegressions/set08/lh057,c,n/a,"mixed regression cases, references, harness, and data",fortad-unsupported-source-language,not-inspected,not-inspected,not-inspected,not-applicable-no-fortad-run,not-inspected,not-run,not-run-unsupported-source-language
non-regressions,nonRegressions/set08/lh058,c,n/a,"mixed regression cases, references, harness, and data",fortad-unsupported-source-language,not-inspected,not-inspected,not-inspected,not-applicable-no-fortad-run,not-inspected,not-run,not-run-unsupported-source-language
non-regressions,nonRegressions/set08/lh059,c,n/a,"mixed regression cases, references, harness, and data",fortad-unsupported-source-language,not-inspected,not-inspected,not-inspected,not-applicable-no-fortad-run,not-inspected,not-run,not-run-unsupported-source-language
non-regressions,nonRegressions/set08/lh060,c,n/a,"mixed regression cases, references, harness, and data",fortad-unsupported-source-language,not-inspected,not-inspected,not-inspected,not-applicable-no-fortad-run,not-inspected,not-run,not-run-unsupported-source-language
non-regressions,nonRegressions/set08/lh061,c,n/a,"mixed regression cases, references, harness, and data",fortad-unsupported-source-language,not-inspected,not-inspected,not-inspected,not-applicable-no-fortad-run,not-inspected,not-run,not-run-unsupported-source-language
non-regressions,nonRegressions/set08/lh062,c,n/a,"mixed regression cases, references, harness, and data",fortad-unsupported-source-language,not-inspected,not-inspected,not-inspected,not-applicable-no-fortad-run,not-inspected,not-run,not-run-unsupported-source-language
non-regressions,nonRegressions/set08/lh063,c,n/a,"mixed regression cases, references, harness, and data",fortad-unsupported-source-language,not-inspected,not-inspected,not-inspected,not-applicable-no-fortad-run,not-inspected,not-run,not-run-unsupported-source-language
non-regressions,nonRegressions/set08/lh064,c,n/a,"mixed regression cases, references, harness, and data",fortad-unsupported-source-language,not-inspected,not-inspected,not-inspected,not-applicable-no-fortad-run,not-inspected,not-run,not-run-unsupported-source-language
non-regressions,nonRegressions/set08/lh065,c,n/a,"mixed regression cases, references, harness, and data",fortad-unsupported-source-language,not-inspected,not-inspected,not-inspected,not-applicable-no-fortad-run,not-inspected,not-run,not-run-unsupported-source-language
non-regressions,nonRegressions/set08/lh066,c,n/a,"mixed regression cases, references, harness, and data",fortad-unsupported-source-language,not-inspected,not-inspected,not-inspected,not-applicable-no-fortad-run,not-inspected,not-run,not-run-unsupported-source-language
non-regressions,nonRegressions/set08/lh067,c,n/a,"mixed regression cases, references, harness, and data",fortad-unsupported-source-language,not-inspected,not-inspected,not-inspected,not-applicable-no-fortad-run,not-inspected,not-run,not-run-unsupported-source-language
non-regressions,nonRegressions/set08/lh068,c,n/a,"mixed regression cases, references, harness, and data",fortad-unsupported-source-language,not-inspected,not-inspected,not-inspected,not-applicable-no-fortad-run,not-inspected,not-run,not-run-unsupported-source-language
non-regressions,nonRegressions/set08/lhv01,c,n/a,"mixed regression cases, references, harness, and data",fortad-unsupported-source-language,not-inspected,not-inspected,not-inspected,not-applicable-no-fortad-run,not-inspected,not-run,not-run-unsupported-source-language
non-regressions,nonRegressions/set08/lhv02,c,n/a,"mixed regression cases, references, harness, and data",fortad-unsupported-source-language,not-inspected,not-inspected,not-inspected,not-applicable-no-fortad-run,not-inspected,not-run,not-run-unsupported-source-language
non-regressions,nonRegressions/set08/mg01,c,n/a,"mixed regression cases, references, harness, and data",fortad-unsupported-source-language,not-inspected,not-inspected,not-inspected,not-applicable-no-fortad-run,not-inspected,not-run,not-run-unsupported-source-language
non-regressions,nonRegressions/set08/mg02,c,n/a,"mixed regression cases, references, harness, and data",fortad-unsupported-source-language,not-inspected,not-inspected,not-inspected,not-applicable-no-fortad-run,not-inspected,not-run,not-run-unsupported-source-language
non-regressions,nonRegressions/set08/mg03,c,n/a,"mixed regression cases, references, harness, and data",fortad-unsupported-source-language,not-inspected,not-inspected,not-inspected,not-applicable-no-fortad-run,not-inspected,not-run,not-run-unsupported-source-language
non-regressions,nonRegressions/set08/v001,c,n/a,"mixed regression cases, references, harness, and data",fortad-unsupported-source-language,not-inspected,not-inspected,not-inspected,not-applicable-no-fortad-run,not-inspected,not-run,not-run-unsupported-source-language
non-regressions,nonRegressions/set08/v002,c,n/a,"mixed regression cases, references, harness, and data",fortad-unsupported-source-language,not-inspected,not-inspected,not-inspected,not-applicable-no-fortad-run,not-inspected,not-run,not-run-unsupported-source-language
non-regressions,nonRegressions/set08/v003,c,n/a,"mixed regression cases, references, harness, and data",fortad-unsupported-source-language,not-inspected,not-inspected,not-inspected,not-applicable-no-fortad-run,not-inspected,not-run,not-run-unsupported-source-language
non-regressions,nonRegressions/set08/v004,c,n/a,"mixed regression cases, references, harness, and data",fortad-unsupported-source-language,not-inspected,not-inspected,not-inspected,not-applicable-no-fortad-run,not-inspected,not-run,not-run-unsupported-source-language
non-regressions,nonRegressions/set08/v005,c,n/a,"mixed regression cases, references, harness, and data",fortad-unsupported-source-language,not-inspected,not-inspected,not-inspected,not-applicable-no-fortad-run,not-inspected,not-run,not-run-unsupported-source-language
non-regressions,nonRegressions/set08/v006,c,n/a,"mixed regression cases, references, harness, and data",fortad-unsupported-source-language,not-inspected,not-inspected,not-inspected,not-applicable-no-fortad-run,not-inspected,not-run,not-run-unsupported-source-language
non-regressions,nonRegressions/set08/v007,c,n/a,"mixed regression cases, references, harness, and data",fortad-unsupported-source-language,not-inspected,not-inspected,not-inspected,not-applicable-no-fortad-run,not-inspected,not-run,not-run-unsupported-source-language
non-regressions,nonRegressions/set08/v008,c,n/a,"mixed regression cases, references, harness, and data",fortad-unsupported-source-language,not-inspected,not-inspected,not-inspected,not-applicable-no-fortad-run,not-inspected,not-run,not-run-unsupported-source-language
non-regressions,nonRegressions/set08/v009,c,n/a,"mixed regression cases, references, harness, and data",fortad-unsupported-source-language,not-inspected,not-inspected,not-inspected,not-applicable-no-fortad-run,not-inspected,not-run,not-run-unsupported-source-language
non-regressions,nonRegressions/set08/v010,c,n/a,"mixed regression cases, references, harness, and data",fortad-unsupported-source-language,not-inspected,not-inspected,not-inspected,not-applicable-no-fortad-run,not-inspected,not-run,not-run-unsupported-source-language
non-regressions,nonRegressions/set08/v011,c,n/a,"mixed regression cases, references, harness, and data",fortad-unsupported-source-language,not-inspected,not-inspected,not-inspected,not-applicable-no-fortad-run,not-inspected,not-run,not-run-unsupported-source-language
non-regressions,nonRegressions/set08/v012,c,n/a,"mixed regression cases, references, harness, and data",fortad-unsupported-source-language,not-inspected,not-inspected,not-inspected,not-applicable-no-fortad-run,not-inspected,not-run,not-run-unsupported-source-language
non-regressions,nonRegressions/set08/v013,c,n/a,"mixed regression cases, references, harness, and data",fortad-unsupported-source-language,not-inspected,not-inspected,not-inspected,not-applicable-no-fortad-run,not-inspected,not-run,not-run-unsupported-source-language
non-regressions,nonRegressions/set08/v014,c,n/a,"mixed regression cases, references, harness, and data",fortad-unsupported-source-language,not-inspected,not-inspected,not-inspected,not-applicable-no-fortad-run,not-inspected,not-run,not-run-unsupported-source-language
non-regressions,nonRegressions/set08/v015,c,n/a,"mixed regression cases, references, harness, and data",fortad-unsupported-source-language,not-inspected,not-inspected,not-inspected,not-applicable-no-fortad-run,not-inspected,not-run,not-run-unsupported-source-language
non-regressions,nonRegressions/set08/v016,c,n/a,"mixed regression cases, references, harness, and data",fortad-unsupported-source-language,not-inspected,not-inspected,not-inspected,not-applicable-no-fortad-run,not-inspected,not-run,not-run-unsupported-source-language
non-regressions,nonRegressions/set08/v017,c,n/a,"mixed regression cases, references, harness, and data",fortad-unsupported-source-language,not-inspected,not-inspected,not-inspected,not-applicable-no-fortad-run,not-inspected,not-run,not-run-unsupported-source-language
non-regressions,nonRegressions/set08/v018,c,n/a,"mixed regression cases, references, harness, and data",fortad-unsupported-source-language,not-inspected,not-inspected,not-inspected,not-applicable-no-fortad-run,not-inspected,not-run,not-run-unsupported-source-language
non-regressions,nonRegressions/set08/v019,c,n/a,"mixed regression cases, references, harness, and data",fortad-unsupported-source-language,not-inspected,not-inspected,not-inspected,not-applicable-no-fortad-run,not-inspected,not-run,not-run-unsupported-source-language
non-regressions,nonRegressions/set08/v020,c,n/a,"mixed regression cases, references, harness, and data",fortad-unsupported-source-language,not-inspected,not-inspected,not-inspected,not-applicable-no-fortad-run,not-inspected,not-run,not-run-unsupported-source-language
non-regressions,nonRegressions/set08/v021,c,n/a,"mixed regression cases, references, harness, and data",fortad-unsupported-source-language,not-inspected,not-inspected,not-inspected,not-applicable-no-fortad-run,not-inspected,not-run,not-run-unsupported-source-language
non-regressions,nonRegressions/set08/v022,c,n/a,"mixed regression cases, references, harness, and data",fortad-unsupported-source-language,not-inspected,not-inspected,not-inspected,not-applicable-no-fortad-run,not-inspected,not-run,not-run-unsupported-source-language
non-regressions,nonRegressions/set08/v023,c,n/a,"mixed regression cases, references, harness, and data",fortad-unsupported-source-language,not-inspected,not-inspected,not-inspected,not-applicable-no-fortad-run,not-inspected,not-run,not-run-unsupported-source-language
non-regressions,nonRegressions/set08/v024,c,n/a,"mixed regression cases, references, harness, and data",fortad-unsupported-source-language,not-inspected,not-inspected,not-inspected,not-applicable-no-fortad-run,not-inspected,not-run,not-run-unsupported-source-language
non-regressions,nonRegressions/set08/v025,c,n/a,"mixed regression cases, references, harness, and data",fortad-unsupported-source-language,not-inspected,not-inspected,not-inspected,not-applicable-no-fortad-run,not-inspected,not-run,not-run-unsupported-source-language
non-regressions,nonRegressions/set08/v026,c,n/a,"mixed regression cases, references, harness, and data",fortad-unsupported-source-language,not-inspected,not-inspected,not-inspected,not-applicable-no-fortad-run,not-inspected,not-run,not-run-unsupported-source-language
non-regressions,nonRegressions/set08/v027,c,n/a,"mixed regression cases, references, harness, and data",fortad-unsupported-source-language,not-inspected,not-inspected,not-inspected,not-applicable-no-fortad-run,not-inspected,not-run,not-run-unsupported-source-language
non-regressions,nonRegressions/set08/v028,c,n/a,"mixed regression cases, references, harness, and data",fortad-unsupported-source-language,not-inspected,not-inspected,not-inspected,not-applicable-no-fortad-run,not-inspected,not-run,not-run-unsupported-source-language
non-regressions,nonRegressions/set08/v029,c,n/a,"mixed regression cases, references, harness, and data",fortad-unsupported-source-language,not-inspected,not-inspected,not-inspected,not-applicable-no-fortad-run,not-inspected,not-run,not-run-unsupported-source-language
non-regressions,nonRegressions/set08/v030,c,n/a,"mixed regression cases, references, harness, and data",fortad-unsupported-source-language,not-inspected,not-inspected,not-inspected,not-applicable-no-fortad-run,not-inspected,not-run,not-run-unsupported-source-language
non-regressions,nonRegressions/set08/v031,c,n/a,"mixed regression cases, references, harness, and data",fortad-unsupported-source-language,not-inspected,not-inspected,not-inspected,not-applicable-no-fortad-run,not-inspected,not-run,not-run-unsupported-source-language
non-regressions,nonRegressions/set08/v032,c,n/a,"mixed regression cases, references, harness, and data",fortad-unsupported-source-language,not-inspected,not-inspected,not-inspected,not-applicable-no-fortad-run,not-inspected,not-run,not-run-unsupported-source-language
non-regressions,nonRegressions/set08/v033,c,n/a,"mixed regression cases, references, harness, and data",fortad-unsupported-source-language,not-inspected,not-inspected,not-inspected,not-applicable-no-fortad-run,not-inspected,not-run,not-run-unsupported-source-language
non-regressions,nonRegressions/set08/v034,c,n/a,"mixed regression cases, references, harness, and data",fortad-unsupported-source-language,not-inspected,not-inspected,not-inspected,not-applicable-no-fortad-run,not-inspected,not-run,not-run-unsupported-source-language
non-regressions,nonRegressions/set08/v035,c,n/a,"mixed regression cases, references, harness, and data",fortad-unsupported-source-language,not-inspected,not-inspected,not-inspected,not-applicable-no-fortad-run,not-inspected,not-run,not-run-unsupported-source-language
non-regressions,nonRegressions/set08/v036,c,n/a,"mixed regression cases, references, harness, and data",fortad-unsupported-source-language,not-inspected,not-inspected,not-inspected,not-applicable-no-fortad-run,not-inspected,not-run,not-run-unsupported-source-language
non-regressions,nonRegressions/set08/v037,c,n/a,"mixed regression cases, references, harness, and data",fortad-unsupported-source-language,not-inspected,not-inspected,not-inspected,not-applicable-no-fortad-run,not-inspected,not-run,not-run-unsupported-source-language
non-regressions,nonRegressions/set08/v038,c,n/a,"mixed regression cases, references, harness, and data",fortad-unsupported-source-language,not-inspected,not-inspected,not-inspected,not-applicable-no-fortad-run,not-inspected,not-run,not-run-unsupported-source-language
non-regressions,nonRegressions/set08/v039,c,n/a,"mixed regression cases, references, harness, and data",fortad-unsupported-source-language,not-inspected,not-inspected,not-inspected,not-applicable-no-fortad-run,not-inspected,not-run,not-run-unsupported-source-language
non-regressions,nonRegressions/set08/v040,c,n/a,"mixed regression cases, references, harness, and data",fortad-unsupported-source-language,not-inspected,not-inspected,not-inspected,not-applicable-no-fortad-run,not-inspected,not-run,not-run-unsupported-source-language
non-regressions,nonRegressions/set08/v041,c,n/a,"mixed regression cases, references, harness, and data",fortad-unsupported-source-language,not-inspected,not-inspected,not-inspected,not-applicable-no-fortad-run,not-inspected,not-run,not-run-unsupported-source-language
non-regressions,nonRegressions/set08/v042,c,n/a,"mixed regression cases, references, harness, and data",fortad-unsupported-source-language,not-inspected,not-inspected,not-inspected,not-applicable-no-fortad-run,not-inspected,not-run,not-run-unsupported-source-language
non-regressions,nonRegressions/set08/v043,c,n/a,"mixed regression cases, references, harness, and data",fortad-unsupported-source-language,not-inspected,not-inspected,not-inspected,not-applicable-no-fortad-run,not-inspected,not-run,not-run-unsupported-source-language
non-regressions,nonRegressions/set08/v044,c,n/a,"mixed regression cases, references, harness, and data",fortad-unsupported-source-language,not-inspected,not-inspected,not-inspected,not-applicable-no-fortad-run,not-inspected,not-run,not-run-unsupported-source-language
non-regressions,nonRegressions/set08/v045,c,n/a,"mixed regression cases, references, harness, and data",fortad-unsupported-source-language,not-inspected,not-inspected,not-inspected,not-applicable-no-fortad-run,not-inspected,not-run,not-run-unsupported-source-language
non-regressions,nonRegressions/set08/v046,c,n/a,"mixed regression cases, references, harness, and data",fortad-unsupported-source-language,not-inspected,not-inspected,not-inspected,not-applicable-no-fortad-run,not-inspected,not-run,not-run-unsupported-source-language
non-regressions,nonRegressions/set08/v047,c,n/a,"mixed regression cases, references, harness, and data",fortad-unsupported-source-language,not-inspected,not-inspected,not-inspected,not-applicable-no-fortad-run,not-inspected,not-run,not-run-unsupported-source-language
non-regressions,nonRegressions/set08/v048,c,n/a,"mixed regression cases, references, harness, and data",fortad-unsupported-source-language,not-inspected,not-inspected,not-inspected,not-applicable-no-fortad-run,not-inspected,not-run,not-run-unsupported-source-language
non-regressions,nonRegressions/set08/v049,c,n/a,"mixed regression cases, references, harness, and data",fortad-unsupported-source-language,not-inspected,not-inspected,not-inspected,not-applicable-no-fortad-run,not-inspected,not-run,not-run-unsupported-source-language
non-regressions,nonRegressions/set08/v050,c,n/a,"mixed regression cases, references, harness, and data",fortad-unsupported-source-language,not-inspected,not-inspected,not-inspected,not-applicable-no-fortad-run,not-inspected,not-run,not-run-unsupported-source-language
non-regressions,nonRegressions/set08/v051,c,n/a,"mixed regression cases, references, harness, and data",fortad-unsupported-source-language,not-inspected,not-inspected,not-inspected,not-applicable-no-fortad-run,not-inspected,not-run,not-run-unsupported-source-language
non-regressions,nonRegressions/set08/v052,c,n/a,"mixed regression cases, references, harness, and data",fortad-unsupported-source-language,not-inspected,not-inspected,not-inspected,not-applicable-no-fortad-run,not-inspected,not-run,not-run-unsupported-source-language
non-regressions,nonRegressions/set08/v053,c,n/a,"mixed regression cases, references, harness, and data",fortad-unsupported-source-language,not-inspected,not-inspected,not-inspected,not-applicable-no-fortad-run,not-inspected,not-run,not-run-unsupported-source-language
non-regressions,nonRegressions/set08/v054,c,n/a,"mixed regression cases, references, harness, and data",fortad-unsupported-source-language,not-inspected,not-inspected,not-inspected,not-applicable-no-fortad-run,not-inspected,not-run,not-run-unsupported-source-language
non-regressions,nonRegressions/set08/v055,c,n/a,"mixed regression cases, references, harness, and data",fortad-unsupported-source-language,not-inspected,not-inspected,not-inspected,not-applicable-no-fortad-run,not-inspected,not-run,not-run-unsupported-source-language
non-regressions,nonRegressions/set08/v056,c,n/a,"mixed regression cases, references, harness, and data",fortad-unsupported-source-language,not-inspected,not-inspected,not-inspected,not-applicable-no-fortad-run,not-inspected,not-run,not-run-unsupported-source-language
non-regressions,nonRegressions/set08/v057,c,n/a,"mixed regression cases, references, harness, and data",fortad-unsupported-source-language,not-inspected,not-inspected,not-inspected,not-applicable-no-fortad-run,not-inspected,not-run,not-run-unsupported-source-language
non-regressions,nonRegressions/set08/v058,c,n/a,"mixed regression cases, references, harness, and data",fortad-unsupported-source-language,not-inspected,not-inspected,not-inspected,not-applicable-no-fortad-run,not-inspected,not-run,not-run-unsupported-source-language
non-regressions,nonRegressions/set08/v059,c,n/a,"mixed regression cases, references, harness, and data",fortad-unsupported-source-language,not-inspected,not-inspected,not-inspected,not-applicable-no-fortad-run,not-inspected,not-run,not-run-unsupported-source-language
non-regressions,nonRegressions/set08/v060,c,n/a,"mixed regression cases, references, harness, and data",fortad-unsupported-source-language,not-inspected,not-inspected,not-inspected,not-applicable-no-fortad-run,not-inspected,not-run,not-run-unsupported-source-language
non-regressions,nonRegressions/set08/v061,c,n/a,"mixed regression cases, references, harness, and data",fortad-unsupported-source-language,not-inspected,not-inspected,not-inspected,not-applicable-no-fortad-run,not-inspected,not-run,not-run-unsupported-source-language
non-regressions,nonRegressions/set08/v062,c,n/a,"mixed regression cases, references, harness, and data",fortad-unsupported-source-language,not-inspected,not-inspected,not-inspected,not-applicable-no-fortad-run,not-inspected,not-run,not-run-unsupported-source-language
non-regressions,nonRegressions/set08/v063,c,n/a,"mixed regression cases, references, harness, and data",fortad-unsupported-source-language,not-inspected,not-inspected,not-inspected,not-applicable-no-fortad-run,not-inspected,not-run,not-run-unsupported-source-language
non-regressions,nonRegressions/set08/v064,c,n/a,"mixed regression cases, references, harness, and data",fortad-unsupported-source-language,not-inspected,not-inspected,not-inspected,not-applicable-no-fortad-run,not-inspected,not-run,not-run-unsupported-source-language
non-regressions,nonRegressions/set08/v065,c,n/a,"mixed regression cases, references, harness, and data",fortad-unsupported-source-language,not-inspected,not-inspected,not-inspected,not-applicable-no-fortad-run,not-inspected,not-run,not-run-unsupported-source-language
non-regressions,nonRegressions/set08/v066,c,n/a,"mixed regression cases, references, harness, and data",fortad-unsupported-source-language,not-inspected,not-inspected,not-inspected,not-applicable-no-fortad-run,not-inspected,not-run,not-run-unsupported-source-language
non-regressions,nonRegressions/set08/v067,c,n/a,"mixed regression cases, references, harness, and data",fortad-unsupported-source-language,not-inspected,not-inspected,not-inspected,not-applicable-no-fortad-run,not-inspected,not-run,not-run-unsupported-source-language
non-regressions,nonRegressions/set08/v068,c,n/a,"mixed regression cases, references, harness, and data",fortad-unsupported-source-language,not-inspected,not-inspected,not-inspected,not-applicable-no-fortad-run,not-inspected,not-run,not-run-unsupported-source-language
non-regressions,nonRegressions/set08/v069,c,n/a,"mixed regression cases, references, harness, and data",fortad-unsupported-source-language,not-inspected,not-inspected,not-inspected,not-applicable-no-fortad-run,not-inspected,not-run,not-run-unsupported-source-language
non-regressions,nonRegressions/set08/v070,c,n/a,"mixed regression cases, references, harness, and data",fortad-unsupported-source-language,not-inspected,not-inspected,not-inspected,not-applicable-no-fortad-run,not-inspected,not-run,not-run-unsupported-source-language
non-regressions,nonRegressions/set08/v071,c,n/a,"mixed regression cases, references, harness, and data",fortad-unsupported-source-language,not-inspected,not-inspected,not-inspected,not-applicable-no-fortad-run,not-inspected,not-run,not-run-unsupported-source-language
non-regressions,nonRegressions/set08/v072,c,n/a,"mixed regression cases, references, harness, and data",fortad-unsupported-source-language,not-inspected,not-inspected,not-inspected,not-applicable-no-fortad-run,not-inspected,not-run,not-run-unsupported-source-language
non-regressions,nonRegressions/set08/v073,c,n/a,"mixed regression cases, references, harness, and data",fortad-unsupported-source-language,not-inspected,not-inspected,not-inspected,not-applicable-no-fortad-run,not-inspected,not-run,not-run-unsupported-source-language
non-regressions,nonRegressions/set08/v074,c,n/a,"mixed regression cases, references, harness, and data",fortad-unsupported-source-language,not-inspected,not-inspected,not-inspected,not-applicable-no-fortad-run,not-inspected,not-run,not-run-unsupported-source-language
non-regressions,nonRegressions/set08/v075,c,n/a,"mixed regression cases, references, harness, and data",fortad-unsupported-source-language,not-inspected,not-inspected,not-inspected,not-applicable-no-fortad-run,not-inspected,not-run,not-run-unsupported-source-language
non-regressions,nonRegressions/set08/v076,c,n/a,"mixed regression cases, references, harness, and data",fortad-unsupported-source-language,not-inspected,not-inspected,not-inspected,not-applicable-no-fortad-run,not-inspected,not-run,not-run-unsupported-source-language
non-regressions,nonRegressions/set08/v077,c,n/a,"mixed regression cases, references, harness, and data",fortad-unsupported-source-language,not-inspected,not-inspected,not-inspected,not-applicable-no-fortad-run,not-inspected,not-run,not-run-unsupported-source-language
non-regressions,nonRegressions/set08/v078,c,n/a,"mixed regression cases, references, harness, and data",fortad-unsupported-source-language,not-inspected,not-inspected,not-inspected,not-applicable-no-fortad-run,not-inspected,not-run,not-run-unsupported-source-language
non-regressions,nonRegressions/set08/v079,c,n/a,"mixed regression cases, references, harness, and data",fortad-unsupported-source-language,not-inspected,not-inspected,not-inspected,not-applicable-no-fortad-run,not-inspected,not-run,not-run-unsupported-source-language
non-regressions,nonRegressions/set08/v080,c,n/a,"mixed regression cases, references, harness, and data",fortad-unsupported-source-language,not-inspected,not-inspected,not-inspected,not-applicable-no-fortad-run,not-inspected,not-run,not-run-unsupported-source-language
non-regressions,nonRegressions/set08/v081,c,n/a,"mixed regression cases, references, harness, and data",fortad-unsupported-source-language,not-inspected,not-inspected,not-inspected,not-applicable-no-fortad-run,not-inspected,not-run,not-run-unsupported-source-language
non-regressions,nonRegressions/set08/v082,c,n/a,"mixed regression cases, references, harness, and data",fortad-unsupported-source-language,not-inspected,not-inspected,not-inspected,not-applicable-no-fortad-run,not-inspected,not-run,not-run-unsupported-source-language
non-regressions,nonRegressions/set08/v083,c,n/a,"mixed regression cases, references, harness, and data",fortad-unsupported-source-language,not-inspected,not-inspected,not-inspected,not-applicable-no-fortad-run,not-inspected,not-run,not-run-unsupported-source-language
non-regressions,nonRegressions/set08/v084,c,n/a,"mixed regression cases, references, harness, and data",fortad-unsupported-source-language,not-inspected,not-inspected,not-inspected,not-applicable-no-fortad-run,not-inspected,not-run,not-run-unsupported-source-language
non-regressions,nonRegressions/set08/v085,c,n/a,"mixed regression cases, references, harness, and data",fortad-unsupported-source-language,not-inspected,not-inspected,not-inspected,not-applicable-no-fortad-run,not-inspected,not-run,not-run-unsupported-source-language
non-regressions,nonRegressions/set08/v086,c,n/a,"mixed regression cases, references, harness, and data",fortad-unsupported-source-language,not-inspected,not-inspected,not-inspected,not-applicable-no-fortad-run,not-inspected,not-run,not-run-unsupported-source-language
non-regressions,nonRegressions/set08/v087,c,n/a,"mixed regression cases, references, harness, and data",fortad-unsupported-source-language,not-inspected,not-inspected,not-inspected,not-applicable-no-fortad-run,not-inspected,not-run,not-run-unsupported-source-language
non-regressions,nonRegressions/set08/v088,c,n/a,"mixed regression cases, references, harness, and data",fortad-unsupported-source-language,not-inspected,not-inspected,not-inspected,not-applicable-no-fortad-run,not-inspected,not-run,not-run-unsupported-source-language
non-regressions,nonRegressions/set09/lh069,c,n/a,"mixed regression cases, references, harness, and data",fortad-unsupported-source-language,not-inspected,not-inspected,not-inspected,not-applicable-no-fortad-run,not-inspected,not-run,not-run-unsupported-source-language
non-regressions,nonRegressions/set09/v088,c,n/a,"mixed regression cases, references, harness, and data",fortad-unsupported-source-language,not-inspected,not-inspected,not-inspected,not-applicable-no-fortad-run,not-inspected,not-run,not-run-unsupported-source-language
non-regressions,nonRegressions/set09/v089,c,n/a,"mixed regression cases, references, harness, and data",fortad-unsupported-source-language,not-inspected,not-inspected,not-inspected,not-applicable-no-fortad-run,not-inspected,not-run,not-run-unsupported-source-language
non-regressions,nonRegressions/set09/v091,c,n/a,"mixed regression cases, references, harness, and data",fortad-unsupported-source-language,not-inspected,not-inspected,not-inspected,not-applicable-no-fortad-run,not-inspected,not-run,not-run-unsupported-source-language
non-regressions,nonRegressions/set09/v092,c,n/a,"mixed regression cases, references, harness, and data",fortad-unsupported-source-language,not-inspected,not-inspected,not-inspected,not-applicable-no-fortad-run,not-inspected,not-run,not-run-unsupported-source-language
non-regressions,nonRegressions/set09/v093,c,n/a,"mixed regression cases, references, harness, and data",fortad-unsupported-source-language,not-inspected,not-inspected,not-inspected,not-applicable-no-fortad-run,not-inspected,not-run,not-run-unsupported-source-language
non-regressions,nonRegressions/set09/v094,c,n/a,"mixed regression cases, references, harness, and data",fortad-unsupported-source-language,not-inspected,not-inspected,not-inspected,not-applicable-no-fortad-run,not-inspected,not-run,not-run-unsupported-source-language
non-regressions,nonRegressions/set09/v095,c,n/a,"mixed regression cases, references, harness, and data",fortad-unsupported-source-language,not-inspected,not-inspected,not-inspected,not-applicable-no-fortad-run,not-inspected,not-run,not-run-unsupported-source-language
non-regressions,nonRegressions/set09/v096,c,n/a,"mixed regression cases, references, harness, and data",fortad-unsupported-source-language,not-inspected,not-inspected,not-inspected,not-applicable-no-fortad-run,not-inspected,not-run,not-run-unsupported-source-language
non-regressions,nonRegressions/set09/v097,c,n/a,"mixed regression cases, references, harness, and data",fortad-unsupported-source-language,not-inspected,not-inspected,not-inspected,not-applicable-no-fortad-run,not-inspected,not-run,not-run-unsupported-source-language
non-regressions,nonRegressions/set09/v098,c,n/a,"mixed regression cases, references, harness, and data",fortad-unsupported-source-language,not-inspected,not-inspected,not-inspected,not-applicable-no-fortad-run,not-inspected,not-run,not-run-unsupported-source-language
non-regressions,nonRegressions/set09/v100,c,n/a,"mixed regression cases, references, harness, and data",fortad-unsupported-source-language,not-inspected,not-inspected,not-inspected,not-applicable-no-fortad-run,not-inspected,not-run,not-run-unsupported-source-language
non-regressions,nonRegressions/set09/v101,c,n/a,"mixed regression cases, references, harness, and data",fortad-unsupported-source-language,not-inspected,not-inspected,not-inspected,not-applicable-no-fortad-run,not-inspected,not-run,not-run-unsupported-source-language
non-regressions,nonRegressions/set09/v102,c,n/a,"mixed regression cases, references, harness, and data",fortad-unsupported-source-language,not-inspected,not-inspected,not-inspected,not-applicable-no-fortad-run,not-inspected,not-run,not-run-unsupported-source-language
non-regressions,nonRegressions/set09/v103,c,n/a,"mixed regression cases, references, harness, and data",fortad-unsupported-source-language,not-inspected,not-inspected,not-inspected,not-applicable-no-fortad-run,not-inspected,not-run,not-run-unsupported-source-language
non-regressions,nonRegressions/set09/v104,c,n/a,"mixed regression cases, references, harness, and data",fortad-unsupported-source-language,not-inspected,not-inspected,not-inspected,not-applicable-no-fortad-run,not-inspected,not-run,not-run-unsupported-source-language
non-regressions,nonRegressions/set09/v105,c,n/a,"mixed regression cases, references, harness, and data",fortad-unsupported-source-language,not-inspected,not-inspected,not-inspected,not-applicable-no-fortad-run,not-inspected,not-run,not-run-unsupported-source-language
non-regressions,nonRegressions/set09/v106,c,n/a,"mixed regression cases, references, harness, and data",fortad-unsupported-source-language,not-inspected,not-inspected,not-inspected,not-applicable-no-fortad-run,not-inspected,not-run,not-run-unsupported-source-language
non-regressions,nonRegressions/set09/v107,c,n/a,"mixed regression cases, references, harness, and data",fortad-unsupported-source-language,not-inspected,not-inspected,not-inspected,not-applicable-no-fortad-run,not-inspected,not-run,not-run-unsupported-source-language
non-regressions,nonRegressions/set09/v108,c,n/a,"mixed regression cases, references, harness, and data",fortad-unsupported-source-language,not-inspected,not-inspected,not-inspected,not-applicable-no-fortad-run,not-inspected,not-run,not-run-unsupported-source-language
non-regressions,nonRegressions/set09/v109,c,n/a,"mixed regression cases, references, harness, and data",fortad-unsupported-source-language,not-inspected,not-inspected,not-inspected,not-applicable-no-fortad-run,not-inspected,not-run,not-run-unsupported-source-language
non-regressions,nonRegressions/set09/v110,c,n/a,"mixed regression cases, references, harness, and data",fortad-unsupported-source-language,not-inspected,not-inspected,not-inspected,not-applicable-no-fortad-run,not-inspected,not-run,not-run-unsupported-source-language
non-regressions,nonRegressions/set09/v111,c,n/a,"mixed regression cases, references, harness, and data",fortad-unsupported-source-language,not-inspected,not-inspected,not-inspected,not-applicable-no-fortad-run,not-inspected,not-run,not-run-unsupported-source-language
non-regressions,nonRegressions/set09/v113,c,n/a,"mixed regression cases, references, harness, and data",fortad-unsupported-source-language,not-inspected,not-inspected,not-inspected,not-applicable-no-fortad-run,not-inspected,not-run,not-run-unsupported-source-language
non-regressions,nonRegressions/set09/v114,c,n/a,"mixed regression cases, references, harness, and data",fortad-unsupported-source-language,not-inspected,not-inspected,not-inspected,not-applicable-no-fortad-run,not-inspected,not-run,not-run-unsupported-source-language
non-regressions,nonRegressions/set09/v115,c,n/a,"mixed regression cases, references, harness, and data",fortad-unsupported-source-language,not-inspected,not-inspected,not-inspected,not-applicable-no-fortad-run,not-inspected,not-run,not-run-unsupported-source-language
non-regressions,nonRegressions/set09/v116,c,n/a,"mixed regression cases, references, harness, and data",fortad-unsupported-source-language,not-inspected,not-inspected,not-inspected,not-applicable-no-fortad-run,not-inspected,not-run,not-run-unsupported-source-language
non-regressions,nonRegressions/set09/v117,c,n/a,"mixed regression cases, references, harness, and data",fortad-unsupported-source-language,not-inspected,not-inspected,not-inspected,not-applicable-no-fortad-run,not-inspected,not-run,not-run-unsupported-source-language
non-regressions,nonRegressions/set09/v120,c,n/a,"mixed regression cases, references, harness, and data",fortad-unsupported-source-language,not-inspected,not-inspected,not-inspected,not-applicable-no-fortad-run,not-inspected,not-run,not-run-unsupported-source-language
non-regressions,nonRegressions/set09/v121,c,n/a,"mixed regression cases, references, harness, and data",fortad-unsupported-source-language,not-inspected,not-inspected,not-inspected,not-applicable-no-fortad-run,not-inspected,not-run,not-run-unsupported-source-language
non-regressions,nonRegressions/set09/v124,c,n/a,"mixed regression cases, references, harness, and data",fortad-unsupported-source-language,not-inspected,not-inspected,not-inspected,not-applicable-no-fortad-run,not-inspected,not-run,not-run-unsupported-source-language
non-regressions,nonRegressions/set09/v125,c,n/a,"mixed regression cases, references, harness, and data",fortad-unsupported-source-language,not-inspected,not-inspected,not-inspected,not-applicable-no-fortad-run,not-inspected,not-run,not-run-unsupported-source-language
non-regressions,nonRegressions/set09/v126,c,n/a,"mixed regression cases, references, harness, and data",fortad-unsupported-source-language,not-inspected,not-inspected,not-inspected,not-applicable-no-fortad-run,not-inspected,not-run,not-run-unsupported-source-language
non-regressions,nonRegressions/set09/v127,c,n/a,"mixed regression cases, references, harness, and data",fortad-unsupported-source-language,not-inspected,not-inspected,not-inspected,not-applicable-no-fortad-run,not-inspected,not-run,not-run-unsupported-source-language
non-regressions,nonRegressions/set09/v128,c,n/a,"mixed regression cases, references, harness, and data",fortad-unsupported-source-language,not-inspected,not-inspected,not-inspected,not-applicable-no-fortad-run,not-inspected,not-run,not-run-unsupported-source-language
non-regressions,nonRegressions/set09/v129,c,n/a,"mixed regression cases, references, harness, and data",fortad-unsupported-source-language,not-inspected,not-inspected,not-inspected,not-applicable-no-fortad-run,not-inspected,not-run,not-run-unsupported-source-language
non-regressions,nonRegressions/set09/v130,c,n/a,"mixed regression cases, references, harness, and data",fortad-unsupported-source-language,not-inspected,not-inspected,not-inspected,not-applicable-no-fortad-run,not-inspected,not-run,not-run-unsupported-source-language
non-regressions,nonRegressions/set09/v131,c,n/a,"mixed regression cases, references, harness, and data",fortad-unsupported-source-language,not-inspected,not-inspected,not-inspected,not-applicable-no-fortad-run,not-inspected,not-run,not-run-unsupported-source-language
non-regressions,nonRegressions/set09/v132,c,n/a,"mixed regression cases, references, harness, and data",fortad-unsupported-source-language,not-inspected,not-inspected,not-inspected,not-applicable-no-fortad-run,not-inspected,not-run,not-run-unsupported-source-language
non-regressions,nonRegressions/set09/v133,c,n/a,"mixed regression cases, references, harness, and data",fortad-unsupported-source-language,not-inspected,not-inspected,not-inspected,not-applicable-no-fortad-run,not-inspected,not-run,not-run-unsupported-source-language
non-regressions,nonRegressions/set09/v134,c,n/a,"mixed regression cases, references, harness, and data",fortad-unsupported-source-language,not-inspected,not-inspected,not-inspected,not-applicable-no-fortad-run,not-inspected,not-run,not-run-unsupported-source-language
non-regressions,nonRegressions/set09/v135,c,n/a,"mixed regression cases, references, harness, and data",fortad-unsupported-source-language,not-inspected,not-inspected,not-inspected,not-applicable-no-fortad-run,not-inspected,not-run,not-run-unsupported-source-language
non-regressions,nonRegressions/set09/v136,c,n/a,"mixed regression cases, references, harness, and data",fortad-unsupported-source-language,not-inspected,not-inspected,not-inspected,not-applicable-no-fortad-run,not-inspected,not-run,not-run-unsupported-source-language
non-regressions,nonRegressions/set09/v137,c,n/a,"mixed regression cases, references, harness, and data",fortad-unsupported-source-language,not-inspected,not-inspected,not-inspected,not-applicable-no-fortad-run,not-inspected,not-run,not-run-unsupported-source-language
non-regressions,nonRegressions/set09/v138,c,n/a,"mixed regression cases, references, harness, and data",fortad-unsupported-source-language,not-inspected,not-inspected,not-inspected,not-applicable-no-fortad-run,not-inspected,not-run,not-run-unsupported-source-language
non-regressions,nonRegressions/set09/v139,c,n/a,"mixed regression cases, references, harness, and data",fortad-unsupported-source-language,not-inspected,not-inspected,not-inspected,not-applicable-no-fortad-run,not-inspected,not-run,not-run-unsupported-source-language
non-regressions,nonRegressions/set09/v140,c,n/a,"mixed regression cases, references, harness, and data",fortad-unsupported-source-language,not-inspected,not-inspected,not-inspected,not-applicable-no-fortad-run,not-inspected,not-run,not-run-unsupported-source-language
non-regressions,nonRegressions/set09/v141,c,n/a,"mixed regression cases, references, harness, and data",fortad-unsupported-source-language,not-inspected,not-inspected,not-inspected,not-applicable-no-fortad-run,not-inspected,not-run,not-run-unsupported-source-language
non-regressions,nonRegressions/set09/v142,c,n/a,"mixed regression cases, references, harness, and data",fortad-unsupported-source-language,not-inspected,not-inspected,not-inspected,not-applicable-no-fortad-run,not-inspected,not-run,not-run-unsupported-source-language
non-regressions,nonRegressions/set09/v143,c,n/a,"mixed regression cases, references, harness, and data",fortad-unsupported-source-language,not-inspected,not-inspected,not-inspected,not-applicable-no-fortad-run,not-inspected,not-run,not-run-unsupported-source-language
non-regressions,nonRegressions/set09/v144,c,n/a,"mixed regression cases, references, harness, and data",fortad-unsupported-source-language,not-inspected,not-inspected,not-inspected,not-applicable-no-fortad-run,not-inspected,not-run,not-run-unsupported-source-language
non-regressions,nonRegressions/set09/v145,c,n/a,"mixed regression cases, references, harness, and data",fortad-unsupported-source-language,not-inspected,not-inspected,not-inspected,not-applicable-no-fortad-run,not-inspected,not-run,not-run-unsupported-source-language
non-regressions,nonRegressions/set09/v146,c,n/a,"mixed regression cases, references, harness, and data",fortad-unsupported-source-language,not-inspected,not-inspected,not-inspected,not-applicable-no-fortad-run,not-inspected,not-run,not-run-unsupported-source-language
non-regressions,nonRegressions/set09/v147,c,n/a,"mixed regression cases, references, harness, and data",fortad-unsupported-source-language,not-inspected,not-inspected,not-inspected,not-applicable-no-fortad-run,not-inspected,not-run,not-run-unsupported-source-language
non-regressions,nonRegressions/set09/v148,c,n/a,"mixed regression cases, references, harness, and data",fortad-unsupported-source-language,not-inspected,not-inspected,not-inspected,not-applicable-no-fortad-run,not-inspected,not-run,not-run-unsupported-source-language
non-regressions,nonRegressions/set09/v149,c,n/a,"mixed regression cases, references, harness, and data",fortad-unsupported-source-language,not-inspected,not-inspected,not-inspected,not-applicable-no-fortad-run,not-inspected,not-run,not-run-unsupported-source-language
non-regressions,nonRegressions/set09/v150,c,n/a,"mixed regression cases, references, harness, and data",fortad-unsupported-source-language,not-inspected,not-inspected,not-inspected,not-applicable-no-fortad-run,not-inspected,not-run,not-run-unsupported-source-language
non-regressions,nonRegressions/set09/v151,c,n/a,"mixed regression cases, references, harness, and data",fortad-unsupported-source-language,not-inspected,not-inspected,not-inspected,not-applicable-no-fortad-run,not-inspected,not-run,not-run-unsupported-source-language
non-regressions,nonRegressions/set09/v152,c,n/a,"mixed regression cases, references, harness, and data",fortad-unsupported-source-language,not-inspected,not-inspected,not-inspected,not-applicable-no-fortad-run,not-inspected,not-run,not-run-unsupported-source-language
non-regressions,nonRegressions/set09/v153,c,n/a,"mixed regression cases, references, harness, and data",fortad-unsupported-source-language,not-inspected,not-inspected,not-inspected,not-applicable-no-fortad-run,not-inspected,not-run,not-run-unsupported-source-language
non-regressions,nonRegressions/set09/v154,c,n/a,"mixed regression cases, references, harness, and data",fortad-unsupported-source-language,not-inspected,not-inspected,not-inspected,not-applicable-no-fortad-run,not-inspected,not-run,not-run-unsupported-source-language
non-regressions,nonRegressions/set09/v155,c,n/a,"mixed regression cases, references, harness, and data",fortad-unsupported-source-language,not-inspected,not-inspected,not-inspected,not-applicable-no-fortad-run,not-inspected,not-run,not-run-unsupported-source-language
non-regressions,nonRegressions/set09/v156,c,n/a,"mixed regression cases, references, harness, and data",fortad-unsupported-source-language,not-inspected,not-inspected,not-inspected,not-applicable-no-fortad-run,not-inspected,not-run,not-run-unsupported-source-language
non-regressions,nonRegressions/set09/v157,c,n/a,"mixed regression cases, references, harness, and data",fortad-unsupported-source-language,not-inspected,not-inspected,not-inspected,not-applicable-no-fortad-run,not-inspected,not-run,not-run-unsupported-source-language
non-regressions,nonRegressions/set09/v158,c,n/a,"mixed regression cases, references, harness, and data",fortad-unsupported-source-language,not-inspected,not-inspected,not-inspected,not-applicable-no-fortad-run,not-inspected,not-run,not-run-unsupported-source-language
non-regressions,nonRegressions/set09/v159,c,n/a,"mixed regression cases, references, harness, and data",fortad-unsupported-source-language,not-inspected,not-inspected,not-inspected,not-applicable-no-fortad-run,not-inspected,not-run,not-run-unsupported-source-language
non-regressions,nonRegressions/set09/v160,c,n/a,"mixed regression cases, references, harness, and data",fortad-unsupported-source-language,not-inspected,not-inspected,not-inspected,not-applicable-no-fortad-run,not-inspected,not-run,not-run-unsupported-source-language
non-regressions,nonRegressions/set09/v161,c,n/a,"mixed regression cases, references, harness, and data",fortad-unsupported-source-language,not-inspected,not-inspected,not-inspected,not-applicable-no-fortad-run,not-inspected,not-run,not-run-unsupported-source-language
non-regressions,nonRegressions/set09/v162,c,n/a,"mixed regression cases, references, harness, and data",fortad-unsupported-source-language,not-inspected,not-inspected,not-inspected,not-applicable-no-fortad-run,not-inspected,not-run,not-run-unsupported-source-language
non-regressions,nonRegressions/set09/v163,c,n/a,"mixed regression cases, references, harness, and data",fortad-unsupported-source-language,not-inspected,not-inspected,not-inspected,not-applicable-no-fortad-run,not-inspected,not-run,not-run-unsupported-source-language
non-regressions,nonRegressions/set09/v164,c,n/a,"mixed regression cases, references, harness, and data",fortad-unsupported-source-language,not-inspected,not-inspected,not-inspected,not-applicable-no-fortad-run,not-inspected,not-run,not-run-unsupported-source-language
non-regressions,nonRegressions/set09/v165,c,n/a,"mixed regression cases, references, harness, and data",fortad-unsupported-source-language,not-inspected,not-inspected,not-inspected,not-applicable-no-fortad-run,not-inspected,not-run,not-run-unsupported-source-language
non-regressions,nonRegressions/set09/v166,c,n/a,"mixed regression cases, references, harness, and data",fortad-unsupported-source-language,not-inspected,not-inspected,not-inspected,not-applicable-no-fortad-run,not-inspected,not-run,not-run-unsupported-source-language
non-regressions,nonRegressions/set09/v167,c,n/a,"mixed regression cases, references, harness, and data",fortad-unsupported-source-language,not-inspected,not-inspected,not-inspected,not-applicable-no-fortad-run,not-inspected,not-run,not-run-unsupported-source-language
non-regressions,nonRegressions/set09/v168,c,n/a,"mixed regression cases, references, harness, and data",fortad-unsupported-source-language,not-inspected,not-inspected,not-inspected,not-applicable-no-fortad-run,not-inspected,not-run,not-run-unsupported-source-language
non-regressions,nonRegressions/set09/v169,c,n/a,"mixed regression cases, references, harness, and data",fortad-unsupported-source-language,not-inspected,not-inspected,not-inspected,not-applicable-no-fortad-run,not-inspected,not-run,not-run-unsupported-source-language
non-regressions,nonRegressions/set09/v173,c,n/a,"mixed regression cases, references, harness, and data",fortad-unsupported-source-language,not-inspected,not-inspected,not-inspected,not-applicable-no-fortad-run,not-inspected,not-run,not-run-unsupported-source-language
non-regressions,nonRegressions/set09/v174,c,n/a,"mixed regression cases, references, harness, and data",fortad-unsupported-source-language,not-inspected,not-inspected,not-inspected,not-applicable-no-fortad-run,not-inspected,not-run,not-run-unsupported-source-language
non-regressions,nonRegressions/set09/v175,c,n/a,"mixed regression cases, references, harness, and data",fortad-unsupported-source-language,not-inspected,not-inspected,not-inspected,not-applicable-no-fortad-run,not-inspected,not-run,not-run-unsupported-source-language
non-regressions,nonRegressions/set09/v176,c,n/a,"mixed regression cases, references, harness, and data",fortad-unsupported-source-language,not-inspected,not-inspected,not-inspected,not-applicable-no-fortad-run,not-inspected,not-run,not-run-unsupported-source-language
non-regressions,nonRegressions/set09/v177,c,n/a,"mixed regression cases, references, harness, and data",fortad-unsupported-source-language,not-inspected,not-inspected,not-inspected,not-applicable-no-fortad-run,not-inspected,not-run,not-run-unsupported-source-language
non-regressions,nonRegressions/set09/v178,c,n/a,"mixed regression cases, references, harness, and data",fortad-unsupported-source-language,not-inspected,not-inspected,not-inspected,not-applicable-no-fortad-run,not-inspected,not-run,not-run-unsupported-source-language
non-regressions,nonRegressions/set09/v179,c,n/a,"mixed regression cases, references, harness, and data",fortad-unsupported-source-language,not-inspected,not-inspected,not-inspected,not-applicable-no-fortad-run,not-inspected,not-run,not-run-unsupported-source-language
non-regressions,nonRegressions/set09/v180,c,n/a,"mixed regression cases, references, harness, and data",fortad-unsupported-source-language,not-inspected,not-inspected,not-inspected,not-applicable-no-fortad-run,not-inspected,not-run,not-run-unsupported-source-language
non-regressions,nonRegressions/set09/v181,c,n/a,"mixed regression cases, references, harness, and data",fortad-unsupported-source-language,not-inspected,not-inspected,not-inspected,not-applicable-no-fortad-run,not-inspected,not-run,not-run-unsupported-source-language
non-regressions,nonRegressions/set09/v182,c,n/a,"mixed regression cases, references, harness, and data",fortad-unsupported-source-language,not-inspected,not-inspected,not-inspected,not-applicable-no-fortad-run,not-inspected,not-run,not-run-unsupported-source-language
non-regressions,nonRegressions/set09/v183,c,n/a,"mixed regression cases, references, harness, and data",fortad-unsupported-source-language,not-inspected,not-inspected,not-inspected,not-applicable-no-fortad-run,not-inspected,not-run,not-run-unsupported-source-language
non-regressions,nonRegressions/set09/v184,c,n/a,"mixed regression cases, references, harness, and data",fortad-unsupported-source-language,not-inspected,not-inspected,not-inspected,not-applicable-no-fortad-run,not-inspected,not-run,not-run-unsupported-source-language
non-regressions,nonRegressions/set09/v185,c,n/a,"mixed regression cases, references, harness, and data",fortad-unsupported-source-language,not-inspected,not-inspected,not-inspected,not-applicable-no-fortad-run,not-inspected,not-run,not-run-unsupported-source-language
non-regressions,nonRegressions/set09/v188,c,n/a,"mixed regression cases, references, harness, and data",fortad-unsupported-source-language,not-inspected,not-inspected,not-inspected,not-applicable-no-fortad-run,not-inspected,not-run,not-run-unsupported-source-language
non-regressions,nonRegressions/set09/v189,c,n/a,"mixed regression cases, references, harness, and data",fortad-unsupported-source-language,not-inspected,not-inspected,not-inspected,not-applicable-no-fortad-run,not-inspected,not-run,not-run-unsupported-source-language
non-regressions,nonRegressions/set09/v190,c,n/a,"mixed regression cases, references, harness, and data",fortad-unsupported-source-language,not-inspected,not-inspected,not-inspected,not-applicable-no-fortad-run,not-inspected,not-run,not-run-unsupported-source-language
non-regressions,nonRegressions/set09/v191,c,n/a,"mixed regression cases, references, harness, and data",fortad-unsupported-source-language,not-inspected,not-inspected,not-inspected,not-applicable-no-fortad-run,not-inspected,not-run,not-run-unsupported-source-language
non-regressions,nonRegressions/set09/v192,c,n/a,"mixed regression cases, references, harness, and data",fortad-unsupported-source-language,not-inspected,not-inspected,not-inspected,not-applicable-no-fortad-run,not-inspected,not-run,not-run-unsupported-source-language
non-regressions,nonRegressions/set09/v193,c,n/a,"mixed regression cases, references, harness, and data",fortad-unsupported-source-language,not-inspected,not-inspected,not-inspected,not-applicable-no-fortad-run,not-inspected,not-run,not-run-unsupported-source-language
non-regressions,nonRegressions/set09/v194,c,n/a,"mixed regression cases, references, harness, and data",fortad-unsupported-source-language,not-inspected,not-inspected,not-inspected,not-applicable-no-fortad-run,not-inspected,not-run,not-run-unsupported-source-language
non-regressions,nonRegressions/set09/v200,c,n/a,"mixed regression cases, references, harness, and data",fortad-unsupported-source-language,not-inspected,not-inspected,not-inspected,not-applicable-no-fortad-run,not-inspected,not-run,not-run-unsupported-source-language
non-regressions,nonRegressions/set09/v201,c,n/a,"mixed regression cases, references, harness, and data",fortad-unsupported-source-language,not-inspected,not-inspected,not-inspected,not-applicable-no-fortad-run,not-inspected,not-run,not-run-unsupported-source-language
non-regressions,nonRegressions/set09/v202,c,n/a,"mixed regression cases, references, harness, and data",fortad-unsupported-source-language,not-inspected,not-inspected,not-inspected,not-applicable-no-fortad-run,not-inspected,not-run,not-run-unsupported-source-language
non-regressions,nonRegressions/set09/v203,c,n/a,"mixed regression cases, references, harness, and data",fortad-unsupported-source-language,not-inspected,not-inspected,not-inspected,not-applicable-no-fortad-run,not-inspected,not-run,not-run-unsupported-source-language
non-regressions,nonRegressions/set09/v204,c,n/a,"mixed regression cases, references, harness, and data",fortad-unsupported-source-language,not-inspected,not-inspected,not-inspected,not-applicable-no-fortad-run,not-inspected,not-run,not-run-unsupported-source-language
non-regressions,nonRegressions/set09/v205,c,n/a,"mixed regression cases, references, harness, and data",fortad-unsupported-source-language,not-inspected,not-inspected,not-inspected,not-applicable-no-fortad-run,not-inspected,not-run,not-run-unsupported-source-language
non-regressions,nonRegressions/set09/v206,c,n/a,"mixed regression cases, references, harness, and data",fortad-unsupported-source-language,not-inspected,not-inspected,not-inspected,not-applicable-no-fortad-run,not-inspected,not-run,not-run-unsupported-source-language
non-regressions,nonRegressions/set09/v207,c,n/a,"mixed regression cases, references, harness, and data",fortad-unsupported-source-language,not-inspected,not-inspected,not-inspected,not-applicable-no-fortad-run,not-inspected,not-run,not-run-unsupported-source-language
non-regressions,nonRegressions/set09/v210,c,n/a,"mixed regression cases, references, harness, and data",fortad-unsupported-source-language,not-inspected,not-inspected,not-inspected,not-applicable-no-fortad-run,not-inspected,not-run,not-run-unsupported-source-language
non-regressions,nonRegressions/set09/v217,c,n/a,"mixed regression cases, references, harness, and data",fortad-unsupported-source-language,not-inspected,not-inspected,not-inspected,not-applicable-no-fortad-run,not-inspected,not-run,not-run-unsupported-source-language
non-regressions,nonRegressions/set09/v218,c,n/a,"mixed regression cases, references, harness, and data",fortad-unsupported-source-language,not-inspected,not-inspected,not-inspected,not-applicable-no-fortad-run,not-inspected,not-run,not-run-unsupported-source-language
non-regressions,nonRegressions/set09/v219,c,n/a,"mixed regression cases, references, harness, and data",fortad-unsupported-source-language,not-inspected,not-inspected,not-inspected,not-applicable-no-fortad-run,not-inspected,not-run,not-run-unsupported-source-language
non-regressions,nonRegressions/set09/v220,c,n/a,"mixed regression cases, references, harness, and data",fortad-unsupported-source-language,not-inspected,not-inspected,not-inspected,not-applicable-no-fortad-run,not-inspected,not-run,not-run-unsupported-source-language
non-regressions,nonRegressions/set09/v221,c,n/a,"mixed regression cases, references, harness, and data",fortad-unsupported-source-language,not-inspected,not-inspected,not-inspected,not-applicable-no-fortad-run,not-inspected,not-run,not-run-unsupported-source-language
non-regressions,nonRegressions/set09/v222,c,n/a,"mixed regression cases, references, harness, and data",fortad-unsupported-source-language,not-inspected,not-inspected,not-inspected,not-applicable-no-fortad-run,not-inspected,not-run,not-run-unsupported-source-language
non-regressions,nonRegressions/set09/v223,c,n/a,"mixed regression cases, references, harness, and data",fortad-unsupported-source-language,not-inspected,not-inspected,not-inspected,not-applicable-no-fortad-run,not-inspected,not-run,not-run-unsupported-source-language
non-regressions,nonRegressions/set09/v224,c,n/a,"mixed regression cases, references, harness, and data",fortad-unsupported-source-language,not-inspected,not-inspected,not-inspected,not-applicable-no-fortad-run,not-inspected,not-run,not-run-unsupported-source-language
non-regressions,nonRegressions/set09/v225,c,n/a,"mixed regression cases, references, harness, and data",fortad-unsupported-source-language,not-inspected,not-inspected,not-inspected,not-applicable-no-fortad-run,not-inspected,not-run,not-run-unsupported-source-language
non-regressions,nonRegressions/set09/v226,c,n/a,"mixed regression cases, references, harness, and data",fortad-unsupported-source-language,not-inspected,not-inspected,not-inspected,not-applicable-no-fortad-run,not-inspected,not-run,not-run-unsupported-source-language
non-regressions,nonRegressions/set09/v227,c,n/a,"mixed regression cases, references, harness, and data",fortad-unsupported-source-language,not-inspected,not-inspected,not-inspected,not-applicable-no-fortad-run,not-inspected,not-run,not-run-unsupported-source-language
non-regressions,nonRegressions/set09/v228,c,n/a,"mixed regression cases, references, harness, and data",fortad-unsupported-source-language,not-inspected,not-inspected,not-inspected,not-applicable-no-fortad-run,not-inspected,not-run,not-run-unsupported-source-language
non-regressions,nonRegressions/set09/v229,c,n/a,"mixed regression cases, references, harness, and data",fortad-unsupported-source-language,not-inspected,not-inspected,not-inspected,not-applicable-no-fortad-run,not-inspected,not-run,not-run-unsupported-source-language
non-regressions,nonRegressions/set09/v230,c,n/a,"mixed regression cases, references, harness, and data",fortad-unsupported-source-language,not-inspected,not-inspected,not-inspected,not-applicable-no-fortad-run,not-inspected,not-run,not-run-unsupported-source-language
non-regressions,nonRegressions/set09/v231,c,n/a,"mixed regression cases, references, harness, and data",fortad-unsupported-source-language,not-inspected,not-inspected,not-inspected,not-applicable-no-fortad-run,not-inspected,not-run,not-run-unsupported-source-language
non-regressions,nonRegressions/set09/v232,c,n/a,"mixed regression cases, references, harness, and data",fortad-unsupported-source-language,not-inspected,not-inspected,not-inspected,not-applicable-no-fortad-run,not-inspected,not-run,not-run-unsupported-source-language
non-regressions,nonRegressions/set09/v233,c,n/a,"mixed regression cases, references, harness, and data",fortad-unsupported-source-language,not-inspected,not-inspected,not-inspected,not-applicable-no-fortad-run,not-inspected,not-run,not-run-unsupported-source-language
non-regressions,nonRegressions/set09/v234,c,n/a,"mixed regression cases, references, harness, and data",fortad-unsupported-source-language,not-inspected,not-inspected,not-inspected,not-applicable-no-fortad-run,not-inspected,not-run,not-run-unsupported-source-language
non-regressions,nonRegressions/set09/v235,c,n/a,"mixed regression cases, references, harness, and data",fortad-unsupported-source-language,not-inspected,not-inspected,not-inspected,not-applicable-no-fortad-run,not-inspected,not-run,not-run-unsupported-source-language
non-regressions,nonRegressions/set09/v236,c,n/a,"mixed regression cases, references, harness, and data",fortad-unsupported-source-language,not-inspected,not-inspected,not-inspected,not-applicable-no-fortad-run,not-inspected,not-run,not-run-unsupported-source-language
non-regressions,nonRegressions/set09/v237,c,n/a,"mixed regression cases, references, harness, and data",fortad-unsupported-source-language,not-inspected,not-inspected,not-inspected,not-applicable-no-fortad-run,not-inspected,not-run,not-run-unsupported-source-language
non-regressions,nonRegressions/set09/v238,c,n/a,"mixed regression cases, references, harness, and data",fortad-unsupported-source-language,not-inspected,not-inspected,not-inspected,not-applicable-no-fortad-run,not-inspected,not-run,not-run-unsupported-source-language
non-regressions,nonRegressions/set09/v239,c,n/a,"mixed regression cases, references, harness, and data",fortad-unsupported-source-language,not-inspected,not-inspected,not-inspected,not-applicable-no-fortad-run,not-inspected,not-run,not-run-unsupported-source-language
non-regressions,nonRegressions/set09/v240,c,n/a,"mixed regression cases, references, harness, and data",fortad-unsupported-source-language,not-inspected,not-inspected,not-inspected,not-applicable-no-fortad-run,not-inspected,not-run,not-run-unsupported-source-language
non-regressions,nonRegressions/set09/v241,c,n/a,"mixed regression cases, references, harness, and data",fortad-unsupported-source-language,not-inspected,not-inspected,not-inspected,not-applicable-no-fortad-run,not-inspected,not-run,not-run-unsupported-source-language
non-regressions,nonRegressions/set09/v242,c,n/a,"mixed regression cases, references, harness, and data",fortad-unsupported-source-language,not-inspected,not-inspected,not-inspected,not-applicable-no-fortad-run,not-inspected,not-run,not-run-unsupported-source-language
non-regressions,nonRegressions/set09/v243,c,n/a,"mixed regression cases, references, harness, and data",fortad-unsupported-source-language,not-inspected,not-inspected,not-inspected,not-applicable-no-fortad-run,not-inspected,not-run,not-run-unsupported-source-language
non-regressions,nonRegressions/set09/v244,c,n/a,"mixed regression cases, references, harness, and data",fortad-unsupported-source-language,not-inspected,not-inspected,not-inspected,not-applicable-no-fortad-run,not-inspected,not-run,not-run-unsupported-source-language
non-regressions,nonRegressions/set09/v245,c,n/a,"mixed regression cases, references, harness, and data",fortad-unsupported-source-language,not-inspected,not-inspected,not-inspected,not-applicable-no-fortad-run,not-inspected,not-run,not-run-unsupported-source-language
non-regressions,nonRegressions/set09/v246,c,n/a,"mixed regression cases, references, harness, and data",fortad-unsupported-source-language,not-inspected,not-inspected,not-inspected,not-applicable-no-fortad-run,not-inspected,not-run,not-run-unsupported-source-language
non-regressions,nonRegressions/set09/v248,c,n/a,"mixed regression cases, references, harness, and data",fortad-unsupported-source-language,not-inspected,not-inspected,not-inspected,not-applicable-no-fortad-run,not-inspected,not-run,not-run-unsupported-source-language
non-regressions,nonRegressions/set09/v251,c,n/a,"mixed regression cases, references, harness, and data",fortad-unsupported-source-language,not-inspected,not-inspected,not-inspected,not-applicable-no-fortad-run,not-inspected,not-run,not-run-unsupported-source-language
non-regressions,nonRegressions/set09/v252,c,n/a,"mixed regression cases, references, harness, and data",fortad-unsupported-source-language,not-inspected,not-inspected,not-inspected,not-applicable-no-fortad-run,not-inspected,not-run,not-run-unsupported-source-language
non-regressions,nonRegressions/set09/v253,c,n/a,"mixed regression cases, references, harness, and data",fortad-unsupported-source-language,not-inspected,not-inspected,not-inspected,not-applicable-no-fortad-run,not-inspected,not-run,not-run-unsupported-source-language
non-regressions,nonRegressions/set09/v255,c,n/a,"mixed regression cases, references, harness, and data",fortad-unsupported-source-language,not-inspected,not-inspected,not-inspected,not-applicable-no-fortad-run,not-inspected,not-run,not-run-unsupported-source-language
non-regressions,nonRegressions/set09/v256,c,n/a,"mixed regression cases, references, harness, and data",fortad-unsupported-source-language,not-inspected,not-inspected,not-inspected,not-applicable-no-fortad-run,not-inspected,not-run,not-run-unsupported-source-language
non-regressions,nonRegressions/set09/v257,c,n/a,"mixed regression cases, references, harness, and data",fortad-unsupported-source-language,not-inspected,not-inspected,not-inspected,not-applicable-no-fortad-run,not-inspected,not-run,not-run-unsupported-source-language
non-regressions,nonRegressions/set09/v258,c,n/a,"mixed regression cases, references, harness, and data",fortad-unsupported-source-language,not-inspected,not-inspected,not-inspected,not-applicable-no-fortad-run,not-inspected,not-run,not-run-unsupported-source-language
non-regressions,nonRegressions/set09/v264,c,n/a,"mixed regression cases, references, harness, and data",fortad-unsupported-source-language,not-inspected,not-inspected,not-inspected,not-applicable-no-fortad-run,not-inspected,not-run,not-run-unsupported-source-language
non-regressions,nonRegressions/set09/v270,c,n/a,"mixed regression cases, references, harness, and data",fortad-unsupported-source-language,not-inspected,not-inspected,not-inspected,not-applicable-no-fortad-run,not-inspected,not-run,not-run-unsupported-source-language
non-regressions,nonRegressions/set09/v272,c,n/a,"mixed regression cases, references, harness, and data",fortad-unsupported-source-language,not-inspected,not-inspected,not-inspected,not-applicable-no-fortad-run,not-inspected,not-run,not-run-unsupported-source-language
non-regressions,nonRegressions/set09/v273,c,n/a,"mixed regression cases, references, harness, and data",fortad-unsupported-source-language,not-inspected,not-inspected,not-inspected,not-applicable-no-fortad-run,not-inspected,not-run,not-run-unsupported-source-language
non-regressions,nonRegressions/set09/v275,c,n/a,"mixed regression cases, references, harness, and data",fortad-unsupported-source-language,not-inspected,not-inspected,not-inspected,not-applicable-no-fortad-run,not-inspected,not-run,not-run-unsupported-source-language
non-regressions,nonRegressions/set09/v276,c,n/a,"mixed regression cases, references, harness, and data",fortad-unsupported-source-language,not-inspected,not-inspected,not-inspected,not-applicable-no-fortad-run,not-inspected,not-run,not-run-unsupported-source-language
non-regressions,nonRegressions/set09/v280,c,n/a,"mixed regression cases, references, harness, and data",fortad-unsupported-source-language,not-inspected,not-inspected,not-inspected,not-applicable-no-fortad-run,not-inspected,not-run,not-run-unsupported-source-language
non-regressions,nonRegressions/set09/v281,c,n/a,"mixed regression cases, references, harness, and data",fortad-unsupported-source-language,not-inspected,not-inspected,not-inspected,not-applicable-no-fortad-run,not-inspected,not-run,not-run-unsupported-source-language
non-regressions,nonRegressions/set09/v282,c,n/a,"mixed regression cases, references, harness, and data",fortad-unsupported-source-language,not-inspected,not-inspected,not-inspected,not-applicable-no-fortad-run,not-inspected,not-run,not-run-unsupported-source-language
non-regressions,nonRegressions/set09/v284,c,n/a,"mixed regression cases, references, harness, and data",fortad-unsupported-source-language,not-inspected,not-inspected,not-inspected,not-applicable-no-fortad-run,not-inspected,not-run,not-run-unsupported-source-language
non-regressions,nonRegressions/set09/v288,c,n/a,"mixed regression cases, references, harness, and data",fortad-unsupported-source-language,not-inspected,not-inspected,not-inspected,not-applicable-no-fortad-run,not-inspected,not-run,not-run-unsupported-source-language
non-regressions,nonRegressions/set09/v290,c,n/a,"mixed regression cases, references, harness, and data",fortad-unsupported-source-language,not-inspected,not-inspected,not-inspected,not-applicable-no-fortad-run,not-inspected,not-run,not-run-unsupported-source-language
non-regressions,nonRegressions/set09/v291,c,n/a,"mixed regression cases, references, harness, and data",fortad-unsupported-source-language,not-inspected,not-inspected,not-inspected,not-applicable-no-fortad-run,not-inspected,not-run,not-run-unsupported-source-language
non-regressions,nonRegressions/set09/v292,c,n/a,"mixed regression cases, references, harness, and data",fortad-unsupported-source-language,not-inspected,not-inspected,not-inspected,not-applicable-no-fortad-run,not-inspected,not-run,not-run-unsupported-source-language
non-regressions,nonRegressions/set09/v293,c,n/a,"mixed regression cases, references, harness, and data",fortad-unsupported-source-language,not-inspected,not-inspected,not-inspected,not-applicable-no-fortad-run,not-inspected,not-run,not-run-unsupported-source-language
non-regressions,nonRegressions/set09/v294,c,n/a,"mixed regression cases, references, harness, and data",fortad-unsupported-source-language,not-inspected,not-inspected,not-inspected,not-applicable-no-fortad-run,not-inspected,not-run,not-run-unsupported-source-language
non-regressions,nonRegressions/set10/ampi01,c,n/a,"mixed regression cases, references, harness, and data",fortad-unsupported-source-language,not-inspected,not-inspected,not-inspected,not-applicable-no-fortad-run,not-inspected,not-run,not-run-unsupported-source-language
non-regressions,nonRegressions/set10/ampi02,c,n/a,"mixed regression cases, references, harness, and data",fortad-unsupported-source-language,not-inspected,not-inspected,not-inspected,not-applicable-no-fortad-run,not-inspected,not-run,not-run-unsupported-source-language
non-regressions,nonRegressions/set10/ampi03,c,n/a,"mixed regression cases, references, harness, and data",fortad-unsupported-source-language,not-inspected,not-inspected,not-inspected,not-applicable-no-fortad-run,not-inspected,not-run,not-run-unsupported-source-language
non-regressions,nonRegressions/set10/ampi04,c,n/a,"mixed regression cases, references, harness, and data",fortad-unsupported-source-language,not-inspected,not-inspected,not-inspected,not-applicable-no-fortad-run,not-inspected,not-run,not-run-unsupported-source-language
non-regressions,nonRegressions/set10/ampi05,c,n/a,"mixed regression cases, references, harness, and data",fortad-unsupported-source-language,not-inspected,not-inspected,not-inspected,not-applicable-no-fortad-run,not-inspected,not-run,not-run-unsupported-source-language
non-regressions,nonRegressions/set10/ampi06,c,n/a,"mixed regression cases, references, harness, and data",fortad-unsupported-source-language,not-inspected,not-inspected,not-inspected,not-applicable-no-fortad-run,not-inspected,not-run,not-run-unsupported-source-language
non-regressions,nonRegressions/set10/ampi07,c,n/a,"mixed regression cases, references, harness, and data",fortad-unsupported-source-language,not-inspected,not-inspected,not-inspected,not-applicable-no-fortad-run,not-inspected,not-run,not-run-unsupported-source-language
non-regressions,nonRegressions/set10/ampi08,c,n/a,"mixed regression cases, references, harness, and data",fortad-unsupported-source-language,not-inspected,not-inspected,not-inspected,not-applicable-no-fortad-run,not-inspected,not-run,not-run-unsupported-source-language
non-regressions,nonRegressions/set10/ampi09,c,n/a,"mixed regression cases, references, harness, and data",fortad-unsupported-source-language,not-inspected,not-inspected,not-inspected,not-applicable-no-fortad-run,not-inspected,not-run,not-run-unsupported-source-language
non-regressions,nonRegressions/set10/ampi10,c,n/a,"mixed regression cases, references, harness, and data",fortad-unsupported-source-language,not-inspected,not-inspected,not-inspected,not-applicable-no-fortad-run,not-inspected,not-run,not-run-unsupported-source-language
non-regressions,nonRegressions/set10/ampi11,fortran,fixed,"mixed regression cases, references, harness, and data",untriaged,untriaged,untriaged,untriaged,untriaged,untriaged,not-run,not-run
non-regressions,nonRegressions/set10/ampi12,fortran,fixed,"mixed regression cases, references, harness, and data",untriaged,untriaged,untriaged,untriaged,untriaged,untriaged,not-run,not-run
non-regressions,nonRegressions/set10/ampi13,fortran,fixed,"mixed regression cases, references, harness, and data",untriaged,untriaged,untriaged,untriaged,untriaged,untriaged,not-run,not-run
non-regressions,nonRegressions/set10/ampi14,fortran,fixed,"mixed regression cases, references, harness, and data",untriaged,untriaged,untriaged,untriaged,untriaged,untriaged,not-run,not-run
non-regressions,nonRegressions/set10/ampi15,fortran,fixed,"mixed regression cases, references, harness, and data",untriaged,untriaged,untriaged,untriaged,untriaged,untriaged,not-run,not-run
non-regressions,nonRegressions/set10/ampi16,fortran,fixed,"mixed regression cases, references, harness, and data",untriaged,untriaged,untriaged,untriaged,untriaged,untriaged,not-run,not-run
non-regressions,nonRegressions/set10/ampi17,fortran,fixed,"mixed regression cases, references, harness, and data",untriaged,untriaged,untriaged,untriaged,untriaged,untriaged,not-run,not-run
non-regressions,nonRegressions/set10/ampi18,fortran,fixed,"mixed regression cases, references, harness, and data",untriaged,untriaged,untriaged,untriaged,untriaged,untriaged,not-run,not-run
non-regressions,nonRegressions/set10/ampi19,fortran,free,"mixed regression cases, references, harness, and data",untriaged,untriaged,untriaged,untriaged,untriaged,untriaged,not-run,not-run
non-regressions,nonRegressions/set10/ampi20,fortran,free,"mixed regression cases, references, harness, and data",untriaged,untriaged,untriaged,untriaged,untriaged,untriaged,not-run,not-run
non-regressions,nonRegressions/set10/lh070,c,n/a,"mixed regression cases, references, harness, and data",fortad-unsupported-source-language,not-inspected,not-inspected,not-inspected,not-applicable-no-fortad-run,not-inspected,not-run,not-run-unsupported-source-language
non-regressions,nonRegressions/set10/lh201,fortran,fixed,"mixed regression cases, references, harness, and data",untriaged,untriaged,untriaged,untriaged,untriaged,untriaged,not-run,not-run
non-regressions,nonRegressions/set10/lh202,fortran,fixed,"mixed regression cases, references, harness, and data",untriaged,untriaged,untriaged,untriaged,untriaged,untriaged,not-run,not-run
non-regressions,nonRegressions/set10/lh203,fortran,fixed,"mixed regression cases, references, harness, and data",untriaged,untriaged,untriaged,untriaged,untriaged,untriaged,not-run,not-run
non-regressions,nonRegressions/set10/lh204,fortran,fixed,"mixed regression cases, references, harness, and data",untriaged,untriaged,untriaged,untriaged,untriaged,untriaged,not-run,not-run
non-regressions,nonRegressions/set10/lh206,fortran,free,"mixed regression cases, references, harness, and data",untriaged,untriaged,untriaged,untriaged,untriaged,untriaged,not-run,not-run
non-regressions,nonRegressions/set10/lh207,fortran,free,"mixed regression cases, references, harness, and data",untriaged,untriaged,untriaged,untriaged,untriaged,untriaged,not-run,not-run
non-regressions,nonRegressions/set10/lh208,fortran,free,"mixed regression cases, references, harness, and data",untriaged,untriaged,untriaged,untriaged,untriaged,untriaged,not-run,not-run
non-regressions,nonRegressions/set10/lh209,fortran,fixed,"mixed regression cases, references, harness, and data",untriaged,untriaged,untriaged,untriaged,untriaged,untriaged,not-run,not-run
non-regressions,nonRegressions/set10/lh210,fortran,free,"mixed regression cases, references, harness, and data",untriaged,untriaged,untriaged,untriaged,untriaged,untriaged,not-run,not-run
non-regressions,nonRegressions/set10/lh211,fortran,free,"mixed regression cases, references, harness, and data",untriaged,untriaged,untriaged,untriaged,untriaged,untriaged,not-run,not-run
non-regressions,nonRegressions/set10/lh212,fortran,free,"mixed regression cases, references, harness, and data",untriaged,untriaged,untriaged,untriaged,untriaged,untriaged,not-run,not-run
non-regressions,nonRegressions/set10/lh213,fortran,free,"mixed regression cases, references, harness, and data",untriaged,untriaged,untriaged,untriaged,untriaged,untriaged,not-run,not-run
non-regressions,nonRegressions/set10/lh214,c,n/a,"mixed regression cases, references, harness, and data",fortad-unsupported-source-language,not-inspected,not-inspected,not-inspected,not-applicable-no-fortad-run,not-inspected,not-run,not-run-unsupported-source-language
non-regressions,nonRegressions/set10/lh215,fortran,free,"mixed regression cases, references, harness, and data",untriaged,untriaged,untriaged,untriaged,untriaged,untriaged,not-run,not-run
non-regressions,nonRegressions/set10/lh216,fortran,free,"mixed regression cases, references, harness, and data",untriaged,untriaged,untriaged,untriaged,untriaged,untriaged,not-run,not-run
non-regressions,nonRegressions/set10/lh217,fortran,free,"mixed regression cases, references, harness, and data",untriaged,untriaged,untriaged,untriaged,untriaged,untriaged,not-run,not-run
non-regressions,nonRegressions/set10/lh218,fortran,fixed,"mixed regression cases, references, harness, and data",untriaged,untriaged,untriaged,untriaged,untriaged,untriaged,not-run,not-run
non-regressions,nonRegressions/set10/lh219,fortran,fixed,"mixed regression cases, references, harness, and data",untriaged,untriaged,untriaged,untriaged,untriaged,untriaged,not-run,not-run
non-regressions,nonRegressions/set10/lh220,fortran,free,"mixed regression cases, references, harness, and data",untriaged,untriaged,untriaged,untriaged,untriaged,untriaged,not-run,not-run
non-regressions,nonRegressions/set10/lh221,fortran,free,"mixed regression cases, references, harness, and data",untriaged,untriaged,untriaged,untriaged,untriaged,untriaged,not-run,not-run
non-regressions,nonRegressions/set10/lh222,fortran,free,"mixed regression cases, references, harness, and data",untriaged,untriaged,untriaged,untriaged,untriaged,untriaged,not-run,not-run
non-regressions,nonRegressions/set10/lh223,c,n/a,"mixed regression cases, references, harness, and data",fortad-unsupported-source-language,not-inspected,not-inspected,not-inspected,not-applicable-no-fortad-run,not-inspected,not-run,not-run-unsupported-source-language
non-regressions,nonRegressions/set10/lh224,fortran,free,"mixed regression cases, references, harness, and data",untriaged,untriaged,untriaged,untriaged,untriaged,untriaged,not-run,not-run
non-regressions,nonRegressions/set10/lh225,fortran,free,"mixed regression cases, references, harness, and data",untriaged,untriaged,untriaged,untriaged,untriaged,untriaged,not-run,not-run
non-regressions,nonRegressions/set10/lh226,fortran,free,"mixed regression cases, references, harness, and data",untriaged,untriaged,untriaged,untriaged,untriaged,untriaged,not-run,not-run
non-regressions,nonRegressions/set10/lh227,fortran,free,"mixed regression cases, references, harness, and data",untriaged,untriaged,untriaged,untriaged,untriaged,untriaged,not-run,not-run
non-regressions,nonRegressions/set10/lh228,fortran,free,"mixed regression cases, references, harness, and data",untriaged,untriaged,untriaged,untriaged,untriaged,untriaged,not-run,not-run
non-regressions,nonRegressions/set10/lh229,fortran,free,"mixed regression cases, references, harness, and data",untriaged,untriaged,untriaged,untriaged,untriaged,untriaged,not-run,not-run
non-regressions,nonRegressions/set10/lh230,fortran,free,"mixed regression cases, references, harness, and data",untriaged,untriaged,untriaged,untriaged,untriaged,untriaged,not-run,not-run
non-regressions,nonRegressions/set10/lh231,fortran,free,"mixed regression cases, references, harness, and data",untriaged,untriaged,untriaged,untriaged,untriaged,untriaged,not-run,not-run
non-regressions,nonRegressions/set10/lh232,fortran,free,"mixed regression cases, references, harness, and data",untriaged,untriaged,untriaged,untriaged,untriaged,untriaged,not-run,not-run
non-regressions,nonRegressions/set10/lh233,fortran,free,"mixed regression cases, references, harness, and data",untriaged,untriaged,untriaged,untriaged,untriaged,untriaged,not-run,not-run
non-regressions,nonRegressions/set10/lh234,fortran,free,"mixed regression cases, references, harness, and data",untriaged,untriaged,untriaged,untriaged,untriaged,untriaged,not-run,not-run
non-regressions,nonRegressions/set10/lh235,fortran,free,"mixed regression cases, references, harness, and data",untriaged,untriaged,untriaged,untriaged,untriaged,untriaged,not-run,not-run
non-regressions,nonRegressions/set10/lh236,fortran,free,"mixed regression cases, references, harness, and data",untriaged,untriaged,untriaged,untriaged,untriaged,untriaged,not-run,not-run
non-regressions,nonRegressions/set10/lh237,fortran,free,"mixed regression cases, references, harness, and data",untriaged,untriaged,untriaged,untriaged,untriaged,untriaged,not-run,not-run
non-regressions,nonRegressions/set10/lh238,fortran,free,"mixed regression cases, references, harness, and data",untriaged,untriaged,untriaged,untriaged,untriaged,untriaged,not-run,not-run
non-regressions,nonRegressions/set10/lh239,fortran,free,"mixed regression cases, references, harness, and data",untriaged,untriaged,untriaged,untriaged,untriaged,untriaged,not-run,not-run
non-regressions,nonRegressions/set10/lh240,fortran,free,"mixed regression cases, references, harness, and data",untriaged,untriaged,untriaged,untriaged,untriaged,untriaged,not-run,not-run
non-regressions,nonRegressions/set10/lh241,fortran,free,"mixed regression cases, references, harness, and data",untriaged,untriaged,untriaged,untriaged,untriaged,untriaged,not-run,not-run
non-regressions,nonRegressions/set10/lh242,fortran,free,"mixed regression cases, references, harness, and data",untriaged,untriaged,untriaged,untriaged,untriaged,untriaged,not-run,not-run
non-regressions,nonRegressions/set10/lh243,fortran,free,"mixed regression cases, references, harness, and data",untriaged,untriaged,untriaged,untriaged,untriaged,untriaged,not-run,not-run
non-regressions,nonRegressions/set10/lh244,fortran,free,"mixed regression cases, references, harness, and data",untriaged,untriaged,untriaged,untriaged,untriaged,untriaged,not-run,not-run
non-regressions,nonRegressions/set10/mix01,c|fortran,mixed,"mixed regression cases, references, harness, and data",untriaged,untriaged,untriaged,untriaged,untriaged,untriaged,not-run,not-run
non-regressions,nonRegressions/set10/mix02,c|fortran,fixed,"mixed regression cases, references, harness, and data",untriaged,untriaged,untriaged,untriaged,untriaged,untriaged,not-run,not-run
non-regressions,nonRegressions/set10/mix03,c|fortran,fixed,"mixed regression cases, references, harness, and data",untriaged,untriaged,untriaged,untriaged,untriaged,untriaged,not-run,not-run
non-regressions,nonRegressions/set10/mix04,c|fortran,fixed,"mixed regression cases, references, harness, and data",untriaged,untriaged,untriaged,untriaged,untriaged,untriaged,not-run,not-run
non-regressions,nonRegressions/set10/mix05,c|fortran,fixed,"mixed regression cases, references, harness, and data",untriaged,untriaged,untriaged,untriaged,untriaged,untriaged,not-run,not-run
non-regressions,nonRegressions/set10/mix06,c|fortran,fixed,"mixed regression cases, references, harness, and data",untriaged,untriaged,untriaged,untriaged,untriaged,untriaged,not-run,not-run
non-regressions,nonRegressions/set10/mix07,c|fortran,free,"mixed regression cases, references, harness, and data",untriaged,untriaged,untriaged,untriaged,untriaged,untriaged,not-run,not-run
non-regressions,nonRegressions/set10/mix08,c|fortran,free,"mixed regression cases, references, harness, and data",untriaged,untriaged,untriaged,untriaged,untriaged,untriaged,not-run,not-run
non-regressions,nonRegressions/set10/mix09,c|fortran,free,"mixed regression cases, references, harness, and data",untriaged,untriaged,untriaged,untriaged,untriaged,untriaged,not-run,not-run
non-regressions,nonRegressions/set10/mix10,c|fortran,free,"mixed regression cases, references, harness, and data",untriaged,untriaged,untriaged,untriaged,untriaged,untriaged,not-run,not-run
non-regressions,nonRegressions/set10/mix13,c|fortran,free,"mixed regression cases, references, harness, and data",untriaged,untriaged,untriaged,untriaged,untriaged,untriaged,not-run,not-run
non-regressions,nonRegressions/set10/mix14,c|fortran,mixed,"mixed regression cases, references, harness, and data",untriaged,untriaged,untriaged,untriaged,untriaged,untriaged,not-run,not-run
non-regressions,nonRegressions/set10/mix15,c|fortran,free,"mixed regression cases, references, harness, and data",untriaged,untriaged,untriaged,untriaged,untriaged,untriaged,not-run,not-run
non-regressions,nonRegressions/set10/mix16,c|fortran,fixed,"mixed regression cases, references, harness, and data",untriaged,untriaged,untriaged,untriaged,untriaged,untriaged,not-run,not-run
non-regressions,nonRegressions/set10/mix18,c|fortran,fixed,"mixed regression cases, references, harness, and data",untriaged,untriaged,untriaged,untriaged,untriaged,untriaged,not-run,not-run
non-regressions,nonRegressions/set10/mix19,c|fortran,free,"mixed regression cases, references, harness, and data",untriaged,untriaged,untriaged,untriaged,untriaged,untriaged,not-run,not-run
non-regressions,nonRegressions/set10/mix20,c|fortran,free,"mixed regression cases, references, harness, and data",untriaged,untriaged,untriaged,untriaged,untriaged,untriaged,not-run,not-run
non-regressions,nonRegressions/set10/mix21,c|fortran,free,"mixed regression cases, references, harness, and data",untriaged,untriaged,untriaged,untriaged,untriaged,untriaged,not-run,not-run
non-regressions,nonRegressions/set10/mix22,c|fortran,fixed,"mixed regression cases, references, harness, and data",untriaged,untriaged,untriaged,untriaged,untriaged,untriaged,not-run,not-run
non-regressions,nonRegressions/set10/mix23,c|fortran,free,"mixed regression cases, references, harness, and data",untriaged,untriaged,untriaged,untriaged,untriaged,untriaged,not-run,not-run
non-regressions,nonRegressions/set10/mix24,c|fortran,free,"mixed regression cases, references, harness, and data",untriaged,untriaged,untriaged,untriaged,untriaged,untriaged,not-run,not-run
non-regressions,nonRegressions/set10/mix25,c|fortran,free,"mixed regression cases, references, harness, and data",untriaged,untriaged,untriaged,untriaged,untriaged,untriaged,not-run,not-run
non-regressions,nonRegressions/set10/mix26,c|fortran,fixed,"mixed regression cases, references, harness, and data",untriaged,untriaged,untriaged,untriaged,untriaged,untriaged,not-run,not-run
non-regressions,nonRegressions/set10/mix27,c|fortran,fixed,"mixed regression cases, references, harness, and data",untriaged,untriaged,untriaged,untriaged,untriaged,untriaged,not-run,not-run
non-regressions,nonRegressions/set10/mix28,c|fortran,fixed,"mixed regression cases, references, harness, and data",untriaged,untriaged,untriaged,untriaged,untriaged,untriaged,not-run,not-run
non-regressions,nonRegressions/set10/mix29,c|fortran,fixed,"mixed regression cases, references, harness, and data",untriaged,untriaged,untriaged,untriaged,untriaged,untriaged,not-run,not-run
non-regressions,nonRegressions/set10/mix30,c|fortran,fixed,"mixed regression cases, references, harness, and data",untriaged,untriaged,untriaged,untriaged,untriaged,untriaged,not-run,not-run
non-regressions,nonRegressions/set10/mix31,c|fortran,fixed,"mixed regression cases, references, harness, and data",untriaged,untriaged,untriaged,untriaged,untriaged,untriaged,not-run,not-run
non-regressions,nonRegressions/set10/mix32,c|fortran,fixed,"mixed regression cases, references, harness, and data",untriaged,untriaged,untriaged,untriaged,untriaged,untriaged,not-run,not-run
non-regressions,nonRegressions/set10/mix33,c|fortran,free,"mixed regression cases, references, harness, and data",untriaged,untriaged,untriaged,untriaged,untriaged,untriaged,not-run,not-run
non-regressions,nonRegressions/set10/mix34,c|fortran,free,"mixed regression cases, references, harness, and data",untriaged,untriaged,untriaged,untriaged,untriaged,untriaged,not-run,not-run
non-regressions,nonRegressions/set10/mix35,c|fortran,free,"mixed regression cases, references, harness, and data",untriaged,untriaged,untriaged,untriaged,untriaged,untriaged,not-run,not-run
non-regressions,nonRegressions/set10/mix36,c|fortran,fixed,"mixed regression cases, references, harness, and data",untriaged,untriaged,untriaged,untriaged,untriaged,untriaged,not-run,not-run
non-regressions,nonRegressions/set10/mix37,c|fortran,fixed,"mixed regression cases, references, harness, and data",untriaged,untriaged,untriaged,untriaged,untriaged,untriaged,not-run,not-run
non-regressions,nonRegressions/set10/mix38,c|fortran,fixed,"mixed regression cases, references, harness, and data",untriaged,untriaged,untriaged,untriaged,untriaged,untriaged,not-run,not-run
non-regressions,nonRegressions/set10/mix40,c|fortran,mixed,"mixed regression cases, references, harness, and data",untriaged,untriaged,untriaged,untriaged,untriaged,untriaged,not-run,not-run
non-regressions,nonRegressions/set10/mix41,c|fortran,fixed,"mixed regression cases, references, harness, and data",untriaged,untriaged,untriaged,untriaged,untriaged,untriaged,not-run,not-run
non-regressions,nonRegressions/set10/mix42,c|fortran,fixed,"mixed regression cases, references, harness, and data",untriaged,untriaged,untriaged,untriaged,untriaged,untriaged,not-run,not-run
non-regressions,nonRegressions/set10/mix43,c|fortran,free,"mixed regression cases, references, harness, and data",untriaged,untriaged,untriaged,untriaged,untriaged,untriaged,not-run,not-run
non-regressions,nonRegressions/set10/mix44,c|fortran,free,"mixed regression cases, references, harness, and data",untriaged,untriaged,untriaged,untriaged,untriaged,untriaged,not-run,not-run
non-regressions,nonRegressions/set10/mix45,c|fortran,fixed,"mixed regression cases, references, harness, and data",untriaged,untriaged,untriaged,untriaged,untriaged,untriaged,not-run,not-run
non-regressions,nonRegressions/set10/mix46,c|fortran,fixed,"mixed regression cases, references, harness, and data",untriaged,untriaged,untriaged,untriaged,untriaged,untriaged,not-run,not-run
non-regressions,nonRegressions/set10/mix48,c|fortran,free,"mixed regression cases, references, harness, and data",untriaged,untriaged,untriaged,untriaged,untriaged,untriaged,not-run,not-run
non-regressions,nonRegressions/set10/mix49,c|fortran,fixed,"mixed regression cases, references, harness, and data",untriaged,untriaged,untriaged,untriaged,untriaged,untriaged,not-run,not-run
non-regressions,nonRegressions/set10/mix50,c|fortran,fixed,"mixed regression cases, references, harness, and data",untriaged,untriaged,untriaged,untriaged,untriaged,untriaged,not-run,not-run
non-regressions,nonRegressions/set10/mix51,c|fortran,fixed,"mixed regression cases, references, harness, and data",untriaged,untriaged,untriaged,untriaged,untriaged,untriaged,not-run,not-run
non-regressions,nonRegressions/set10/mix53,c|fortran,free,"mixed regression cases, references, harness, and data",untriaged,untriaged,untriaged,untriaged,untriaged,untriaged,not-run,not-run
non-regressions,nonRegressions/set10/mix54,c|fortran,free,"mixed regression cases, references, harness, and data",untriaged,untriaged,untriaged,untriaged,untriaged,untriaged,not-run,not-run
non-regressions,nonRegressions/set10/mix55,c|fortran,free,"mixed regression cases, references, harness, and data",untriaged,untriaged,untriaged,untriaged,untriaged,untriaged,not-run,not-run
non-regressions,nonRegressions/set10/mix57,c|fortran,free,"mixed regression cases, references, harness, and data",untriaged,untriaged,untriaged,untriaged,untriaged,untriaged,not-run,not-run
non-regressions,nonRegressions/set10/mix58,c|fortran,free,"mixed regression cases, references, harness, and data",untriaged,untriaged,untriaged,untriaged,untriaged,untriaged,not-run,not-run
non-regressions,nonRegressions/set10/mix59,c|fortran,free,"mixed regression cases, references, harness, and data",untriaged,untriaged,untriaged,untriaged,untriaged,untriaged,not-run,not-run
non-regressions,nonRegressions/set10/mix60,c|fortran,free,"mixed regression cases, references, harness, and data",untriaged,untriaged,untriaged,untriaged,untriaged,untriaged,not-run,not-run
non-regressions,nonRegressions/set10/mix61,c|fortran,free,"mixed regression cases, references, harness, and data",untriaged,untriaged,untriaged,untriaged,untriaged,untriaged,not-run,not-run
non-regressions,nonRegressions/set10/mix62,c|fortran,free,"mixed regression cases, references, harness, and data",untriaged,untriaged,untriaged,untriaged,untriaged,untriaged,not-run,not-run
non-regressions,nonRegressions/set10/mix63,c|fortran,free,"mixed regression cases, references, harness, and data",untriaged,untriaged,untriaged,untriaged,untriaged,untriaged,not-run,not-run
non-regressions,nonRegressions/set10/mix64,c|fortran,free,"mixed regression cases, references, harness, and data",untriaged,untriaged,untriaged,untriaged,untriaged,untriaged,not-run,not-run
non-regressions,nonRegressions/set10/mix65,c|fortran,free,"mixed regression cases, references, harness, and data",untriaged,untriaged,untriaged,untriaged,untriaged,untriaged,not-run,not-run
non-regressions,nonRegressions/set10/mix66,c|fortran,free,"mixed regression cases, references, harness, and data",untriaged,untriaged,untriaged,untriaged,untriaged,untriaged,not-run,not-run
non-regressions,nonRegressions/set10/mix68,c|fortran,free,"mixed regression cases, references, harness, and data",untriaged,untriaged,untriaged,untriaged,untriaged,untriaged,not-run,not-run
non-regressions,nonRegressions/set10/mix69,c++|fortran,free,"mixed regression cases, references, harness, and data",untriaged,untriaged,untriaged,untriaged,untriaged,untriaged,not-run,not-run
non-regressions,nonRegressions/set10/mix70,c++|fortran,fixed,"mixed regression cases, references, harness, and data",untriaged,untriaged,untriaged,untriaged,untriaged,untriaged,not-run,not-run
non-regressions,nonRegressions/set10/mix72,c|fortran,free,"mixed regression cases, references, harness, and data",untriaged,untriaged,untriaged,untriaged,untriaged,untriaged,not-run,not-run
non-regressions,nonRegressions/set10/mix73,c|fortran,free,"mixed regression cases, references, harness, and data",untriaged,untriaged,untriaged,untriaged,untriaged,untriaged,not-run,not-run
non-regressions,nonRegressions/set10/mixf01,c|fortran,fixed,"mixed regression cases, references, harness, and data",untriaged,untriaged,untriaged,untriaged,untriaged,untriaged,not-run,not-run
non-regressions,nonRegressions/set10/v001,c,n/a,"mixed regression cases, references, harness, and data",fortad-unsupported-source-language,not-inspected,not-inspected,not-inspected,not-applicable-no-fortad-run,not-inspected,not-run,not-run-unsupported-source-language
non-regressions,nonRegressions/set10/v07,c,n/a,"mixed regression cases, references, harness, and data",fortad-unsupported-source-language,not-inspected,not-inspected,not-inspected,not-applicable-no-fortad-run,not-inspected,not-run,not-run-unsupported-source-language
non-regressions,nonRegressions/set10/v090,c,n/a,"mixed regression cases, references, harness, and data",fortad-unsupported-source-language,not-inspected,not-inspected,not-inspected,not-applicable-no-fortad-run,not-inspected,not-run,not-run-unsupported-source-language
non-regressions,nonRegressions/set10/v099,c,n/a,"mixed regression cases, references, harness, and data",fortad-unsupported-source-language,not-inspected,not-inspected,not-inspected,not-applicable-no-fortad-run,not-inspected,not-run,not-run-unsupported-source-language
non-regressions,nonRegressions/set10/v112,c,n/a,"mixed regression cases, references, harness, and data",fortad-unsupported-source-language,not-inspected,not-inspected,not-inspected,not-applicable-no-fortad-run,not-inspected,not-run,not-run-unsupported-source-language
non-regressions,nonRegressions/set10/v118,c,n/a,"mixed regression cases, references, harness, and data",fortad-unsupported-source-language,not-inspected,not-inspected,not-inspected,not-applicable-no-fortad-run,not-inspected,not-run,not-run-unsupported-source-language
non-regressions,nonRegressions/set10/v119,c,n/a,"mixed regression cases, references, harness, and data",fortad-unsupported-source-language,not-inspected,not-inspected,not-inspected,not-applicable-no-fortad-run,not-inspected,not-run,not-run-unsupported-source-language
non-regressions,nonRegressions/set10/v122,c,n/a,"mixed regression cases, references, harness, and data",fortad-unsupported-source-language,not-inspected,not-inspected,not-inspected,not-applicable-no-fortad-run,not-inspected,not-run,not-run-unsupported-source-language
non-regressions,nonRegressions/set10/v123,c,n/a,"mixed regression cases, references, harness, and data",fortad-unsupported-source-language,not-inspected,not-inspected,not-inspected,not-applicable-no-fortad-run,not-inspected,not-run,not-run-unsupported-source-language
non-regressions,nonRegressions/set10/v172,c,n/a,"mixed regression cases, references, harness, and data",fortad-unsupported-source-language,not-inspected,not-inspected,not-inspected,not-applicable-no-fortad-run,not-inspected,not-run,not-run-unsupported-source-language
non-regressions,nonRegressions/set10/v209,c,n/a,"mixed regression cases, references, harness, and data",fortad-unsupported-source-language,not-inspected,not-inspected,not-inspected,not-applicable-no-fortad-run,not-inspected,not-run,not-run-unsupported-source-language
non-regressions,nonRegressions/set10/v254,c,n/a,"mixed regression cases, references, harness, and data",fortad-unsupported-source-language,not-inspected,not-inspected,not-inspected,not-applicable-no-fortad-run,not-inspected,not-run,not-run-unsupported-source-language
non-regressions,nonRegressions/set10/v259,c,n/a,"mixed regression cases, references, harness, and data",fortad-unsupported-source-language,not-inspected,not-inspected,not-inspected,not-applicable-no-fortad-run,not-inspected,not-run,not-run-unsupported-source-language
non-regressions,nonRegressions/set10/v266,c,n/a,"mixed regression cases, references, harness, and data",fortad-unsupported-source-language,not-inspected,not-inspected,not-inspected,not-applicable-no-fortad-run,not-inspected,not-run,not-run-unsupported-source-language
non-regressions,nonRegressions/set10/v267,c,n/a,"mixed regression cases, references, harness, and data",fortad-unsupported-source-language,not-inspected,not-inspected,not-inspected,not-applicable-no-fortad-run,not-inspected,not-run,not-run-unsupported-source-language
non-regressions,nonRegressions/set10/v271,c,n/a,"mixed regression cases, references, harness, and data",fortad-unsupported-source-language,not-inspected,not-inspected,not-inspected,not-applicable-no-fortad-run,not-inspected,not-run,not-run-unsupported-source-language
non-regressions,nonRegressions/set10/v274,c,n/a,"mixed regression cases, references, harness, and data",fortad-unsupported-source-language,not-inspected,not-inspected,not-inspected,not-applicable-no-fortad-run,not-inspected,not-run,not-run-unsupported-source-language
non-regressions,nonRegressions/set10/v277,c,n/a,"mixed regression cases, references, harness, and data",fortad-unsupported-source-language,not-inspected,not-inspected,not-inspected,not-applicable-no-fortad-run,not-inspected,not-run,not-run-unsupported-source-language
non-regressions,nonRegressions/set10/v278,c,n/a,"mixed regression cases, references, harness, and data",fortad-unsupported-source-language,not-inspected,not-inspected,not-inspected,not-applicable-no-fortad-run,not-inspected,not-run,not-run-unsupported-source-language
non-regressions,nonRegressions/set10/v279,c,n/a,"mixed regression cases, references, harness, and data",fortad-unsupported-source-language,not-inspected,not-inspected,not-inspected,not-applicable-no-fortad-run,not-inspected,not-run,not-run-unsupported-source-language
non-regressions,nonRegressions/set10/v283,c,n/a,"mixed regression cases, references, harness, and data",fortad-unsupported-source-language,not-inspected,not-inspected,not-inspected,not-applicable-no-fortad-run,not-inspected,not-run,not-run-unsupported-source-language
non-regressions,nonRegressions/set10/v285,c,n/a,"mixed regression cases, references, harness, and data",fortad-unsupported-source-language,not-inspected,not-inspected,not-inspected,not-applicable-no-fortad-run,not-inspected,not-run,not-run-unsupported-source-language
non-regressions,nonRegressions/set10/v286,c,n/a,"mixed regression cases, references, harness, and data",fortad-unsupported-source-language,not-inspected,not-inspected,not-inspected,not-applicable-no-fortad-run,not-inspected,not-run,not-run-unsupported-source-language
non-regressions,nonRegressions/set10/v287,c,n/a,"mixed regression cases, references, harness, and data",fortad-unsupported-source-language,not-inspected,not-inspected,not-inspected,not-applicable-no-fortad-run,not-inspected,not-run,not-run-unsupported-source-language
non-regressions,nonRegressions/set10/v288,fortran,fixed,"mixed regression cases, references, harness, and data",untriaged,untriaged,untriaged,untriaged,untriaged,untriaged,not-run,not-run
non-regressions,nonRegressions/set10/v289,c,n/a,"mixed regression cases, references, harness, and data",fortad-unsupported-source-language,not-inspected,not-inspected,not-inspected,not-applicable-no-fortad-run,not-inspected,not-run,not-run-unsupported-source-language
non-regressions,nonRegressions/set10/v290,c,n/a,"mixed regression cases, references, harness, and data",fortad-unsupported-source-language,not-inspected,not-inspected,not-inspected,not-applicable-no-fortad-run,not-inspected,not-run,not-run-unsupported-source-language
non-regressions,nonRegressions/set10/v291,c,n/a,"mixed regression cases, references, harness, and data",fortad-unsupported-source-language,not-inspected,not-inspected,not-inspected,not-applicable-no-fortad-run,not-inspected,not-run,not-run-unsupported-source-language
non-regressions,nonRegressions/set10/v292,c,n/a,"mixed regression cases, references, harness, and data",fortad-unsupported-source-language,not-inspected,not-inspected,not-inspected,not-applicable-no-fortad-run,not-inspected,not-run,not-run-unsupported-source-language
non-regressions,nonRegressions/set10/v293,c++,n/a,"mixed regression cases, references, harness, and data",fortad-unsupported-source-language,not-inspected,not-inspected,not-inspected,not-applicable-no-fortad-run,not-inspected,not-run,not-run-unsupported-source-language
non-regressions,nonRegressions/set10/v294,fortran,free,"mixed regression cases, references, harness, and data",untriaged,untriaged,untriaged,untriaged,untriaged,untriaged,not-run,not-run
non-regressions,nonRegressions/set10/v295,fortran,free,"mixed regression cases, references, harness, and data",untriaged,untriaged,untriaged,untriaged,untriaged,untriaged,not-run,not-run
non-regressions,nonRegressions/set10/v296,c,n/a,"mixed regression cases, references, harness, and data",fortad-unsupported-source-language,not-inspected,not-inspected,not-inspected,not-applicable-no-fortad-run,not-inspected,not-run,not-run-unsupported-source-language
non-regressions,nonRegressions/set10/v297,fortran,free,"mixed regression cases, references, harness, and data",untriaged,untriaged,untriaged,untriaged,untriaged,untriaged,not-run,not-run
non-regressions,nonRegressions/set10/v298,c,n/a,"mixed regression cases, references, harness, and data",fortad-unsupported-source-language,not-inspected,not-inspected,not-inspected,not-applicable-no-fortad-run,not-inspected,not-run,not-run-unsupported-source-language
non-regressions,nonRegressions/set10/v299,fortran,free,"mixed regression cases, references, harness, and data",untriaged,untriaged,untriaged,untriaged,untriaged,untriaged,not-run,not-run
non-regressions,nonRegressions/set11/aac01,c,n/a,"mixed regression cases, references, harness, and data",fortad-unsupported-source-language,not-inspected,not-inspected,not-inspected,not-applicable-no-fortad-run,not-inspected,not-run,not-run-unsupported-source-language
non-regressions,nonRegressions/set11/aac02,c,n/a,"mixed regression cases, references, harness, and data",fortad-unsupported-source-language,not-inspected,not-inspected,not-inspected,not-applicable-no-fortad-run,not-inspected,not-run,not-run-unsupported-source-language
non-regressions,nonRegressions/set11/aac03,c,n/a,"mixed regression cases, references, harness, and data",fortad-unsupported-source-language,not-inspected,not-inspected,not-inspected,not-applicable-no-fortad-run,not-inspected,not-run,not-run-unsupported-source-language
non-regressions,nonRegressions/set11/aac04,c,n/a,"mixed regression cases, references, harness, and data",fortad-unsupported-source-language,not-inspected,not-inspected,not-inspected,not-applicable-no-fortad-run,not-inspected,not-run,not-run-unsupported-source-language
non-regressions,nonRegressions/set11/aaf01,fortran,mixed,"mixed regression cases, references, harness, and data",untriaged,untriaged,untriaged,untriaged,untriaged,untriaged,not-run,not-run
non-regressions,nonRegressions/set11/aaf02,fortran,free,"mixed regression cases, references, harness, and data",untriaged,untriaged,untriaged,untriaged,untriaged,untriaged,not-run,not-run
non-regressions,nonRegressions/set11/aaf03,fortran,free,"mixed regression cases, references, harness, and data",untriaged,untriaged,untriaged,untriaged,untriaged,untriaged,not-run,not-run
non-regressions,nonRegressions/set11/aaf04,fortran,free,"mixed regression cases, references, harness, and data",untriaged,untriaged,untriaged,untriaged,untriaged,untriaged,not-run,not-run
non-regressions,nonRegressions/set11/aaf05,fortran,free,"mixed regression cases, references, harness, and data",untriaged,untriaged,untriaged,untriaged,untriaged,untriaged,not-run,not-run
non-regressions,nonRegressions/set11/aaf06,fortran,free,"mixed regression cases, references, harness, and data",untriaged,untriaged,untriaged,untriaged,untriaged,untriaged,not-run,not-run
non-regressions,nonRegressions/set11/aaf07,fortran,free,"mixed regression cases, references, harness, and data",untriaged,untriaged,untriaged,untriaged,untriaged,untriaged,not-run,not-run
non-regressions,nonRegressions/set11/aaf08,fortran,free,"mixed regression cases, references, harness, and data",untriaged,untriaged,untriaged,untriaged,untriaged,untriaged,not-run,not-run
non-regressions,nonRegressions/set11/aaf09,fortran,free,"mixed regression cases, references, harness, and data",untriaged,untriaged,untriaged,untriaged,untriaged,untriaged,not-run,not-run
non-regressions,nonRegressions/set11/aaf10,fortran,free,"mixed regression cases, references, harness, and data",untriaged,untriaged,untriaged,untriaged,untriaged,untriaged,not-run,not-run
non-regressions,nonRegressions/set11/cuda01,cuda,n/a,"mixed regression cases, references, harness, and data",fortad-unsupported-source-language,not-inspected,not-inspected,not-inspected,not-applicable-no-fortad-run,not-inspected,not-run,not-run-unsupported-source-language
non-regressions,nonRegressions/set11/cuda02,cuda,n/a,"mixed regression cases, references, harness, and data",fortad-unsupported-source-language,not-inspected,not-inspected,not-inspected,not-applicable-no-fortad-run,not-inspected,not-run,not-run-unsupported-source-language
non-regressions,nonRegressions/set11/cuda03,cuda,n/a,"mixed regression cases, references, harness, and data",fortad-unsupported-source-language,not-inspected,not-inspected,not-inspected,not-applicable-no-fortad-run,not-inspected,not-run,not-run-unsupported-source-language
non-regressions,nonRegressions/set11/fc01,c++,n/a,"mixed regression cases, references, harness, and data",fortad-unsupported-source-language,not-inspected,not-inspected,not-inspected,not-applicable-no-fortad-run,not-inspected,not-run,not-run-unsupported-source-language
non-regressions,nonRegressions/set11/html01,fortran,free,"mixed regression cases, references, harness, and data",untriaged,untriaged,untriaged,untriaged,untriaged,untriaged,not-run,not-run
non-regressions,nonRegressions/set11/jh03,fortran,fixed,"mixed regression cases, references, harness, and data",untriaged,untriaged,untriaged,untriaged,untriaged,untriaged,not-run,not-run
non-regressions,nonRegressions/set11/jh04,fortran,free,"mixed regression cases, references, harness, and data",untriaged,untriaged,untriaged,untriaged,untriaged,untriaged,not-run,not-run
non-regressions,nonRegressions/set11/jh05,fortran,fixed,"mixed regression cases, references, harness, and data",untriaged,untriaged,untriaged,untriaged,untriaged,untriaged,not-run,not-run
non-regressions,nonRegressions/set11/jh06,fortran,fixed,"mixed regression cases, references, harness, and data",untriaged,untriaged,untriaged,untriaged,untriaged,untriaged,not-run,not-run
non-regressions,nonRegressions/set11/jh07,fortran,fixed,"mixed regression cases, references, harness, and data",untriaged,untriaged,untriaged,untriaged,untriaged,untriaged,not-run,not-run
non-regressions,nonRegressions/set11/jh08,fortran,fixed,"mixed regression cases, references, harness, and data",untriaged,untriaged,untriaged,untriaged,untriaged,untriaged,not-run,not-run
non-regressions,nonRegressions/set11/jh09,fortran,fixed,"mixed regression cases, references, harness, and data",untriaged,untriaged,untriaged,untriaged,untriaged,untriaged,not-run,not-run
non-regressions,nonRegressions/set11/jh10,fortran,fixed,"mixed regression cases, references, harness, and data",untriaged,untriaged,untriaged,untriaged,untriaged,untriaged,not-run,not-run
non-regressions,nonRegressions/set11/jh13,fortran,free,"mixed regression cases, references, harness, and data",untriaged,untriaged,untriaged,untriaged,untriaged,untriaged,not-run,not-run
non-regressions,nonRegressions/set11/jh14,fortran,free,"mixed regression cases, references, harness, and data",untriaged,untriaged,untriaged,untriaged,untriaged,untriaged,not-run,not-run
non-regressions,nonRegressions/set11/jh15,fortran,free,"mixed regression cases, references, harness, and data",untriaged,untriaged,untriaged,untriaged,untriaged,untriaged,not-run,not-run
non-regressions,nonRegressions/set11/jh16,fortran,free,"mixed regression cases, references, harness, and data",untriaged,untriaged,untriaged,untriaged,untriaged,untriaged,not-run,not-run
non-regressions,nonRegressions/set11/jh17,fortran,free,"mixed regression cases, references, harness, and data",untriaged,untriaged,untriaged,untriaged,untriaged,untriaged,not-run,not-run
non-regressions,nonRegressions/set11/lb01,c++,n/a,"mixed regression cases, references, harness, and data",fortad-unsupported-source-language,not-inspected,not-inspected,not-inspected,not-applicable-no-fortad-run,not-inspected,not-run,not-run-unsupported-source-language
non-regressions,nonRegressions/set11/lb02,c++,n/a,"mixed regression cases, references, harness, and data",fortad-unsupported-source-language,not-inspected,not-inspected,not-inspected,not-applicable-no-fortad-run,not-inspected,not-run,not-run-unsupported-source-language
non-regressions,nonRegressions/set11/lb03,c++,n/a,"mixed regression cases, references, harness, and data",fortad-unsupported-source-language,not-inspected,not-inspected,not-inspected,not-applicable-no-fortad-run,not-inspected,not-run,not-run-unsupported-source-language
non-regressions,nonRegressions/set11/lb04,c++,n/a,"mixed regression cases, references, harness, and data",fortad-unsupported-source-language,not-inspected,not-inspected,not-inspected,not-applicable-no-fortad-run,not-inspected,not-run,not-run-unsupported-source-language
non-regressions,nonRegressions/set11/lb05,c++,n/a,"mixed regression cases, references, harness, and data",fortad-unsupported-source-language,not-inspected,not-inspected,not-inspected,not-applicable-no-fortad-run,not-inspected,not-run,not-run-unsupported-source-language
non-regressions,nonRegressions/set11/lh001,c++,n/a,"mixed regression cases, references, harness, and data",fortad-unsupported-source-language,not-inspected,not-inspected,not-inspected,not-applicable-no-fortad-run,not-inspected,not-run,not-run-unsupported-source-language
non-regressions,nonRegressions/set11/lh002,c++,n/a,"mixed regression cases, references, harness, and data",fortad-unsupported-source-language,not-inspected,not-inspected,not-inspected,not-applicable-no-fortad-run,not-inspected,not-run,not-run-unsupported-source-language
non-regressions,nonRegressions/set11/lh003,c++,n/a,"mixed regression cases, references, harness, and data",fortad-unsupported-source-language,not-inspected,not-inspected,not-inspected,not-applicable-no-fortad-run,not-inspected,not-run,not-run-unsupported-source-language
non-regressions,nonRegressions/set11/lh004,c,n/a,"mixed regression cases, references, harness, and data",fortad-unsupported-source-language,not-inspected,not-inspected,not-inspected,not-applicable-no-fortad-run,not-inspected,not-run,not-run-unsupported-source-language
non-regressions,nonRegressions/set11/lh005,c,n/a,"mixed regression cases, references, harness, and data",fortad-unsupported-source-language,not-inspected,not-inspected,not-inspected,not-applicable-no-fortad-run,not-inspected,not-run,not-run-unsupported-source-language
non-regressions,nonRegressions/set11/lh006,c,n/a,"mixed regression cases, references, harness, and data",fortad-unsupported-source-language,not-inspected,not-inspected,not-inspected,not-applicable-no-fortad-run,not-inspected,not-run,not-run-unsupported-source-language
non-regressions,nonRegressions/set11/lh007,c,n/a,"mixed regression cases, references, harness, and data",fortad-unsupported-source-language,not-inspected,not-inspected,not-inspected,not-applicable-no-fortad-run,not-inspected,not-run,not-run-unsupported-source-language
non-regressions,nonRegressions/set11/lh008,c,n/a,"mixed regression cases, references, harness, and data",fortad-unsupported-source-language,not-inspected,not-inspected,not-inspected,not-applicable-no-fortad-run,not-inspected,not-run,not-run-unsupported-source-language
non-regressions,nonRegressions/set11/lh009,fortran,free,"mixed regression cases, references, harness, and data",untriaged,untriaged,untriaged,untriaged,untriaged,untriaged,not-run,not-run
non-regressions,nonRegressions/set11/lh010,fortran,free,"mixed regression cases, references, harness, and data",untriaged,untriaged,untriaged,untriaged,untriaged,untriaged,not-run,not-run
non-regressions,nonRegressions/set11/lh011,fortran,free,"mixed regression cases, references, harness, and data",untriaged,untriaged,untriaged,untriaged,untriaged,untriaged,not-run,not-run
non-regressions,nonRegressions/set11/lh012,c,n/a,"mixed regression cases, references, harness, and data",fortad-unsupported-source-language,not-inspected,not-inspected,not-inspected,not-applicable-no-fortad-run,not-inspected,not-run,not-run-unsupported-source-language
non-regressions,nonRegressions/set11/lh013,c,n/a,"mixed regression cases, references, harness, and data",fortad-unsupported-source-language,not-inspected,not-inspected,not-inspected,not-applicable-no-fortad-run,not-inspected,not-run,not-run-unsupported-source-language
non-regressions,nonRegressions/set11/lh014,fortran,free,"mixed regression cases, references, harness, and data",untriaged,untriaged,untriaged,untriaged,untriaged,untriaged,not-run,not-run
non-regressions,nonRegressions/set11/lh015,c,n/a,"mixed regression cases, references, harness, and data",fortad-unsupported-source-language,not-inspected,not-inspected,not-inspected,not-applicable-no-fortad-run,not-inspected,not-run,not-run-unsupported-source-language
non-regressions,nonRegressions/set11/lh016,c,n/a,"mixed regression cases, references, harness, and data",fortad-unsupported-source-language,not-inspected,not-inspected,not-inspected,not-applicable-no-fortad-run,not-inspected,not-run,not-run-unsupported-source-language
non-regressions,nonRegressions/set11/lh017,fortran,free,"mixed regression cases, references, harness, and data",untriaged,untriaged,untriaged,untriaged,untriaged,untriaged,not-run,not-run
non-regressions,nonRegressions/set11/lh018,fortran,free,"mixed regression cases, references, harness, and data",untriaged,untriaged,untriaged,untriaged,untriaged,untriaged,not-run,not-run
non-regressions,nonRegressions/set11/lh019,fortran,fixed,"mixed regression cases, references, harness, and data",untriaged,untriaged,untriaged,untriaged,untriaged,untriaged,not-run,not-run
non-regressions,nonRegressions/set11/lh020,fortran,fixed,"mixed regression cases, references, harness, and data",untriaged,untriaged,untriaged,untriaged,untriaged,untriaged,not-run,not-run
non-regressions,nonRegressions/set11/lh021,fortran,fixed,"mixed regression cases, references, harness, and data",untriaged,untriaged,untriaged,untriaged,untriaged,untriaged,not-run,not-run
non-regressions,nonRegressions/set11/lh022,fortran,free,"mixed regression cases, references, harness, and data",untriaged,untriaged,untriaged,untriaged,untriaged,untriaged,not-run,not-run
non-regressions,nonRegressions/set11/lh023,c,n/a,"mixed regression cases, references, harness, and data",fortad-unsupported-source-language,not-inspected,not-inspected,not-inspected,not-applicable-no-fortad-run,not-inspected,not-run,not-run-unsupported-source-language
non-regressions,nonRegressions/set11/lh024,fortran,free,"mixed regression cases, references, harness, and data",untriaged,untriaged,untriaged,untriaged,untriaged,untriaged,not-run,not-run
non-regressions,nonRegressions/set11/lh025,c,n/a,"mixed regression cases, references, harness, and data",fortad-unsupported-source-language,not-inspected,not-inspected,not-inspected,not-applicable-no-fortad-run,not-inspected,not-run,not-run-unsupported-source-language
non-regressions,nonRegressions/set11/lh026,fortran,free,"mixed regression cases, references, harness, and data",untriaged,untriaged,untriaged,untriaged,untriaged,untriaged,not-run,not-run
non-regressions,nonRegressions/set11/lh027,fortran,free,"mixed regression cases, references, harness, and data",untriaged,untriaged,untriaged,untriaged,untriaged,untriaged,not-run,not-run
non-regressions,nonRegressions/set11/lh028,fortran,free,"mixed regression cases, references, harness, and data",untriaged,untriaged,untriaged,untriaged,untriaged,untriaged,not-run,not-run
non-regressions,nonRegressions/set11/lh029,fortran,free,"mixed regression cases, references, harness, and data",untriaged,untriaged,untriaged,untriaged,untriaged,untriaged,not-run,not-run
non-regressions,nonRegressions/set11/lh030,c,n/a,"mixed regression cases, references, harness, and data",fortad-unsupported-source-language,not-inspected,not-inspected,not-inspected,not-applicable-no-fortad-run,not-inspected,not-run,not-run-unsupported-source-language
non-regressions,nonRegressions/set11/lh031,c,n/a,"mixed regression cases, references, harness, and data",fortad-unsupported-source-language,not-inspected,not-inspected,not-inspected,not-applicable-no-fortad-run,not-inspected,not-run,not-run-unsupported-source-language
non-regressions,nonRegressions/set11/lh032,c,n/a,"mixed regression cases, references, harness, and data",fortad-unsupported-source-language,not-inspected,not-inspected,not-inspected,not-applicable-no-fortad-run,not-inspected,not-run,not-run-unsupported-source-language
non-regressions,nonRegressions/set11/lh033,fortran,free,"mixed regression cases, references, harness, and data",untriaged,untriaged,untriaged,untriaged,untriaged,untriaged,not-run,not-run
non-regressions,nonRegressions/set11/lh034,fortran,free,"mixed regression cases, references, harness, and data",untriaged,untriaged,untriaged,untriaged,untriaged,untriaged,not-run,not-run
non-regressions,nonRegressions/set11/lh035,c,n/a,"mixed regression cases, references, harness, and data",fortad-unsupported-source-language,not-inspected,not-inspected,not-inspected,not-applicable-no-fortad-run,not-inspected,not-run,not-run-unsupported-source-language
non-regressions,nonRegressions/set11/lh036,fortran,free,"mixed regression cases, references, harness, and data",untriaged,untriaged,untriaged,untriaged,untriaged,untriaged,not-run,not-run
non-regressions,nonRegressions/set11/lh037,fortran,free,"mixed regression cases, references, harness, and data",untriaged,untriaged,untriaged,untriaged,untriaged,untriaged,not-run,not-run
non-regressions,nonRegressions/set11/lh038,fortran,free,"mixed regression cases, references, harness, and data",untriaged,untriaged,untriaged,untriaged,untriaged,untriaged,not-run,not-run
non-regressions,nonRegressions/set11/lh039,fortran,fixed,"mixed regression cases, references, harness, and data",untriaged,untriaged,untriaged,untriaged,untriaged,untriaged,not-run,not-run
non-regressions,nonRegressions/set11/lh040,fortran,free,"mixed regression cases, references, harness, and data",untriaged,untriaged,untriaged,untriaged,untriaged,untriaged,not-run,not-run
non-regressions,nonRegressions/set11/lh041,fortran,free,"mixed regression cases, references, harness, and data",untriaged,untriaged,untriaged,untriaged,untriaged,untriaged,not-run,not-run
non-regressions,nonRegressions/set11/lh042,fortran,free,"mixed regression cases, references, harness, and data",untriaged,untriaged,untriaged,untriaged,untriaged,untriaged,not-run,not-run
non-regressions,nonRegressions/set11/lh043,fortran,fixed,"mixed regression cases, references, harness, and data",untriaged,untriaged,untriaged,untriaged,untriaged,untriaged,not-run,not-run
non-regressions,nonRegressions/set11/lh044,fortran,free,"mixed regression cases, references, harness, and data",untriaged,untriaged,untriaged,untriaged,untriaged,untriaged,not-run,not-run
non-regressions,nonRegressions/set11/lh045,fortran,free,"mixed regression cases, references, harness, and data",untriaged,untriaged,untriaged,untriaged,untriaged,untriaged,not-run,not-run
non-regressions,nonRegressions/set11/lh046,c,n/a,"mixed regression cases, references, harness, and data",fortad-unsupported-source-language,not-inspected,not-inspected,not-inspected,not-applicable-no-fortad-run,not-inspected,not-run,not-run-unsupported-source-language
non-regressions,nonRegressions/set11/lh047,fortran,free,"mixed regression cases, references, harness, and data",untriaged,untriaged,untriaged,untriaged,untriaged,untriaged,not-run,not-run
non-regressions,nonRegressions/set11/lh048,c,n/a,"mixed regression cases, references, harness, and data",fortad-unsupported-source-language,not-inspected,not-inspected,not-inspected,not-applicable-no-fortad-run,not-inspected,not-run,not-run-unsupported-source-language
non-regressions,nonRegressions/set11/lh049,fortran,free,"mixed regression cases, references, harness, and data",untriaged,untriaged,untriaged,untriaged,untriaged,untriaged,not-run,not-run
non-regressions,nonRegressions/set11/lh050,fortran,free,"mixed regression cases, references, harness, and data",untriaged,untriaged,untriaged,untriaged,untriaged,untriaged,not-run,not-run
non-regressions,nonRegressions/set11/lh051,c,n/a,"mixed regression cases, references, harness, and data",fortad-unsupported-source-language,not-inspected,not-inspected,not-inspected,not-applicable-no-fortad-run,not-inspected,not-run,not-run-unsupported-source-language
non-regressions,nonRegressions/set11/lh052,c,n/a,"mixed regression cases, references, harness, and data",fortad-unsupported-source-language,not-inspected,not-inspected,not-inspected,not-applicable-no-fortad-run,not-inspected,not-run,not-run-unsupported-source-language
non-regressions,nonRegressions/set11/lh053,c,n/a,"mixed regression cases, references, harness, and data",fortad-unsupported-source-language,not-inspected,not-inspected,not-inspected,not-applicable-no-fortad-run,not-inspected,not-run,not-run-unsupported-source-language
non-regressions,nonRegressions/set11/lh054,fortran,fixed,"mixed regression cases, references, harness, and data",untriaged,untriaged,untriaged,untriaged,untriaged,untriaged,not-run,not-run
non-regressions,nonRegressions/set11/lh055,c,n/a,"mixed regression cases, references, harness, and data",fortad-unsupported-source-language,not-inspected,not-inspected,not-inspected,not-applicable-no-fortad-run,not-inspected,not-run,not-run-unsupported-source-language
non-regressions,nonRegressions/set11/lh056,c,n/a,"mixed regression cases, references, harness, and data",fortad-unsupported-source-language,not-inspected,not-inspected,not-inspected,not-applicable-no-fortad-run,not-inspected,not-run,not-run-unsupported-source-language
non-regressions,nonRegressions/set11/lh057,c,n/a,"mixed regression cases, references, harness, and data",fortad-unsupported-source-language,not-inspected,not-inspected,not-inspected,not-applicable-no-fortad-run,not-inspected,not-run,not-run-unsupported-source-language
non-regressions,nonRegressions/set11/lh058,c,n/a,"mixed regression cases, references, harness, and data",fortad-unsupported-source-language,not-inspected,not-inspected,not-inspected,not-applicable-no-fortad-run,not-inspected,not-run,not-run-unsupported-source-language
non-regressions,nonRegressions/set11/lh059,fortran,fixed,"mixed regression cases, references, harness, and data",untriaged,untriaged,untriaged,untriaged,untriaged,untriaged,not-run,not-run
non-regressions,nonRegressions/set11/lh060,fortran,fixed,"mixed regression cases, references, harness, and data",untriaged,untriaged,untriaged,untriaged,untriaged,untriaged,not-run,not-run
non-regressions,nonRegressions/set11/lh061,fortran,free,"mixed regression cases, references, harness, and data",untriaged,untriaged,untriaged,untriaged,untriaged,untriaged,not-run,not-run
non-regressions,nonRegressions/set11/lh062,fortran,mixed,"mixed regression cases, references, harness, and data",untriaged,untriaged,untriaged,untriaged,untriaged,untriaged,not-run,not-run
non-regressions,nonRegressions/set11/lh063,fortran,free,"mixed regression cases, references, harness, and data",untriaged,untriaged,untriaged,untriaged,untriaged,untriaged,not-run,not-run
non-regressions,nonRegressions/set11/lh064,fortran,free,"mixed regression cases, references, harness, and data",untriaged,untriaged,untriaged,untriaged,untriaged,untriaged,not-run,not-run
non-regressions,nonRegressions/set11/lh065,fortran,free,"mixed regression cases, references, harness, and data",untriaged,untriaged,untriaged,untriaged,untriaged,untriaged,not-run,not-run
non-regressions,nonRegressions/set11/mvo01,fortran,free,"mixed regression cases, references, harness, and data",untriaged,untriaged,untriaged,untriaged,untriaged,untriaged,not-run,not-run
non-regressions,nonRegressions/set11/mvo02,fortran,free,"mixed regression cases, references, harness, and data",untriaged,untriaged,untriaged,untriaged,untriaged,untriaged,not-run,not-run
non-regressions,nonRegressions/set11/mvo03,fortran,free,"mixed regression cases, references, harness, and data",untriaged,untriaged,untriaged,untriaged,untriaged,untriaged,not-run,not-run
non-regressions,nonRegressions/set11/mvo04,fortran,free,"mixed regression cases, references, harness, and data",untriaged,untriaged,untriaged,untriaged,untriaged,untriaged,not-run,not-run
non-regressions,nonRegressions/set11/mvo05,fortran,free,"mixed regression cases, references, harness, and data",untriaged,untriaged,untriaged,untriaged,untriaged,untriaged,not-run,not-run
non-regressions,nonRegressions/set11/mvo06,fortran,free,"mixed regression cases, references, harness, and data",untriaged,untriaged,untriaged,untriaged,untriaged,untriaged,not-run,not-run
non-regressions,nonRegressions/set11/mvo07,fortran,free,"mixed regression cases, references, harness, and data",untriaged,untriaged,untriaged,untriaged,untriaged,untriaged,not-run,not-run
non-regressions,nonRegressions/set11/mvo08,fortran,free,"mixed regression cases, references, harness, and data",untriaged,untriaged,untriaged,untriaged,untriaged,untriaged,not-run,not-run
non-regressions,nonRegressions/set11/mvo09,fortran,free,"mixed regression cases, references, harness, and data",untriaged,untriaged,untriaged,untriaged,untriaged,untriaged,not-run,not-run
non-regressions,nonRegressions/set11/mvo10,fortran,free,"mixed regression cases, references, harness, and data",untriaged,untriaged,untriaged,untriaged,untriaged,untriaged,not-run,not-run
non-regressions,nonRegressions/set11/ompl01,fortran,free,"mixed regression cases, references, harness, and data",untriaged,untriaged,untriaged,untriaged,untriaged,untriaged,not-run,not-run
non-regressions,nonRegressions/set11/ompl02,fortran,free,"mixed regression cases, references, harness, and data",untriaged,untriaged,untriaged,untriaged,untriaged,untriaged,not-run,not-run
non-regressions,nonRegressions/set11/ompl03,fortran,free,"mixed regression cases, references, harness, and data",untriaged,untriaged,untriaged,untriaged,untriaged,untriaged,not-run,not-run
non-regressions,nonRegressions/set11/ompl04,fortran,free,"mixed regression cases, references, harness, and data",untriaged,untriaged,untriaged,untriaged,untriaged,untriaged,not-run,not-run
non-regressions,nonRegressions/set11/ompl05,fortran,free,"mixed regression cases, references, harness, and data",untriaged,untriaged,untriaged,untriaged,untriaged,untriaged,not-run,not-run
non-regressions,nonRegressions/set11/ompl06,fortran,free,"mixed regression cases, references, harness, and data",untriaged,untriaged,untriaged,untriaged,untriaged,untriaged,not-run,not-run
non-regressions,nonRegressions/set11/ompl07,fortran,free,"mixed regression cases, references, harness, and data",untriaged,untriaged,untriaged,untriaged,untriaged,untriaged,not-run,not-run
non-regressions,nonRegressions/set11/ompl08,fortran,free,"mixed regression cases, references, harness, and data",untriaged,untriaged,untriaged,untriaged,untriaged,untriaged,not-run,not-run
non-regressions,nonRegressions/set11/ompl09,fortran,fixed,"mixed regression cases, references, harness, and data",untriaged,untriaged,untriaged,untriaged,untriaged,untriaged,not-run,not-run
non-regressions,nonRegressions/set11/ompl10,fortran,mixed,"mixed regression cases, references, harness, and data",untriaged,untriaged,untriaged,untriaged,untriaged,untriaged,not-run,not-run
non-regressions,nonRegressions/set11/ompl11,fortran,mixed,"mixed regression cases, references, harness, and data",untriaged,untriaged,untriaged,untriaged,untriaged,untriaged,not-run,not-run
non-regressions,nonRegressions/set11/ompl12,fortran,mixed,"mixed regression cases, references, harness, and data",untriaged,untriaged,untriaged,untriaged,untriaged,untriaged,not-run,not-run
non-regressions,nonRegressions/set11/ompl13,fortran,free,"mixed regression cases, references, harness, and data",untriaged,untriaged,untriaged,untriaged,untriaged,untriaged,not-run,not-run
non-regressions,nonRegressions/set11/pa02,c,n/a,"mixed regression cases, references, harness, and data",fortad-unsupported-source-language,not-inspected,not-inspected,not-inspected,not-applicable-no-fortad-run,not-inspected,not-run,not-run-unsupported-source-language
non-regressions,nonRegressions/set11/v006,fortran,free,"mixed regression cases, references, harness, and data",untriaged,untriaged,untriaged,untriaged,untriaged,untriaged,not-run,not-run
non-regressions,nonRegressions/set11/v01,fortran,fixed,"mixed regression cases, references, harness, and data",untriaged,untriaged,untriaged,untriaged,untriaged,untriaged,not-run,not-run
non-regressions,nonRegressions/set11/v02,fortran,free,"mixed regression cases, references, harness, and data",untriaged,untriaged,untriaged,untriaged,untriaged,untriaged,not-run,not-run
non-regressions,nonRegressions/set11/v03,fortran,free,"mixed regression cases, references, harness, and data",untriaged,untriaged,untriaged,untriaged,untriaged,untriaged,not-run,not-run
non-regressions,nonRegressions/set11/v04,fortran,fixed,"mixed regression cases, references, harness, and data",untriaged,untriaged,untriaged,untriaged,untriaged,untriaged,not-run,not-run
non-regressions,nonRegressions/set11/v109,fortran,mixed,"mixed regression cases, references, harness, and data",untriaged,untriaged,untriaged,untriaged,untriaged,untriaged,not-run,not-run
non-regressions,nonRegressions/set11/v212,c,n/a,"mixed regression cases, references, harness, and data",fortad-unsupported-source-language,not-inspected,not-inspected,not-inspected,not-applicable-no-fortad-run,not-inspected,not-run,not-run-unsupported-source-language
non-regressions,nonRegressions/set11/v423,fortran,free,"mixed regression cases, references, harness, and data",untriaged,untriaged,untriaged,untriaged,untriaged,untriaged,not-run,not-run
non-regressions,nonRegressions/set11/v424,fortran,free,"mixed regression cases, references, harness, and data",untriaged,untriaged,untriaged,untriaged,untriaged,untriaged,not-run,not-run
non-regressions,nonRegressions/set11/v425,fortran,free,"mixed regression cases, references, harness, and data",untriaged,untriaged,untriaged,untriaged,untriaged,untriaged,not-run,not-run
non-regressions,nonRegressions/set11/v426,fortran,free,"mixed regression cases, references, harness, and data",untriaged,untriaged,untriaged,untriaged,untriaged,untriaged,not-run,not-run
non-regressions,nonRegressions/set11/v540a,fortran,free,"mixed regression cases, references, harness, and data",untriaged,untriaged,untriaged,untriaged,untriaged,untriaged,not-run,not-run
non-regressions,nonRegressions/set11/v541a,fortran,free,"mixed regression cases, references, harness, and data",untriaged,untriaged,untriaged,untriaged,untriaged,untriaged,not-run,not-run
non-regressions,nonRegressions/set11/v548,fortran,free,"mixed regression cases, references, harness, and data",untriaged,untriaged,untriaged,untriaged,untriaged,untriaged,not-run,not-run
non-regressions,nonRegressions/set11/vmp00,fortran,fixed,"mixed regression cases, references, harness, and data",untriaged,untriaged,untriaged,untriaged,untriaged,untriaged,not-run,not-run
non-regressions,nonRegressions/set11/vmp06,fortran,free,"mixed regression cases, references, harness, and data",unsupported-fortad-pointer-ownership,add_node,-p/-root-add_node|-d/-root-add_node|-b/-root-add_node,parser|forward|reverse,independent-primal-tree-model-and-refusal-boundary-pass|no-derivative-support-claim,"none-reported; compiler-clean; exact-source-reference-sha256-in-case-result",pass-parser-forward-reverse-products,refused-parser-forward-reverse-pointer-association-storage-identity
non-regressions,nonRegressions/set11/vmp07,fortran,free,"mixed regression cases, references, harness, and data",unsupported-fortad-active-io,dump_tree,-p/-root-dump_tree|-d/-root-dump_tree|-b/-root-dump_tree,parser|forward|reverse,independent-tree-traversal-and-refusal-boundary-pass|no-derivative-support-claim,"none-reported; compiler-clean; exact-source-reference-sha256-in-case-result",pass-parser-forward-reverse-products,refused-parser-forward-reverse-active-unformatted-io
non-regressions,nonRegressions/set11/vmp08,fortran,free,"mixed regression cases, references, harness, and data",untriaged,untriaged,untriaged,untriaged,untriaged,untriaged,not-run,not-run
non-regressions,nonRegressions/set11/vmp09,fortran,free,"mixed regression cases, references, harness, and data",untriaged,untriaged,untriaged,untriaged,untriaged,untriaged,not-run,not-run
non-regressions,nonRegressions/set11/vmp10,fortran,free,"mixed regression cases, references, harness, and data",untriaged,untriaged,untriaged,untriaged,untriaged,untriaged,not-run,not-run
non-regressions,nonRegressions/set11/vmp11,fortran,free,"mixed regression cases, references, harness, and data",untriaged,untriaged,untriaged,untriaged,untriaged,untriaged,not-run,not-run
non-regressions,nonRegressions/set11/vmp17,fortran,free,"mixed regression cases, references, harness, and data",untriaged,untriaged,untriaged,untriaged,untriaged,untriaged,not-run,not-run
non-regressions,nonRegressions/set11/vmp18,c,n/a,"mixed regression cases, references, harness, and data",fortad-unsupported-source-language,not-inspected,not-inspected,not-inspected,not-applicable-no-fortad-run,not-inspected,not-run,not-run-unsupported-source-language
non-regressions,nonRegressions/set11/vpc01,c,n/a,"mixed regression cases, references, harness, and data",fortad-unsupported-source-language,not-inspected,not-inspected,not-inspected,not-applicable-no-fortad-run,not-inspected,not-run,not-run-unsupported-source-language
non-regressions,nonRegressions/set11/vpc02,c,n/a,"mixed regression cases, references, harness, and data",fortad-unsupported-source-language,not-inspected,not-inspected,not-inspected,not-applicable-no-fortad-run,not-inspected,not-run,not-run-unsupported-source-language
non-regressions,nonRegressions/set11/vpc03,c,n/a,"mixed regression cases, references, harness, and data",fortad-unsupported-source-language,not-inspected,not-inspected,not-inspected,not-applicable-no-fortad-run,not-inspected,not-run,not-run-unsupported-source-language
non-regressions,nonRegressions/set11/vpc04,c,n/a,"mixed regression cases, references, harness, and data",fortad-unsupported-source-language,not-inspected,not-inspected,not-inspected,not-applicable-no-fortad-run,not-inspected,not-run,not-run-unsupported-source-language
non-regressions,nonRegressions/set11/vpc05,c,n/a,"mixed regression cases, references, harness, and data",fortad-unsupported-source-language,not-inspected,not-inspected,not-inspected,not-applicable-no-fortad-run,not-inspected,not-run,not-run-unsupported-source-language
non-regressions,nonRegressions/set11/vpc06,c,n/a,"mixed regression cases, references, harness, and data",fortad-unsupported-source-language,not-inspected,not-inspected,not-inspected,not-applicable-no-fortad-run,not-inspected,not-run,not-run-unsupported-source-language
non-regressions,nonRegressions/set11/vpc07,c,n/a,"mixed regression cases, references, harness, and data",fortad-unsupported-source-language,not-inspected,not-inspected,not-inspected,not-applicable-no-fortad-run,not-inspected,not-run,not-run-unsupported-source-language
non-regressions,nonRegressions/set11/vpc08,c,n/a,"mixed regression cases, references, harness, and data",fortad-unsupported-source-language,not-inspected,not-inspected,not-inspected,not-applicable-no-fortad-run,not-inspected,not-run,not-run-unsupported-source-language
non-regressions,nonRegressions/set11/vpf02,fortran,free,"mixed regression cases, references, harness, and data",untriaged,untriaged,untriaged,untriaged,untriaged,untriaged,not-run,not-run
non-regressions,nonRegressions/set11/vpf03,fortran,free,"mixed regression cases, references, harness, and data",untriaged,untriaged,untriaged,untriaged,untriaged,untriaged,not-run,not-run
non-regressions,nonRegressions/set11/vpf04,fortran,free,"mixed regression cases, references, harness, and data",untriaged,untriaged,untriaged,untriaged,untriaged,untriaged,not-run,not-run
non-regressions,nonRegressions/set11/vpf05,fortran,free,"mixed regression cases, references, harness, and data",untriaged,untriaged,untriaged,untriaged,untriaged,untriaged,not-run,not-run
non-regressions,nonRegressions/set11/vpf06,fortran,free,"mixed regression cases, references, harness, and data",untriaged,untriaged,untriaged,untriaged,untriaged,untriaged,not-run,not-run
non-regressions,nonRegressions/set11/vpf07,fortran,free,"mixed regression cases, references, harness, and data",untriaged,untriaged,untriaged,untriaged,untriaged,untriaged,not-run,not-run
non-regressions,nonRegressions/set11/vpf08,fortran,free,"mixed regression cases, references, harness, and data",untriaged,untriaged,untriaged,untriaged,untriaged,untriaged,not-run,not-run
non-regressions,nonRegressions/set11/vpf09,fortran,free,"mixed regression cases, references, harness, and data",untriaged,untriaged,untriaged,untriaged,untriaged,untriaged,not-run,not-run
non-regressions,nonRegressions/set11/vpf10,fortran,free,"mixed regression cases, references, harness, and data",untriaged,untriaged,untriaged,untriaged,untriaged,untriaged,not-run,not-run
non-regressions,nonRegressions/set11/vpf11,fortran,free,"mixed regression cases, references, harness, and data",untriaged,untriaged,untriaged,untriaged,untriaged,untriaged,not-run,not-run
non-regressions,nonRegressions/set11/vpf12,fortran,free,"mixed regression cases, references, harness, and data",untriaged,untriaged,untriaged,untriaged,untriaged,untriaged,not-run,not-run
non-regressions,nonRegressions/set11/vpf13,fortran,free,"mixed regression cases, references, harness, and data",untriaged,untriaged,untriaged,untriaged,untriaged,untriaged,not-run,not-run
non-regressions,nonRegressions/set11/vpf14,fortran,free,"mixed regression cases, references, harness, and data",untriaged,untriaged,untriaged,untriaged,untriaged,untriaged,not-run,not-run
non-regressions,nonRegressions/set11/vpf15,fortran,free,"mixed regression cases, references, harness, and data",untriaged,untriaged,untriaged,untriaged,untriaged,untriaged,not-run,not-run
non-regressions,nonRegressions/set11/vpf16,fortran,free,"mixed regression cases, references, harness, and data",expected-refusal,none (modules ESMF_CalendarMod and mo only),-p|-d|-b (no root unit; Options=-msginfile -noinclude -noisize),parser|forward:no-root|reverse:no-root,strict-compiler|Options-metadata|fresh-Tapenade-parser-tangent-reverse|independent-module-use-oracle|FortAD-no-entry-boundary|upstream-source-SHA-256-contract,module USE dependency and PRIVATE declarations; no callable procedure,pass-fresh-parser-strict-compile-tangent-reverse-no-root-messages,expected-refusal-exact-parser-forward-reverse-no-entry
non-regressions,nonRegressions/set11/vpf17,fortran,free,"mixed regression cases, references, harness, and data",untriaged,untriaged,untriaged,untriaged,untriaged,untriaged,not-run,not-run
non-regressions,nonRegressions/set11/vpf18,fortran,free,"mixed regression cases, references, harness, and data",untriaged,untriaged,untriaged,untriaged,untriaged,untriaged,not-run,not-run
non-regressions,nonRegressions/set11/vpf19,fortran,free,"mixed regression cases, references, harness, and data",unsupported-fortad-derived-type-component,some_type2_difference,-p/-root-some_type2_difference|-d/-root-some_type2_difference|-b/-root-some_type2_difference,parser|forward|reverse,independent-nested-derived-component-arithmetic-and-refusal-boundary-pass|no-derivative-support-claim,none-reported; compiler-clean; modern-feature-score=154; exact-source-reference-sha256-in-case-result,pass-parser-forward-reverse-generation|forward-generated-strict-refusal-generic-sub_d,pass-parser-generated-source-invalid-module-context|refused-forward-reverse-active-derived-object-not-real-component
non-regressions,nonRegressions/set11/vpf20,fortran,free,"mixed regression cases, references, harness, and data",untriaged,untriaged,untriaged,untriaged,untriaged,untriaged,not-run,not-run
non-regressions,nonRegressions/set11/vpf21,fortran,free,"mixed regression cases, references, harness, and data",untriaged,untriaged,untriaged,untriaged,untriaged,untriaged,not-run,not-run
non-regressions,nonRegressions/set11/vpf22,fortran,free,"mixed regression cases, references, harness, and data",untriaged,untriaged,untriaged,untriaged,untriaged,untriaged,not-run,not-run
non-regressions,nonRegressions/set11/vpf23,fortran,free,"mixed regression cases, references, harness, and data",untriaged,untriaged,untriaged,untriaged,untriaged,untriaged,not-run,not-run
non-regressions,nonRegressions/set11/vpf24,fortran,free,"mixed regression cases, references, harness, and data",untriaged,untriaged,untriaged,untriaged,untriaged,untriaged,not-run,not-run
non-regressions,nonRegressions/set11/vpf25,fortran,free,"mixed regression cases, references, harness, and data",untriaged,untriaged,untriaged,untriaged,untriaged,untriaged,not-run,not-run
non-regressions,nonRegressions/set11/vpf26,fortran,free,"mixed regression cases, references, harness, and data",untriaged,untriaged,untriaged,untriaged,untriaged,untriaged,not-run,not-run
non-regressions,nonRegressions/set11/vpf27,fortran,free,"mixed regression cases, references, harness, and data",untriaged,untriaged,untriaged,untriaged,untriaged,untriaged,not-run,not-run
non-regressions,nonRegressions/set12/cmplxstep01,fortran,free,"mixed regression cases, references, harness, and data",expected-refusal,"ff1(a,b,c)>(ff1)",-p|-d|-b,parser|forward|reverse,strict-source-compile|fresh-Tapenade-parser-forward-reverse-generation|independent-pure-subexpression-JVP-VJP,"active module variables and mutable derived-type component cross the differentiated call boundary",pass-fresh-parser-forward-reverse-generation-source-compile,expected-refusal-active-mutable-module-state
non-regressions,nonRegressions/set12/cmplxstep02,fortran,free,"mixed regression cases, references, harness, and data",untriaged,untriaged,untriaged,untriaged,untriaged,untriaged,not-run,not-run
non-regressions,nonRegressions/set12/cmplxstep03,fortran,free,"mixed regression cases, references, harness, and data",untriaged,untriaged,untriaged,untriaged,untriaged,untriaged,not-run,not-run
non-regressions,nonRegressions/set12/cuda04,c,n/a,"mixed regression cases, references, harness, and data",fortad-unsupported-source-language,not-inspected,not-inspected,not-inspected,not-applicable-no-fortad-run,not-inspected,not-run,not-run-unsupported-source-language
non-regressions,nonRegressions/set12/cuda05,c,n/a,"mixed regression cases, references, harness, and data",fortad-unsupported-source-language,not-inspected,not-inspected,not-inspected,not-applicable-no-fortad-run,not-inspected,not-run,not-run-unsupported-source-language
non-regressions,nonRegressions/set12/cuda06,c,n/a,"mixed regression cases, references, harness, and data",fortad-unsupported-source-language,not-inspected,not-inspected,not-inspected,not-applicable-no-fortad-run,not-inspected,not-run,not-run-unsupported-source-language
non-regressions,nonRegressions/set12/cuda07,cuda,n/a,"mixed regression cases, references, harness, and data",fortad-unsupported-source-language,not-inspected,not-inspected,not-inspected,not-applicable-no-fortad-run,not-inspected,not-run,not-run-unsupported-source-language
non-regressions,nonRegressions/set12/cuda08,cuda,n/a,"mixed regression cases, references, harness, and data",fortad-unsupported-source-language,not-inspected,not-inspected,not-inspected,not-applicable-no-fortad-run,not-inspected,not-run,not-run-unsupported-source-language
non-regressions,nonRegressions/set12/cuda09,cuda,n/a,"mixed regression cases, references, harness, and data",fortad-unsupported-source-language,not-inspected,not-inspected,not-inspected,not-applicable-no-fortad-run,not-inspected,not-run,not-run-unsupported-source-language
non-regressions,nonRegressions/set12/f03fptr01,fortran,free,"mixed regression cases, references, harness, and data",expected-refusal,"foo(i,x,y)",-p|-d|-b,parser|forward|reverse,strict-source-compile|fresh-Tapenade-parser-forward-reverse-generation|independent-procedure-selection-JVP-VJP,"abstract procedure interface and procedure-pointer aliasing",pass-fresh-parser-forward-reverse-generation-source-compile,expected-refusal-abstract-procedure-interface-procedure-pointer
non-regressions,nonRegressions/set12/f03typf01,fortran,free,"mixed regression cases, references, harness, and data",expected-refusal,"foo(t,x,y); port evaluate_deferred(model,x)",-p program.f90; derivative probe records malformed generated source,forward,strict-upstream-compile|generated-source-compile-rejection|concrete-child-values|central-difference-sweep,none,generated-source-compile-rejection,unsupported-type-bound-call
non-regressions,nonRegressions/set12/f03typf02,fortran,free,"mixed regression cases, references, harness, and data",unsupported-fortad-abstract-polymorphic-context,foo,-p/-root-foo|-d/-root-foo|-b/-root-foo,parser|forward|reverse,independent-abstract-dispatch-primal-and-refusal-boundary-pass|no-derivative-support-claim,"none-reported; compiler-clean; modern-feature-score=270; exact-source-reference-sha256-in-case-result",pass-parser-forward-reverse-products,refused-parser-forward-reverse-abstract-polymorphic-module-context
non-regressions,nonRegressions/set12/fpp01,fortran,free,"mixed regression cases, references, harness, and data",untriaged,untriaged,untriaged,untriaged,untriaged,untriaged,not-run,not-run
non-regressions,nonRegressions/set12/fpp03,fortran,fixed,"mixed regression cases, references, harness, and data",untriaged,untriaged,untriaged,untriaged,untriaged,untriaged,not-run,not-run
non-regressions,nonRegressions/set12/funcptr01,c,n/a,"mixed regression cases, references, harness, and data",fortad-unsupported-source-language,not-inspected,not-inspected,not-inspected,not-applicable-no-fortad-run,not-inspected,not-run,not-run-unsupported-source-language
non-regressions,nonRegressions/set12/inlang01,c|fortran,fixed,"mixed regression cases, references, harness, and data",untriaged,untriaged,untriaged,untriaged,untriaged,untriaged,not-run,not-run
non-regressions,nonRegressions/set12/inlang02,c|fortran,fixed,"mixed regression cases, references, harness, and data",untriaged,untriaged,untriaged,untriaged,untriaged,untriaged,not-run,not-run
non-regressions,nonRegressions/set12/inlang03,c|fortran,fixed,"mixed regression cases, references, harness, and data",untriaged,untriaged,untriaged,untriaged,untriaged,untriaged,not-run,not-run
non-regressions,nonRegressions/set12/inlang04,c|fortran,fixed,"mixed regression cases, references, harness, and data",untriaged,untriaged,untriaged,untriaged,untriaged,untriaged,not-run,not-run
non-regressions,nonRegressions/set12/jlb001,fortran,fixed,"mixed regression cases, references, harness, and data",untriaged,untriaged,untriaged,untriaged,untriaged,untriaged,not-run,not-run
non-regressions,nonRegressions/set12/jlb002,c,n/a,"mixed regression cases, references, harness, and data",fortad-unsupported-source-language,not-inspected,not-inspected,not-inspected,not-applicable-no-fortad-run,not-inspected,not-run,not-run-unsupported-source-language
non-regressions,nonRegressions/set12/jlb003,fortran,fixed,"mixed regression cases, references, harness, and data",untriaged,untriaged,untriaged,untriaged,untriaged,untriaged,not-run,not-run
non-regressions,nonRegressions/set12/jlb012,fortran,free,"mixed regression cases, references, harness, and data",expected-refusal,"mysum(n,x); exact-source-only refusal",-p|-d/-root-mysum|-b/-root-mysum,parser|forward|reverse,strict-compiler|fresh-Tapenade-parser-forward-reverse-generation|independent-hand|central-difference-sweep|adjoint-identity,none,pass-fresh-parser-forward-reverse-generation-strict-compile-refusal,expected-refusal-generated-forward-reverse-strict-compile
non-regressions,nonRegressions/set12/jlb013,fortran,free,"mixed regression cases, references, harness, and data",untriaged,untriaged,untriaged,untriaged,untriaged,untriaged,not-run,not-run
non-regressions,nonRegressions/set12/jlb014,fortran,fixed,"mixed regression cases, references, harness, and data",untriaged,untriaged,untriaged,untriaged,untriaged,untriaged,not-run,not-run
non-regressions,nonRegressions/set12/jlb015,fortran,fixed,"mixed regression cases, references, harness, and data",untriaged,untriaged,untriaged,untriaged,untriaged,untriaged,not-run,not-run
non-regressions,nonRegressions/set12/jlb020,c,n/a,"mixed regression cases, references, harness, and data",fortad-unsupported-source-language,not-inspected,not-inspected,not-inspected,not-applicable-no-fortad-run,not-inspected,not-run,not-run-unsupported-source-language
non-regressions,nonRegressions/set12/jlb021,c,n/a,"mixed regression cases, references, harness, and data",fortad-unsupported-source-language,not-inspected,not-inspected,not-inspected,not-applicable-no-fortad-run,not-inspected,not-run,not-run-unsupported-source-language
non-regressions,nonRegressions/set12/jlb022,c,n/a,"mixed regression cases, references, harness, and data",fortad-unsupported-source-language,not-inspected,not-inspected,not-inspected,not-applicable-no-fortad-run,not-inspected,not-run,not-run-unsupported-source-language
non-regressions,nonRegressions/set12/jlb023,c,n/a,"mixed regression cases, references, harness, and data",fortad-unsupported-source-language,not-inspected,not-inspected,not-inspected,not-applicable-no-fortad-run,not-inspected,not-run,not-run-unsupported-source-language
non-regressions,nonRegressions/set12/jlb024,c,n/a,"mixed regression cases, references, harness, and data",fortad-unsupported-source-language,not-inspected,not-inspected,not-inspected,not-applicable-no-fortad-run,not-inspected,not-run,not-run-unsupported-source-language
non-regressions,nonRegressions/set12/julia01,julia,n/a,"mixed regression cases, references, harness, and data",fortad-unsupported-source-language,not-inspected,not-inspected,not-inspected,not-applicable-no-fortad-run,not-inspected,not-run,not-run-unsupported-source-language
non-regressions,nonRegressions/set12/julia02,julia,n/a,"mixed regression cases, references, harness, and data",fortad-unsupported-source-language,not-inspected,not-inspected,not-inspected,not-applicable-no-fortad-run,not-inspected,not-run,not-run-unsupported-source-language
non-regressions,nonRegressions/set12/julia03,julia,n/a,"mixed regression cases, references, harness, and data",fortad-unsupported-source-language,not-inspected,not-inspected,not-inspected,not-applicable-no-fortad-run,not-inspected,not-run,not-run-unsupported-source-language
non-regressions,nonRegressions/set12/julia05,julia,n/a,"mixed regression cases, references, harness, and data",fortad-unsupported-source-language,not-inspected,not-inspected,not-inspected,not-applicable-no-fortad-run,not-inspected,not-run,not-run-unsupported-source-language
non-regressions,nonRegressions/set12/lh01,fortran,fixed,"mixed regression cases, references, harness, and data",untriaged,untriaged,untriaged,untriaged,untriaged,untriaged,not-run,not-run
non-regressions,nonRegressions/set12/lh02,fortran,fixed,"mixed regression cases, references, harness, and data",untriaged,untriaged,untriaged,untriaged,untriaged,untriaged,not-run,not-run
non-regressions,nonRegressions/set12/lh03,fortran,fixed,"mixed regression cases, references, harness, and data",untriaged,untriaged,untriaged,untriaged,untriaged,untriaged,not-run,not-run
non-regressions,nonRegressions/set12/lh04,fortran,free,"mixed regression cases, references, harness, and data",untriaged,untriaged,untriaged,untriaged,untriaged,untriaged,not-run,not-run
non-regressions,nonRegressions/set12/lh05,fortran,fixed,"mixed regression cases, references, harness, and data",untriaged,untriaged,untriaged,untriaged,untriaged,untriaged,not-run,not-run
non-regressions,nonRegressions/set12/lh06,fortran,free,"mixed regression cases, references, harness, and data",untriaged,untriaged,untriaged,untriaged,untriaged,untriaged,not-run,not-run
non-regressions,nonRegressions/set12/lh07,fortran,free,"mixed regression cases, references, harness, and data",untriaged,untriaged,untriaged,untriaged,untriaged,untriaged,not-run,not-run
non-regressions,nonRegressions/set12/lh09,fortran,free,"mixed regression cases, references, harness, and data",untriaged,untriaged,untriaged,untriaged,untriaged,untriaged,not-run,not-run
non-regressions,nonRegressions/set12/lh10,fortran,mixed,"mixed regression cases, references, harness, and data",untriaged,untriaged,untriaged,untriaged,untriaged,untriaged,not-run,not-run
non-regressions,nonRegressions/set12/lh11,fortran,mixed,"mixed regression cases, references, harness, and data",untriaged,untriaged,untriaged,untriaged,untriaged,untriaged,not-run,not-run
non-regressions,nonRegressions/set12/lh12,fortran,mixed,"mixed regression cases, references, harness, and data",untriaged,untriaged,untriaged,untriaged,untriaged,untriaged,not-run,not-run
non-regressions,nonRegressions/set12/lh13,fortran,free,"mixed regression cases, references, harness, and data",untriaged,untriaged,untriaged,untriaged,untriaged,untriaged,not-run,not-run
non-regressions,nonRegressions/set12/lh14,c,n/a,"mixed regression cases, references, harness, and data",fortad-unsupported-source-language,not-inspected,not-inspected,not-inspected,not-applicable-no-fortad-run,not-inspected,not-run,not-run-unsupported-source-language
non-regressions,nonRegressions/set12/lh15,c,n/a,"mixed regression cases, references, harness, and data",fortad-unsupported-source-language,not-inspected,not-inspected,not-inspected,not-applicable-no-fortad-run,not-inspected,not-run,not-run-unsupported-source-language
non-regressions,nonRegressions/set12/lh16,fortran,free,"mixed regression cases, references, harness, and data",untriaged,untriaged,untriaged,untriaged,untriaged,untriaged,not-run,not-run
non-regressions,nonRegressions/set12/lh17,fortran,free,"mixed regression cases, references, harness, and data",untriaged,untriaged,untriaged,untriaged,untriaged,untriaged,not-run,not-run
non-regressions,nonRegressions/set12/lh19,fortran,fixed,"mixed regression cases, references, harness, and data",untriaged,untriaged,untriaged,untriaged,untriaged,untriaged,not-run,not-run
non-regressions,nonRegressions/set12/lh20,fortran,fixed,"mixed regression cases, references, harness, and data",untriaged,untriaged,untriaged,untriaged,untriaged,untriaged,not-run,not-run
non-regressions,nonRegressions/set12/mvo11,fortran,free,"mixed regression cases, references, harness, and data",untriaged,untriaged,untriaged,untriaged,untriaged,untriaged,not-run,not-run
non-regressions,nonRegressions/set12/mvo12,fortran,free,"mixed regression cases, references, harness, and data",untriaged,untriaged,untriaged,untriaged,untriaged,untriaged,not-run,not-run
non-regressions,nonRegressions/set12/mvo31,fortran,free,"mixed regression cases, references, harness, and data",untriaged,untriaged,untriaged,untriaged,untriaged,untriaged,not-run,not-run
non-regressions,nonRegressions/set12/mvo32,fortran,free,"mixed regression cases, references, harness, and data",untriaged,untriaged,untriaged,untriaged,untriaged,untriaged,not-run,not-run
non-regressions,nonRegressions/set12/mvo33,fortran,free,"mixed regression cases, references, harness, and data",untriaged,untriaged,untriaged,untriaged,untriaged,untriaged,not-run,not-run
non-regressions,nonRegressions/set12/mvo34,fortran,free,"mixed regression cases, references, harness, and data",unsupported-fortad-polymorphic-procedure-pointer,type_set_func,-p/-root-type_set_func|-d/-root-type_set_func|-b/-root-type_set_func,parser|forward|reverse,independent-polymorphic-procedure-pointer-primal-and-refusal-boundary-pass|no-derivative-support-claim,"none-reported; compiler-clean; modern-feature-score=165; exact-source-reference-sha256-in-case-result",pass-parser-forward-reverse-no-active-input-or-output,refused-parser-forward-reverse-polymorphic-procedure-pointer
non-regressions,nonRegressions/set12/mvo35,fortran,free,"mixed regression cases, references, harness, and data",unsupported-fortad-polymorphic-procedure-pointer,foo,-p/-root-foo|-d/-root-foo|-b/-root-foo,parser|forward|reverse,independent-polymorphic-procedure-dispatch-primal-and-refusal-boundary-pass|no-derivative-support-claim,"none-reported; compiler-clean; modern-feature-score=248; exact-source-reference-sha256-in-case-result",pass-parser-forward-reverse-products,refused-parser-forward-reverse-polymorphic-procedure-pointer-dispatch
non-regressions,nonRegressions/set12/onera01,cuda,n/a,"mixed regression cases, references, harness, and data",fortad-unsupported-source-language,not-inspected,not-inspected,not-inspected,not-applicable-no-fortad-run,not-inspected,not-run,not-run-unsupported-source-language
non-regressions,nonRegressions/set12/onera02,cuda,n/a,"mixed regression cases, references, harness, and data",fortad-unsupported-source-language,not-inspected,not-inspected,not-inspected,not-applicable-no-fortad-run,not-inspected,not-run,not-run-unsupported-source-language
non-regressions,nonRegressions/set12/onera03,cuda,n/a,"mixed regression cases, references, harness, and data",fortad-unsupported-source-language,not-inspected,not-inspected,not-inspected,not-applicable-no-fortad-run,not-inspected,not-run,not-run-unsupported-source-language
non-regressions,nonRegressions/set12/onera04,cuda,n/a,"mixed regression cases, references, harness, and data",fortad-unsupported-source-language,not-inspected,not-inspected,not-inspected,not-applicable-no-fortad-run,not-inspected,not-run,not-run-unsupported-source-language
non-regressions,nonRegressions/set12/onera05,cuda,n/a,"mixed regression cases, references, harness, and data",fortad-unsupported-source-language,not-inspected,not-inspected,not-inspected,not-applicable-no-fortad-run,not-inspected,not-run,not-run-unsupported-source-language
non-regressions,nonRegressions/set12/onera06,cuda,n/a,"mixed regression cases, references, harness, and data",fortad-unsupported-source-language,not-inspected,not-inspected,not-inspected,not-applicable-no-fortad-run,not-inspected,not-run,not-run-unsupported-source-language
non-regressions,nonRegressions/set12/onera07,cuda,n/a,"mixed regression cases, references, harness, and data",fortad-unsupported-source-language,not-inspected,not-inspected,not-inspected,not-applicable-no-fortad-run,not-inspected,not-run,not-run-unsupported-source-language
non-regressions,nonRegressions/set12/onera08,cuda,n/a,"mixed regression cases, references, harness, and data",fortad-unsupported-source-language,not-inspected,not-inspected,not-inspected,not-applicable-no-fortad-run,not-inspected,not-run,not-run-unsupported-source-language
non-regressions,nonRegressions/set12/onera09,cuda,n/a,"mixed regression cases, references, harness, and data",fortad-unsupported-source-language,not-inspected,not-inspected,not-inspected,not-applicable-no-fortad-run,not-inspected,not-run,not-run-unsupported-source-language
non-regressions,nonRegressions/set12/onera10,cuda,n/a,"mixed regression cases, references, harness, and data",fortad-unsupported-source-language,not-inspected,not-inspected,not-inspected,not-applicable-no-fortad-run,not-inspected,not-run,not-run-unsupported-source-language
non-regressions,nonRegressions/set12/onera11,cuda,n/a,"mixed regression cases, references, harness, and data",fortad-unsupported-source-language,not-inspected,not-inspected,not-inspected,not-applicable-no-fortad-run,not-inspected,not-run,not-run-unsupported-source-language
non-regressions,nonRegressions/set12/onera12,cuda,n/a,"mixed regression cases, references, harness, and data",fortad-unsupported-source-language,not-inspected,not-inspected,not-inspected,not-applicable-no-fortad-run,not-inspected,not-run,not-run-unsupported-source-language
non-regressions,nonRegressions/set12/onera13,cuda,n/a,"mixed regression cases, references, harness, and data",fortad-unsupported-source-language,not-inspected,not-inspected,not-inspected,not-applicable-no-fortad-run,not-inspected,not-run,not-run-unsupported-source-language
non-regressions,nonRegressions/set12/onera14,cuda,n/a,"mixed regression cases, references, harness, and data",fortad-unsupported-source-language,not-inspected,not-inspected,not-inspected,not-applicable-no-fortad-run,not-inspected,not-run,not-run-unsupported-source-language
non-regressions,nonRegressions/set12/onera15,cuda,n/a,"mixed regression cases, references, harness, and data",fortad-unsupported-source-language,not-inspected,not-inspected,not-inspected,not-applicable-no-fortad-run,not-inspected,not-run,not-run-unsupported-source-language
non-regressions,nonRegressions/set12/onera16,cuda,n/a,"mixed regression cases, references, harness, and data",fortad-unsupported-source-language,not-inspected,not-inspected,not-inspected,not-applicable-no-fortad-run,not-inspected,not-run,not-run-unsupported-source-language
non-regressions,nonRegressions/set12/onera17,cuda,n/a,"mixed regression cases, references, harness, and data",fortad-unsupported-source-language,not-inspected,not-inspected,not-inspected,not-applicable-no-fortad-run,not-inspected,not-run,not-run-unsupported-source-language
non-regressions,nonRegressions/set12/onera18,cuda,n/a,"mixed regression cases, references, harness, and data",fortad-unsupported-source-language,not-inspected,not-inspected,not-inspected,not-applicable-no-fortad-run,not-inspected,not-run,not-run-unsupported-source-language
non-regressions,nonRegressions/set12/onera19,cuda,n/a,"mixed regression cases, references, harness, and data",fortad-unsupported-source-language,not-inspected,not-inspected,not-inspected,not-applicable-no-fortad-run,not-inspected,not-run,not-run-unsupported-source-language
non-regressions,nonRegressions/set12/onera20,cuda,n/a,"mixed regression cases, references, harness, and data",fortad-unsupported-source-language,not-inspected,not-inspected,not-inspected,not-applicable-no-fortad-run,not-inspected,not-run,not-run-unsupported-source-language
non-regressions,nonRegressions/set12/onera21,cuda,n/a,"mixed regression cases, references, harness, and data",fortad-unsupported-source-language,not-inspected,not-inspected,not-inspected,not-applicable-no-fortad-run,not-inspected,not-run,not-run-unsupported-source-language
non-regressions,nonRegressions/set12/onera22,cuda,n/a,"mixed regression cases, references, harness, and data",fortad-unsupported-source-language,not-inspected,not-inspected,not-inspected,not-applicable-no-fortad-run,not-inspected,not-run,not-run-unsupported-source-language
non-regressions,nonRegressions/set12/onera23,cuda,n/a,"mixed regression cases, references, harness, and data",fortad-unsupported-source-language,not-inspected,not-inspected,not-inspected,not-applicable-no-fortad-run,not-inspected,not-run,not-run-unsupported-source-language
non-regressions,nonRegressions/set12/onera24,cuda,n/a,"mixed regression cases, references, harness, and data",fortad-unsupported-source-language,not-inspected,not-inspected,not-inspected,not-applicable-no-fortad-run,not-inspected,not-run,not-run-unsupported-source-language
non-regressions,nonRegressions/set12/onera25,cuda,n/a,"mixed regression cases, references, harness, and data",fortad-unsupported-source-language,not-inspected,not-inspected,not-inspected,not-applicable-no-fortad-run,not-inspected,not-run,not-run-unsupported-source-language
non-regressions,nonRegressions/set12/onera26,cuda,n/a,"mixed regression cases, references, harness, and data",fortad-unsupported-source-language,not-inspected,not-inspected,not-inspected,not-applicable-no-fortad-run,not-inspected,not-run,not-run-unsupported-source-language
non-regressions,nonRegressions/set12/onera27,cuda,n/a,"mixed regression cases, references, harness, and data",fortad-unsupported-source-language,not-inspected,not-inspected,not-inspected,not-applicable-no-fortad-run,not-inspected,not-run,not-run-unsupported-source-language
non-regressions,nonRegressions/set12/pk01,fortran,free,"mixed regression cases, references, harness, and data",untriaged,untriaged,untriaged,untriaged,untriaged,untriaged,not-run,not-run
non-regressions,nonRegressions/set12/profile01,fortran,fixed,"mixed regression cases, references, harness, and data",runnable-ported,"foo(a,b,c); port set12_profile01(a,b,c)",-p|-d/-root-foo|-b/-root-foo,parser|forward|reverse,strict-compiler|fresh-Tapenade-parser-forward-reverse-generation|independent-hand|central-difference-sweep|adjoint-identity,none,pass-fresh-parser-forward-reverse-generated-strict-compile,pass-transform-compile-runtime
non-regressions,nonRegressions/set12/profile02,fortran,fixed,"mixed regression cases, references, harness, and data",untriaged,untriaged,untriaged,untriaged,untriaged,untriaged,not-run,not-run
non-regressions,nonRegressions/set12/profile03,c,n/a,"mixed regression cases, references, harness, and data",fortad-unsupported-source-language,not-inspected,not-inspected,not-inspected,not-applicable-no-fortad-run,not-inspected,not-run,not-run-unsupported-source-language
non-regressions,nonRegressions/set12/profile04,fortran,fixed,"mixed regression cases, references, harness, and data",untriaged,untriaged,untriaged,untriaged,untriaged,untriaged,not-run,not-run
non-regressions,nonRegressions/set12/profile05,fortran,fixed,"mixed regression cases, references, harness, and data",untriaged,untriaged,untriaged,untriaged,untriaged,untriaged,not-run,not-run
non-regressions,nonRegressions/set12/profile06,unknown,n/a,"mixed regression cases, references, harness, and data",no-recognized-source,not-inspected,not-inspected,not-inspected,not-applicable-no-recognized-source,not-inspected,not-run,not-run-no-recognized-source
non-regressions,nonRegressions/set12/profile07,fortran,fixed,"mixed regression cases, references, harness, and data",untriaged,untriaged,untriaged,untriaged,untriaged,untriaged,not-run,not-run
non-regressions,nonRegressions/set12/profile08,unknown,n/a,"mixed regression cases, references, harness, and data",no-recognized-source,not-inspected,not-inspected,not-inspected,not-applicable-no-recognized-source,not-inspected,not-run,not-run-no-recognized-source
non-regressions,nonRegressions/set12/profile09,c,n/a,"mixed regression cases, references, harness, and data",fortad-unsupported-source-language,not-inspected,not-inspected,not-inspected,not-applicable-no-fortad-run,not-inspected,not-run,not-run-unsupported-source-language
non-regressions,nonRegressions/set12/region00,c,n/a,"mixed regression cases, references, harness, and data",fortad-unsupported-source-language,not-inspected,not-inspected,not-inspected,not-applicable-no-fortad-run,not-inspected,not-run,not-run-unsupported-source-language
non-regressions,nonRegressions/set12/region01,cuda,n/a,"mixed regression cases, references, harness, and data",fortad-unsupported-source-language,not-inspected,not-inspected,not-inspected,not-applicable-no-fortad-run,not-inspected,not-run,not-run-unsupported-source-language
non-regressions,nonRegressions/set12/region02,cuda,n/a,"mixed regression cases, references, harness, and data",fortad-unsupported-source-language,not-inspected,not-inspected,not-inspected,not-applicable-no-fortad-run,not-inspected,not-run,not-run-unsupported-source-language
non-regressions,nonRegressions/set12/region03,fortran,mixed,"mixed regression cases, references, harness, and data",untriaged,untriaged,untriaged,untriaged,untriaged,untriaged,not-run,not-run
non-regressions,nonRegressions/set12/region04,fortran,free,"mixed regression cases, references, harness, and data",untriaged,untriaged,untriaged,untriaged,untriaged,untriaged,not-run,not-run
non-regressions,nonRegressions/set12/replica1,fortran,fixed,"mixed regression cases, references, harness, and data",untriaged,untriaged,untriaged,untriaged,untriaged,untriaged,not-run,not-run
non-regressions,nonRegressions/set12/replica2,fortran,fixed,"mixed regression cases, references, harness, and data",untriaged,untriaged,untriaged,untriaged,untriaged,untriaged,not-run,not-run
non-regressions,nonRegressions/set12/replica3,fortran,fixed,"mixed regression cases, references, harness, and data",untriaged,untriaged,untriaged,untriaged,untriaged,untriaged,not-run,not-run
non-regressions,nonRegressions/set12/replica4,c,n/a,"mixed regression cases, references, harness, and data",fortad-unsupported-source-language,not-inspected,not-inspected,not-inspected,not-applicable-no-fortad-run,not-inspected,not-run,not-run-unsupported-source-language
non-regressions,nonRegressions/set12/replica5,fortran,fixed,"mixed regression cases, references, harness, and data",untriaged,untriaged,untriaged,untriaged,untriaged,untriaged,not-run,not-run
non-regressions,nonRegressions/set12/replica6,c,n/a,"mixed regression cases, references, harness, and data",fortad-unsupported-source-language,not-inspected,not-inspected,not-inspected,not-applicable-no-fortad-run,not-inspected,not-run,not-run-unsupported-source-language
non-regressions,nonRegressions/set12/shk01,fortran,fixed,"mixed regression cases, references, harness, and data",untriaged,untriaged,untriaged,untriaged,untriaged,untriaged,not-run,not-run
non-regressions,nonRegressions/set12/sparsj01,fortran,fixed,"mixed regression cases, references, harness, and data",untriaged,untriaged,untriaged,untriaged,untriaged,untriaged,not-run,not-run
non-regressions,nonRegressions/set12/sparsj02,fortran,fixed,"mixed regression cases, references, harness, and data",untriaged,untriaged,untriaged,untriaged,untriaged,untriaged,not-run,not-run
non-regressions,nonRegressions/set12/sparsj03,fortran,fixed,"mixed regression cases, references, harness, and data",untriaged,untriaged,untriaged,untriaged,untriaged,untriaged,not-run,not-run
non-regressions,nonRegressions/set12/sparsj04,fortran,fixed,"mixed regression cases, references, harness, and data",untriaged,untriaged,untriaged,untriaged,untriaged,untriaged,not-run,not-run
non-regressions,nonRegressions/set12/sparsj05,fortran,fixed,"mixed regression cases, references, harness, and data",untriaged,untriaged,untriaged,untriaged,untriaged,untriaged,not-run,not-run
non-regressions,nonRegressions/set12/sparsj06,fortran,fixed,"mixed regression cases, references, harness, and data",untriaged,untriaged,untriaged,untriaged,untriaged,untriaged,not-run,not-run
non-regressions,nonRegressions/set12/sparsj07,fortran,fixed,"mixed regression cases, references, harness, and data",untriaged,untriaged,untriaged,untriaged,untriaged,untriaged,not-run,not-run
non-regressions,nonRegressions/set12/sparsj08,fortran,fixed,"mixed regression cases, references, harness, and data",untriaged,untriaged,untriaged,untriaged,untriaged,untriaged,not-run,not-run
non-regressions,nonRegressions/set12/sparsj09,c,n/a,"mixed regression cases, references, harness, and data",fortad-unsupported-source-language,not-inspected,not-inspected,not-inspected,not-applicable-no-fortad-run,not-inspected,not-run,not-run-unsupported-source-language
non-regressions,nonRegressions/set12/sparsj10,c,n/a,"mixed regression cases, references, harness, and data",fortad-unsupported-source-language,not-inspected,not-inspected,not-inspected,not-applicable-no-fortad-run,not-inspected,not-run,not-run-unsupported-source-language
non-regressions,nonRegressions/set12/sparsj11,c,n/a,"mixed regression cases, references, harness, and data",fortad-unsupported-source-language,not-inspected,not-inspected,not-inspected,not-applicable-no-fortad-run,not-inspected,not-run,not-run-unsupported-source-language
non-regressions,nonRegressions/set12/sparsj12,fortran,fixed,"mixed regression cases, references, harness, and data",untriaged,untriaged,untriaged,untriaged,untriaged,untriaged,not-run,not-run
non-regressions,nonRegressions/set12/sparsj13,fortran,free,"mixed regression cases, references, harness, and data",untriaged,untriaged,untriaged,untriaged,untriaged,untriaged,not-run,not-run
non-regressions,nonRegressions/set12/sparsj14,fortran,fixed,"mixed regression cases, references, harness, and data",untriaged,untriaged,untriaged,untriaged,untriaged,untriaged,not-run,not-run
non-regressions,nonRegressions/set12/sparsj15,fortran,fixed,"mixed regression cases, references, harness, and data",untriaged,untriaged,untriaged,untriaged,untriaged,untriaged,not-run,not-run
non-regressions,nonRegressions/set12/sparsj25,fortran,fixed,"mixed regression cases, references, harness, and data",untriaged,untriaged,untriaged,untriaged,untriaged,untriaged,not-run,not-run
large-examples,examples/big01/B04,fortran,fixed,"large example cases, references, and harness",unsupported-invalid-upstream-fortran,"MOFDER_GEAR(NEQ,T,Y,YDOT)","parser=-p -root MOFDER_GEAR|tangent=-d -root MOFDER_GEAR|reverse=-b -root MOFDER_GEAR",parser|forward|reverse,exact-source-hashes|strict-and-legacy-compiler|fresh-Tapenade-parser-tangent-reverse|FortAD-diagnostic,"missing DIFFSIZES.inc for stored tangent/vector references",pass-fresh-parser-tangent-reverse-generation-invalid-source-and-missing-diffsizes-boundary,expected-refusal-exact-parse-invalid-character-line-20599-no-output
large-examples,examples/big01/lh062,fortran,fixed,"large example cases, references, and harness",untriaged,untriaged,untriaged,untriaged,untriaged,untriaged,not-run,not-run
large-examples,examples/big01/lh205,fortran,free,"large example cases, references, and harness",untriaged,untriaged,untriaged,untriaged,untriaged,untriaged,not-run,not-run
large-examples,examples/big01/v002,c,n/a,"large example cases, references, and harness",fortad-unsupported-source-language,not-inspected,not-inspected,not-inspected,not-applicable-no-fortad-run,not-inspected,not-run,not-run-unsupported-source-language
large-examples,examples/big01/v059,fortran,free,"large example cases, references, and harness",untriaged,untriaged,untriaged,untriaged,untriaged,untriaged,not-run,not-run
large-examples,examples/big01/v068,fortran,fixed,"large example cases, references, and harness",untriaged,untriaged,untriaged,untriaged,untriaged,untriaged,not-run,not-run
large-examples,examples/big01/v108,fortran,fixed,"large example cases, references, and harness",untriaged,untriaged,untriaged,untriaged,untriaged,untriaged,not-run,not-run
large-examples,examples/big01/v234,fortran,free,"large example cases, references, and harness",untriaged,untriaged,untriaged,untriaged,untriaged,untriaged,not-run,not-run
large-examples,examples/big01/v235,fortran,free,"large example cases, references, and harness",untriaged,untriaged,untriaged,untriaged,untriaged,untriaged,not-run,not-run
large-examples,examples/big01/v262,c,n/a,"large example cases, references, and harness",fortad-unsupported-source-language,not-inspected,not-inspected,not-inspected,not-applicable-no-fortad-run,not-inspected,not-run,not-run-unsupported-source-language
large-examples,examples/big01/v263,c,n/a,"large example cases, references, and harness",fortad-unsupported-source-language,not-inspected,not-inspected,not-inspected,not-applicable-no-fortad-run,not-inspected,not-run,not-run-unsupported-source-language
large-examples,examples/big01/v512,fortran,free,"large example cases, references, and harness",untriaged,untriaged,untriaged,untriaged,untriaged,untriaged,not-run,not-run
large-examples,examples/big01/v520,fortran,free,"large example cases, references, and harness",untriaged,untriaged,untriaged,untriaged,untriaged,untriaged,not-run,not-run
large-examples,examples/big01/vmp01,fortran,free,"large example cases, references, and harness",untriaged,untriaged,untriaged,untriaged,untriaged,untriaged,not-run,not-run
large-examples,examples/big01/vmp02,fortran,free,"large example cases, references, and harness",untriaged,untriaged,untriaged,untriaged,untriaged,untriaged,not-run,not-run
large-examples,examples/big01/vmp03,fortran,free,"large example cases, references, and harness",untriaged,untriaged,untriaged,untriaged,untriaged,untriaged,not-run,not-run
large-examples,examples/big01/vmp04,fortran,free,"large example cases, references, and harness",untriaged,untriaged,untriaged,untriaged,untriaged,untriaged,not-run,not-run
large-examples,examples/big01/vmp05,fortran,free,"large example cases, references, and harness",untriaged,untriaged,untriaged,untriaged,untriaged,untriaged,not-run,not-run
large-examples,examples/big01/vmp09,fortran,free,"large example cases, references, and harness",untriaged,untriaged,untriaged,untriaged,untriaged,untriaged,not-run,not-run
large-examples,examples/big01/vmp10,fortran,free,"large example cases, references, and harness",untriaged,untriaged,untriaged,untriaged,untriaged,untriaged,not-run,not-run
large-examples,examples/big01/vmp12,fortran,free,"large example cases, references, and harness",untriaged,untriaged,untriaged,untriaged,untriaged,untriaged,not-run,not-run
large-examples,examples/big01/vmp14,fortran,free,"large example cases, references, and harness",untriaged,untriaged,untriaged,untriaged,untriaged,untriaged,not-run,not-run
large-examples,examples/big01/vmp15,fortran,free,"large example cases, references, and harness",untriaged,untriaged,untriaged,untriaged,untriaged,untriaged,not-run,not-run
large-examples,examples/big01/vmp16,fortran,free,"large example cases, references, and harness",untriaged,untriaged,untriaged,untriaged,untriaged,untriaged,not-run,not-run
large-examples,examples/big01/vmp18,fortran,free,"large example cases, references, and harness",untriaged,untriaged,untriaged,untriaged,untriaged,untriaged,not-run,not-run
c-examples,examplesC/REFERENCES/v03,c,n/a,C reference cases and harness,fortad-unsupported-source-language,not-inspected,not-inspected,not-inspected,not-applicable-no-fortad-run,not-inspected,not-run,not-run-unsupported-source-language
c-examples,examplesC/REFERENCES/v04,c,n/a,C reference cases and harness,fortad-unsupported-source-language,not-inspected,not-inspected,not-inspected,not-applicable-no-fortad-run,not-inspected,not-run,not-run-unsupported-source-language
c-examples,examplesC/REFERENCES/v06,c,n/a,C reference cases and harness,fortad-unsupported-source-language,not-inspected,not-inspected,not-inspected,not-applicable-no-fortad-run,not-inspected,not-run,not-run-unsupported-source-language
c-examples,examplesC/REFERENCES/v247,c,n/a,C reference cases and harness,fortad-unsupported-source-language,not-inspected,not-inspected,not-inspected,not-applicable-no-fortad-run,not-inspected,not-run,not-run-unsupported-source-language
c-examples,examplesC/REFERENCES/v249,c,n/a,C reference cases and harness,fortad-unsupported-source-language,not-inspected,not-inspected,not-inspected,not-applicable-no-fortad-run,not-inspected,not-run,not-run-unsupported-source-language
c-examples,examplesC/REFERENCES/v250,c,n/a,C reference cases and harness,fortad-unsupported-source-language,not-inspected,not-inspected,not-inspected,not-applicable-no-fortad-run,not-inspected,not-run,not-run-unsupported-source-language
cpp-parser-examples,examplesCPP/generic/classes.cpp,c++,n/a,standalone C++ parser examples,fortad-unsupported-source-language,not-inspected,not-inspected,not-inspected,not-applicable-no-fortad-run,not-inspected,not-run,not-run-unsupported-source-language
cpp-parser-examples,examplesCPP/generic/control.cpp,c++,n/a,standalone C++ parser examples,fortad-unsupported-source-language,not-inspected,not-inspected,not-inspected,not-applicable-no-fortad-run,not-inspected,not-run,not-run-unsupported-source-language
cpp-parser-examples,examplesCPP/generic/data_structures.cpp,c++,n/a,standalone C++ parser examples,fortad-unsupported-source-language,not-inspected,not-inspected,not-inspected,not-applicable-no-fortad-run,not-inspected,not-run,not-run-unsupported-source-language
cpp-parser-examples,examplesCPP/generic/namespaces.cpp,c++,n/a,standalone C++ parser examples,fortad-unsupported-source-language,not-inspected,not-inspected,not-inspected,not-applicable-no-fortad-run,not-inspected,not-run,not-run-unsupported-source-language
cpp-parser-examples,examplesCPP/generic/stl.cpp,c++,n/a,standalone C++ parser examples,fortad-unsupported-source-language,not-inspected,not-inspected,not-inspected,not-applicable-no-fortad-run,not-inspected,not-run,not-run-unsupported-source-language
cpp-parser-examples,examplesCPP/generic/templates.cpp,c++,n/a,standalone C++ parser examples,fortad-unsupported-source-language,not-inspected,not-inspected,not-inspected,not-applicable-no-fortad-run,not-inspected,not-run,not-run-unsupported-source-language
openmp,openmp/examples/benchmark_stacks.f90,fortran,free,"OpenMP examples, support runtime, diagrams, scripts, and data",untriaged,untriaged,untriaged,untriaged,untriaged,untriaged,not-run,not-run
openmp,openmp/examples/example_schedules.f90,fortran,free,"OpenMP examples, support runtime, diagrams, scripts, and data",untriaged,untriaged,untriaged,untriaged,untriaged,untriaged,not-run,not-run
openmp,openmp/examples/example_scopes.f90,fortran,free,"OpenMP examples, support runtime, diagrams, scripts, and data",untriaged,untriaged,untriaged,untriaged,untriaged,untriaged,not-run,not-run
openmp,openmp/examples/lbm,c|fortran,free,"OpenMP examples, support runtime, diagrams, scripts, and data",untriaged,untriaged,untriaged,untriaged,untriaged,untriaged,not-run,not-run
openmp,openmp/examples/stassuij,c|fortran,mixed,"OpenMP examples, support runtime, diagrams, scripts, and data",untriaged,untriaged,untriaged,untriaged,untriaged,untriaged,not-run,not-run
openmp,openmp/examples/stencil,fortran,free,"OpenMP examples, support runtime, diagrams, scripts, and data",untriaged,untriaged,untriaged,untriaged,untriaged,untriaged,not-run,not-run
openmp,openmp/examples/stencilrange,fortran,free,"OpenMP examples, support runtime, diagrams, scripts, and data",untriaged,untriaged,untriaged,untriaged,untriaged,untriaged,not-run,not-run
openmp,openmp/examples/testpushpop.f90,fortran,free,"OpenMP examples, support runtime, diagrams, scripts, and data",untriaged,untriaged,untriaged,untriaged,untriaged,untriaged,not-run,not-run
openmp,openmp/examples/tinymgopt,fortran,free,"OpenMP examples, support runtime, diagrams, scripts, and data",untriaged,untriaged,untriaged,untriaged,untriaged,untriaged,not-run,not-run
c-known-failures,todoC/REFERENCES/lh17,c,n/a,historical C issue and expected-failure references,fortad-unsupported-source-language,not-inspected,not-inspected,not-inspected,not-applicable-no-fortad-run,not-inspected,not-run,not-run-unsupported-source-language
c-known-failures,todoC/REFERENCES/mix12,c|fortran,free,historical C issue and expected-failure references,untriaged,untriaged,untriaged,untriaged,untriaged,untriaged,not-run,not-run
c-known-failures,todoC/REFERENCES/mix17,c|fortran,fixed,historical C issue and expected-failure references,untriaged,untriaged,untriaged,untriaged,untriaged,untriaged,not-run,not-run
c-known-failures,todoC/REFERENCES/mix39,c|fortran,fixed,historical C issue and expected-failure references,untriaged,untriaged,untriaged,untriaged,untriaged,untriaged,not-run,not-run
c-known-failures,todoC/REFERENCES/v02,c,n/a,historical C issue and expected-failure references,fortad-unsupported-source-language,not-inspected,not-inspected,not-inspected,not-applicable-no-fortad-run,not-inspected,not-run,not-run-unsupported-source-language
c-known-failures,todoC/REFERENCES/v03,c,n/a,historical C issue and expected-failure references,fortad-unsupported-source-language,not-inspected,not-inspected,not-inspected,not-applicable-no-fortad-run,not-inspected,not-run,not-run-unsupported-source-language
c-known-failures,todoC/REFERENCES/v100,c,n/a,historical C issue and expected-failure references,fortad-unsupported-source-language,not-inspected,not-inspected,not-inspected,not-applicable-no-fortad-run,not-inspected,not-run,not-run-unsupported-source-language
c-known-failures,todoC/REFERENCES/v171,c,n/a,historical C issue and expected-failure references,fortad-unsupported-source-language,not-inspected,not-inspected,not-inspected,not-applicable-no-fortad-run,not-inspected,not-run,not-run-unsupported-source-language
c-known-failures,todoC/REFERENCES/v208,c,n/a,historical C issue and expected-failure references,fortad-unsupported-source-language,not-inspected,not-inspected,not-inspected,not-applicable-no-fortad-run,not-inspected,not-run,not-run-unsupported-source-language
c-known-failures,todoC/REFERENCES/v211,c,n/a,historical C issue and expected-failure references,fortad-unsupported-source-language,not-inspected,not-inspected,not-inspected,not-applicable-no-fortad-run,not-inspected,not-run,not-run-unsupported-source-language
c-known-failures,todoC/REFERENCES/v213,c,n/a,historical C issue and expected-failure references,fortad-unsupported-source-language,not-inspected,not-inspected,not-inspected,not-applicable-no-fortad-run,not-inspected,not-run,not-run-unsupported-source-language
c-known-failures,todoC/REFERENCES/v214,c,n/a,historical C issue and expected-failure references,fortad-unsupported-source-language,not-inspected,not-inspected,not-inspected,not-applicable-no-fortad-run,not-inspected,not-run,not-run-unsupported-source-language
c-known-failures,todoC/REFERENCES/v215,c,n/a,historical C issue and expected-failure references,fortad-unsupported-source-language,not-inspected,not-inspected,not-inspected,not-applicable-no-fortad-run,not-inspected,not-run,not-run-unsupported-source-language
c-known-failures,todoC/REFERENCES/v216,c,n/a,historical C issue and expected-failure references,fortad-unsupported-source-language,not-inspected,not-inspected,not-inspected,not-applicable-no-fortad-run,not-inspected,not-run,not-run-unsupported-source-language
c-known-failures,todoC/REFERENCES/v265,c,n/a,historical C issue and expected-failure references,fortad-unsupported-source-language,not-inspected,not-inspected,not-inspected,not-applicable-no-fortad-run,not-inspected,not-run,not-run-unsupported-source-language
fortran-known-failures,todoF90/REFERENCES/bd01,fortran,free,historical Fortran issue and expected-failure references,expected-refusal,"titi(a,b,c); toto(a,b,c); port set01_bd01(a,b,c)",-p/-d/-b-root-titi,parser|forward|reverse|bounded-forward|bounded-reverse,strict-compiler|fresh-Tapenade-parser-tangent-reverse-compile|FortAD-parser-and-exact-module-transform|FortAD-exact-call-boundary-diagnostic|independent-hand-JVP-VJP|central-difference-sweep|adjoint-identity|compiled-FortAD-harness,"The exact TITI source uses module TATA/TOTO from a separate file; FortAD stops at the unresolved TOTO call; the bounded port inlines only the visible local TOTO body",pass-fresh-parser-tangent-reverse-generation-generated-strict-compile,exact-titi-call-refusal-exact-toto-pass-bounded-forward-reverse-transform-compile-runtime
fortran-known-failures,todoF90/REFERENCES/bd11,fortran,free,historical Fortran issue and expected-failure references,expected-refusal,"top(i1,i2,i3); port top_bd11(i1,i2,i3,objective)","-p|-d|-b -root top -nolib -ext REFERENCES/lh09/NoInlineABS",parser|forward|reverse|bounded-forward|bounded-reverse-objective,strict-upstream-compilation|fresh-Tapenade-parser-tangent-reverse-generation-and-strict-compilation|FortAD-exact-check-forward-reverse-diagnostic|independent-hand-JVP-finite-difference-adjoint-identity|compiled-FortAD-bounded-forward-reverse-harness|upstream-source-sha256-contract,"The exact source has whole-array sections i2(:) and i1(:,i); FortAD refuses their noncontiguous and overlapping storage identity; the bounded port scalarizes the fixed 10-by-10 trace and exposes objective=i1(1,1)",pass-fresh-parser-tangent-reverse-generation-generated-strict-compile,exact-refusal-bounded-forward-reverse-transform-compile-runtime
fortran-known-failures,todoF90/REFERENCES/v01,fortran,free,historical Fortran issue and expected-failure references,expected-refusal,"flinopen_work(filename,iideb,iilen,jjdeb,jjlen,do_test,iim,jjm,llm,lon,lat,lev,ttm,itaus,date0,dt,fid_out)",-p/-d/-b-root-flinopen_work,parser|forward|reverse,strict-gfortran-compile|fresh-pinned-Tapenade-generation-and-strict-compilation|FortAD-exact-parser-forward-reverse-diagnostic-and-no-output,"external NF90_INQUIRE_VARIABLE, NF90_GET_ATT, NF90_GET_VAR, and NF90_GET_VAR_D callbacks use implicit interfaces; flincom.mod is a pinned binary module artifact",pass-fresh-parser-tangent-reverse-generation-strict-compile,expected-refusal-exact-parser-forward-reverse-no-output
fortran-known-failures,todoF90/REFERENCES/v02,fortran,free,historical Fortran issue and expected-failure references,expected-refusal,"modu.top(i1,i3,o1,o2,o3); port top_v02(i2_in,i3,o1,o2,o3)","-nooptim spareinit|-p|-d|-b -root top",parser|forward|reverse,strict-compiler|fresh-pinned-Tapenade-parser-tangent-reverse-generation-and-compile|FortAD-exact-parser-forward-reverse-transform-and-strict-compile|independent-hand-JVP-VJP|central-difference-sweep|adjoint-identity|compiled-FortAD-forward-reverse-harness,"the exact module carries i2 as hidden mutable state and legacy implicit interfaces; the bounded port exposes i2_in and keeps i3 inout without claiming the hidden-state interface",pass-fresh-parser-tangent-generation-reverse-strict-compile-refusal,exact-parser-forward-generated-compile-refusal-reverse-refusal-bounded-forward-reverse-transform-compile-runtime
fortran-known-failures,todoF90/REFERENCES/v05,fortran,free,historical Fortran issue and expected-failure references,unsupported-invalid-upstream-fortran,"RETARD(CK,I_ZONE,SP,TEMPS,IFIM1); COMP_PRECIPITATION(CK,DELTAT)","-p|-d|-b -root RETARD|-p|-d|-b -root COMP_PRECIPITATION",parser|forward|reverse,strict-and-legacy-compiler-diagnostics|fresh-Tapenade-parser-tangent-reverse-generation-and-strict-compilation|FortAD-parser-forward-reverse-boundary|source-checksum-contract,"the exact source passes rank-2 CK(1,1) to the scalar implicitly interfaced RETARD function with optional dummies; no standard-conforming repair preserves the candidate",pass-fresh-parser-tangent-reverse-generation-generated-strict-compile-refusal,not-run-invalid-upstream-source
fortran-known-failures,todoF90/REFERENCES/v07,fortran,free,historical Fortran issue and expected-failure references,unsupported-invalid-upstream-fortran,"none (MODULE TEST contains no program, function, or subroutine)",-p|-d|-b,parser|forward|reverse,strict-compiler-diagnostic-identity|fresh-pinned-Tapenade-generation-and-strict-compilation-boundary|FortAD-check-and-transform-diagnostic|upstream-source-sha256-contract,"MODULE TEST contains undeclared PUBLIC :: foo under IMPLICIT NONE and no differentiable procedure; declaring foo or adding a body would change the candidate",pass-fresh-parser-tangent-reverse-generation-expected-refusal-strict-compile,not-run-invalid-upstream-source
fortran-known-failures,todoF90/REFERENCES/v100,fortran,free,historical Fortran issue and expected-failure references,expected-refusal,"head(x,y); port head_v100_port(x_in,x_out,y)",-p|-d|-b-root-head,parser|forward|reverse,strict-compiler|fresh-Tapenade-parser-tangent-reverse-compile|FortAD-exact-parser-forward-reverse-boundary|independent-MOD-domain-equivalence|central-difference-sweep|adjoint-identity|compiled-FortAD-bounded-forward-reverse-harness,"the exact source contains a strict-format tab and MOD has no derivative rule; the bounded port exposes x_out and claims only the open interval 0.2 < x_in(1) < 0.4",pass-fresh-parser-tangent-reverse-generation-strict-compile,exact-parser-transform-strict-compile-forward-reverse-refusal-bounded-forward-reverse-transform-compile-runtime
fortran-known-failures,todoF90/REFERENCES/v101,fortran,free,historical Fortran issue and expected-failure references,expected-refusal,"head(x,y); port head_v101(x,y)","-association byaddress -vars x -outvars y|-p|-d|-b",parser|forward|reverse,strict-compiler|fresh-Tapenade-parser-tangent-reverse-compile|FortAD-exact-parser-forward-reverse-refusal|independent-hand-JVP-VJP|central-difference-sweep|adjoint-identity|compiled-FortAD-bounded-forward-reverse-harness,"the exact routine allocates and deallocates a local rank-one array; the bounded port specializes the normal allocated fixed-size a(2) path and does not claim allocation failure or unallocated-state behavior",pass-fresh-parser-tangent-reverse-generation-strict-compile,exact-parser-forward-reverse-refusal-bounded-forward-reverse-transform-compile-runtime
fortran-known-failures,todoF90/REFERENCES/v144,fortran,free,historical Fortran issue and expected-failure references,unsupported-invalid-upstream-fortran,"head(a,b,c,resu); F(t,u) helper",-p|-d|-b-root-head,parser|forward|reverse,independent-strict-gfortran-compiler-diagnostic|fresh-pinned-Tapenade-parser-tangent-reverse-generation-and-strict-compilation|FortAD-exact-parser-forward-reverse-diagnostic-and-no-output|upstream-source-and-fresh-output-SHA-256-contract,"external array-valued F is called through an implicit interface with a scalar actual for rank-1 u; repairing the interface or rank mismatch would change the candidate",pass-fresh-parser-tangent-reverse-generation-strict-compile-refusal,not-run-invalid-upstream-source
fortran-known-failures,todoF90/REFERENCES/v270,fortran,free,historical Fortran issue and expected-failure references,unsupported-invalid-upstream-fortran,"simtest1.solvereal(this,c)","-p|-d|-b-root-solvereal -nolib -ext REFERENCES/v270/NoInlineABS",parser|forward|reverse,strict-compiler-diagnostic|fresh-Tapenade-parser-tangent-reverse-generation-and-strict-compilation|FortAD-exact-parser-forward-reverse-diagnostic|pinned-source-SHA-256-contract,"the pinned source and stored references use legacy REAL*8 and INTEGER*4 declarations; fresh derivatives fail the same strict boundary and exact FortAD refuses the allocatable component",pass-fresh-parser-tangent-reverse-generation-expected-refusal-strict-compile,not-run-invalid-upstream-source
fortran-known-failures,todoF90/REFERENCES/v322,fortran,free,historical Fortran issue and expected-failure references,unsupported-invalid-upstream-fortran,"solvereal(this,c); private qcalc(this,Cmob)","-nolib -p|-d|-b-root-solvereal",parser|forward|reverse,strict-gfortran-compiler-diagnostic|legacy-gfortran-reference-dependency-diagnostic|fresh-pinned-Tapenade-parser-tangent-reverse-generation-and-strict-compilation|FortAD-exact-parser-forward-reverse-diagnostic-and-no-output|upstream-source-checksum-contract,"program sources use legacy REAL*8/INTEGER*4 and the stored reverse requires absent admm_tapenade_interface.mod; no standard-conforming repair preserves the candidate",pass-fresh-parser-tangent-reverse-generation-expected-refusal-strict-compile,not-run-invalid-upstream-source
fortran-known-failures,todoF90/REFERENCES/v377,fortran,free,historical Fortran issue and expected-failure references,unsupported-invalid-upstream-fortran,"test(ce,rank); main",-p|-d|-b-root-test,parser|forward|reverse,strict-mpifort-compile-of-exact-and-stored-sources|fresh-pinned-Tapenade-parser-tangent-reverse-generation-and-strict-compilation|FortAD-exact-parser-forward-reverse-boundary|independent-MPI-communication-safety-model|upstream-source-sha256-contract,"MPI_SEND has an explicit-interface argument-count/rank mismatch and the remaining communication graph targets invalid/inactive ranks; repairing it would change the candidate",pass-fresh-parser-tangent-reverse-generation-expected-refusal-strict-compile,not-run-invalid-upstream-source
fortran-known-failures,todoF90/REFERENCES/v385,fortran,free,historical Fortran issue and expected-failure references,unsupported-invalid-upstream-fortran,"fonctiontTest(buf,resultat)",-p|-d|-b-root-fonctiontTest,parser|forward|reverse,strict-mpifort-exact-and-stored-source-boundary|fresh-Tapenade-parser-tangent-reverse-compile|FortAD-exact-parser-forward-reverse-boundary|independent-finite-difference-and-tangent-reverse-arithmetic-oracle|upstream-source-sha256-contract,"the exact source uses REAL*8, couples allocatable arrays to MPI initialization and MPI_ISEND, and has no standard-conforming MPI polling contract",pass-fresh-Tapenade-parser-tangent-reverse-generation-strict-compile,not-run-invalid-upstream-source
fortran-known-failures,todoF90/REFERENCES/v402,fortran,free,historical Fortran issue and expected-failure references,unsupported-invalid-upstream-fortran,"timeloop(k); f(a); g(a)",-p|-d|-b-root-timeloop,parser|forward|reverse,strict-gfortran-compiler-diagnostics|independent-source-call-arity-and-dependency-oracle|fresh-pinned-Tapenade-generation-plus-strict-compilation|FortAD-exact-parser-forward-reverse-diagnostic-and-no-output|pinned-source-checksums,"the main program calls timeloop without k; REAL*8 is nonstandard; stored reverse needs absent DIFFSIZES",pass-fresh-Tapenade-parser-tangent-reverse-generation-expected-refusal-strict-compile,not-run-invalid-upstream-source
fortran-known-failures,todoF90/REFERENCES/v412,fortran,free,historical Fortran issue and expected-failure references,unsupported-invalid-upstream-fortran,"top(x,y); helpers f0-f7",-association-byaddress|-p|-d|-b-root-top,parser|forward|reverse,independent-strict-gfortran-compiler-diagnostic|fresh-pinned-Tapenade-parser-tangent-reverse-generation-and-strict-compilation|FortAD-exact-parser-forward-reverse-refusal-and-no-output|pinned-source-SHA-256-contract,"mixed REAL/DOUBLE PRECISION implicit-interface calls and undeclared external undef; stored derivative has generated declaration defects",pass-fresh-pinned-Tapenade-parser-tangent-reverse-generation-strict-compile-refusal,not-run-invalid-upstream-source
fortran-known-failures,todoF90/REFERENCES/v413,fortran,free,historical Fortran issue and expected-failure references,expected-refusal,"f4(t,ss,hr)",-p|-d|-b-root-f4,parser|forward|reverse,strict-gfortran-compile-of-exact-and-stored-forward-source|fresh-pinned-Tapenade-parser-tangent-reverse-generation-and-strict-compilation|FortAD-exact-parser-forward-reverse-boundary|independent-undefined-local-state-model|upstream-source-sha256-contract,"local mt is read before assignment, so the exact procedure has no defined numerical value",pass-fresh-Tapenade-parser-tangent-reverse-generation-strict-compile-with-undefined-local-warning,expected-refusal-exact-parser-forward-reverse-unsupported-return-statement
fortran-known-failures,todoF90/REFERENCES/v414,fortran,free,historical Fortran issue and expected-failure references,expected-refusal,"example3.addvector(a,b)",-association-byaddress|-p|-d|-b-root-addvector,parser|forward|reverse,strict-compiler-for-exact-primal-and-stored-tangent|fresh-pinned-Tapenade-parser-tangent-reverse-generation-and-strict-compilation|FortAD-exact-parser-forward-reverse-generation-and-strict-compilation-boundary|independent-x-component-finite-difference-JVP|independent-x-component-adjoint-identity,"the exact source leaves addvector%y undefined; FortAD lacks the private derived-type context in generated outputs",pass-fresh-Tapenade-parser-tangent-reverse-generation-strict-compile,generation-success-strict-compile-refusal-for-parser-forward-reverse
fortran-known-failures,todoF90/REFERENCES/v415,fortran,free,historical Fortran issue and expected-failure references,expected-refusal,"calc_force(geom,prop,obj,acc)",-p/-d/-b-root-calc_force|Options,parser|forward|reverse,strict-compiler|fresh-pinned-Tapenade-generation-and-strict-compile|FortAD-exact-parser-forward-reverse-boundary|independent-hand-JVP-VJP|central-difference-sweep|adjoint-identity|upstream-source-sha256-contract,"stored program_d is invalid; exact derived types contain allocatable components and FortAD stops before transformation",pass-fresh-Tapenade-parser-tangent-reverse-generation-strict-compile,expected-refusal-exact-parser-forward-reverse-no-output
fortran-known-failures,todoF90/REFERENCES/v416,fortran,free,historical Fortran issue and expected-failure references,runnable-ported,"precechcin(x,y,nm_ha,Tm_ha); port set01_v416(x,y,nm_ha,Tm_ha)",-association byaddress|-p|-d|-b-root-precechcin,parser|forward|reverse,strict-gfortran exact-source and stored-reference boundary|fresh pinned Tapenade parser/tangent/reverse generation and strict compilation|FortAD exact parser/forward/reverse transform and generated-source compilation|independent matrix recurrence finite-difference and JVP/VJP adjoint oracle|pinned-source SHA-256 contract,"exact source has declaration-order failure; bounded port changes only declaration order and states nm_ha >= 2 with finite nonzero Tm_ha",pass-fresh-Tapenade-parser-tangent-reverse-generation-strict-compile,exact-parser-transform-strict-compile-refusal; exact-forward-reverse-pass
fortran-known-failures,todoF90/REFERENCES/v417,fortran,free,historical Fortran issue and expected-failure references,expected-refusal,"calc_force(geom,prop,obj,acc)",-association byaddress|-p/-d/-b -root calc_force,parser|forward|reverse,strict-compiler|fresh-pinned-Tapenade-generation-and-strict-compile|FortAD-exact-parser-forward-reverse-boundary|independent-hand-JVP-VJP|central-difference-sweep|adjoint-identity|upstream-source-sha256-contract,"exact derived types contain allocatable components; FortAD stops at the allocatable declaration",pass-fresh-Tapenade-parser-tangent-reverse-generation-strict-compile,expected-refusal-exact-parser-forward-reverse-no-output
fortran-known-failures,todoF90/REFERENCES/v418,fortran,free,historical Fortran issue and expected-failure references,unsupported-invalid-upstream-fortran,"anneau; msg1(val1,val2,...); msg2(val1,val2,...)",-association byaddress|-p|-d|-b-root-msg1|-root-msg2,parser|forward|reverse,strict-mpifort-compile-of-exact-and-stored-references|fresh-pinned-Tapenade-parser-tangent-reverse-generation-and-strict-compilation|FortAD-exact-parser-forward-reverse-behavior-for-both-MPI-roots|independent-ring-transfer-finite-difference-JVP-and-adjoint-identity|upstream-source-SHA-256-contract,"exact MPI calls have historical extra status arguments and topd lacks real4rdtype; repairing communication or declaring the datatype changes the candidate",pass-fresh-parser-tangent-reverse-generation-parser-strict-refusal-tangent-reverse-strict-compile,not-run-invalid-upstream-source
fortran-known-failures,todoF90/REFERENCES/v419,fortran,free,historical Fortran issue and expected-failure references,expected-refusal,"ROOT(X); program MAIN",-head root -context -association byaddress|-p/-d/-b-root-ROOT,parser|forward|reverse,strict-compiler-diagnostics|fresh-pinned-Tapenade-parser-tangent-reverse-generation-and-strict-compile|FortAD-exact-parser-forward-reverse-refusal|independent-numeric-prefix-and-undefined-read-semantic-oracle|upstream-source-SHA-256-contract,"SUM is applied to assumed-size X and allocated-but-unassigned state is read; repairing bounds or allocation changes the candidate",pass-fresh-Tapenade-parser-tangent-reverse-generation-strict-compile-refusal,exact-parser-forward-reverse-refusal-at-allocatable-context
fortran-known-failures,todoF90/REFERENCES/v420,fortran,free,historical Fortran issue and expected-failure references,runnable-ported,"g(u,v); port v420(u,v)",-association byaddress,forward|reverse,hand|central-difference-sweep|adjoint-identity,none,pass-parser-and-generated-compile,pass-transform-compile-runtime
fortran-known-failures,todoF90/REFERENCES/v421,fortran,free,historical Fortran issue and expected-failure references,unsupported-invalid-upstream-fortran,"top(x,y); helper g(z,u)",-association byaddress|-p/-d/-b-root-top,parser|forward|reverse,strict-compiler|fresh-pinned-Tapenade-generation-and-strict-compile|FortAD-exact-parser-forward-reverse-boundary|independent-legal-domain-JVP-VJP|central-difference-sweep|adjoint-identity|invalid-actual-shape-semantic-check|upstream-source-sha256-contract,"top passes a length-one array constructor to a dimension(2) dummy; changing the actual would change the exact candidate",pass-fresh-Tapenade-parser-tangent-reverse-generation-strict-compile-refusal,not-run-invalid-upstream-source
fortran-known-failures,todoF90/REFERENCES/v422,fortran,free,historical Fortran issue and expected-failure references,expected-refusal,"m1.f4(t)",-association byaddress|-p/-d/-b-root-f4,parser|forward|reverse,independent-hand-model-of-defined-t-mutation|central-difference-JVP-check|hand-VJP-adjoint-identity|independent-source-level-undefined-function-result-check|upstream-source-and-stored-reference-SHA-256-contract,"f4 mutates t but never assigns its function result; FortAD emits malformed parser, forward, and reverse interfaces",pass-fresh-Tapenade-parser-tangent-reverse-generation-strict-compile-with-undefined-result-warning,generation-success-strict-compile-refusal-parser-forward-reverse
fortran-known-failures,todoF90/REFERENCES/v425,fortran,free,historical Fortran issue and expected-failure references,expected-refusal,"m.addvector(a,b,c)",Options=-association byaddress|-p|-d|-b-root-addvector,parser|forward|reverse,strict compiler|fresh pinned Tapenade parser/tangent/reverse generation and strict compilation|FortAD exact parser/forward/reverse refusal diagnostic|independent projection hand JVP/VJP|central-difference sweep|adjoint identity|upstream-source SHA-256 contract,"exact source has an uninitialized fichier path and FortAD stops at the module boundary; no bounded port claims whole-procedure semantics",pass-fresh-parser-tangent-reverse-generation-strict-compile,expected-refusal-exact-parser-forward-reverse-unsupported-module-line-1
fortran-known-failures,todoF90/REFERENCES/v426,fortran,free,historical Fortran issue and expected-failure references,expected-refusal,"head()",-association byaddress|-vars inputs|-outvars outputs|-context|-noisize|-root head,parser|forward|reverse,independent allocation-lifecycle model|hand JVP checked by central differences|hand VJP checked by adjoint identity|pinned-source SHA-256 contract,"exact allocated arrays and saved allocation lifecycle are unsupported; replacing them with fixed storage changes the case",pass-fresh-Tapenade-parser-tangent-reverse-generation-strict-compile,expected-refusal-exact-parser-forward-reverse-no-output
fortran-known-failures,todoF90/REFERENCES/v427,fortran,free,historical Fortran issue and expected-failure references,expected-refusal,"m.setupData(dim)",-association byaddress|-p|-d|-b-root-setupData,parser|forward|reverse,strict gfortran compiler|fresh pinned Tapenade generation and strict compilation where a source is emitted|FortAD exact parser/forward/reverse diagnostic and no-output boundary|independent allocation-state semantic oracle|pinned source SHA-256 contract,"the procedure has only allocatable module state and no active numeric input or output",pass-fresh-parser-generation-strict-compile-tangent-reverse-no-active-output,expected-refusal-exact-parser-forward-reverse-unsupported-allocatable-state
fortran-known-failures,todoF90/REFERENCES/v469,fortran,free,historical Fortran issue and expected-failure references,runnable-ported,"head(x,y); port v469_head(x,y)",-association byaddress|-vars x|-outvars y|-nooptim diffmodules|-p|-d|-b-root-head,parser|forward|reverse,strict-gfortran exact-source and stored-reference boundary|fresh pinned Tapenade parser/tangent/reverse generation and strict compilation|FortAD exact parser/forward/reverse generation and strict compilation|bounded one-element port with explicit finite-real domain|independent sin-map central-difference JVP and VJP adjoint identity|upstream-source SHA-256 contract,"exact source retains a strict tab diagnostic; bounded port standardizes source form and claims only one-element finite real arrays",pass-fresh-parser-tangent-reverse-generation-strict-compile,exact-parser-forward-reverse-transform-strict-compile; bounded-port-forward-reverse-runtime-pass
fortran-known-failures,todoF90/REFERENCES/v500,fortran,free,historical Fortran issue and expected-failure references,expected-refusal,"nl_model_mie_orig(alpha_ext,PP)",Options=-nooptim nostatictape|-association byaddress|-p|-d|-b-root-nl_model_mie_orig,parser|forward|reverse,strict compiler boundary|fresh pinned Tapenade generation and strict compilation|FortAD exact parser/forward/reverse refusal|independent alpha_ext hand model|central-difference JVP sweep|hand VJP adjoint identity|singular PP normalization semantic check|upstream-source SHA-256 contract,"FortAD rejects DATA and PP normalization remains singular because sigma_sca is zero; no repair is claimed",pass-fresh-parser-tangent-strict-compile-reverse-strict-compile-refusal,exact-parser-forward-reverse-refusal-unsupported-data-statement
fortran-known-failures,todoF90/REFERENCES/v503,fortran,free,historical Fortran issue and expected-failure references,unsupported-invalid-upstream-fortran,SYSTEME,-p/-d/-b-root-SYSTEME,parser|forward|reverse,strict-compiler-boundary|fresh-pinned-Tapenade-generation|FortAD-exact-parser-forward-reverse-boundary|independent-source-structure-and-control-flow-semantic-oracle|upstream-source-SHA-256-contract,"the single source is incomplete: allocate uses undeclared state, project interfaces and initial conditions are absent, and no stored references exist",not-run-invalid-incomplete-upstream-source,not-run-invalid-upstream-source
fortran-known-failures,todoF90/REFERENCES/v504,fortran,free,historical Fortran issue and expected-failure references,runnable-ported,"top(r,s); compute(x,y); ftest(r,s,compute); port set01_v504(r,s,top)",Options=-head top|-p/-d/-b-root-top,parser|forward|reverse,strict-compiler|fresh-Tapenade-parser-tangent-reverse-compile|FortAD-exact-parser-forward-reverse-refusal|independent-hand-JVP-VJP|central-difference-sweep|adjoint-identity|upstream-source-SHA-256-contract,"M/M1_I/M2_I modules; exact interface collision; bounded port excludes global and caller-visible s mutation",pass-fresh-parser-tangent-reverse-generation-strict-compile-refusal,exact-parser-forward-reverse-refusal; bounded-port-forward-reverse-runtime-pass
fortran-known-failures,todoF90/REFERENCES/v505,fortran,free,historical Fortran issue and expected-failure references,expected-refusal,"top(r,s); compute(x,y); port not-claimed",-p/-d/-b-root-top,parser|forward|reverse,strict-compiler|fresh-Tapenade-parser-tangent-reverse-compile|FortAD-exact-parser-forward-reverse-refusal|independent-callback-graph-and-shape-semantic-oracle|upstream-source-SHA-256-contract,"external ftest and compute implementations absent; stored forward only; no reverse reference",pass-fresh-parser-tangent-reverse-generation-generated-compile,expected-refusal-exact-parser-forward-reverse-no-output
fortran-known-failures,todoF90/REFERENCES/v508,fortran,free,historical Fortran issue and expected-failure references,expected-refusal,"top(r,s); compute(x,y)",-head top -head compute|-p/-d/-b,parser|forward|reverse,strict-compiler|fresh-Tapenade-parser-tangent-reverse-compile|FortAD-exact-parser-forward-reverse-codegen-boundary|independent-closed-form-JVP-VJP|central-difference-sweep|adjoint-identity|inout-global-state-semantic-check|upstream-source-SHA-256-contract,"external compute/ftest interfaces; inout s and global state; exact generated code boundary",pass-fresh-parser-tangent-strict-compile-reverse-strict-compile-refusal,parser-forward-generation-strict-compile-refusal-reverse-refusal
fortran-known-failures,todoF90/REFERENCES/v519,fortran,free,historical Fortran issue and expected-failure references,expected-refusal,PROGRAM TEST_IT,-p/-d/-b-root-TEST_IT,parser|forward|reverse,strict-compiler-boundary|fresh-Tapenade-parser-generation|FortAD-exact-parser-forward-reverse-refusal|independent-record-shape-semantic-oracle|upstream-source-SHA-256-contract,"standalone PROGRAM has no callable procedure interface; no bounded port",generation-success-strict-compile-refusal-parser-forward-reverse,expected-refusal-exact-parser-forward-reverse-no-output
fortran-known-failures,todoF90/REFERENCES/v526,fortran,free,historical Fortran issue and expected-failure references,runnable-ported,"SING3(DXP,DYP,Epaisseur_Seuil); port v526_sing3(dxp,dyp_initial,epaisseur_seuil)",-p/-d/-b-root-SING3,parser|forward|reverse,strict-compiler|fresh-Tapenade-parser-tangent-reverse-compile|FortAD-exact-parser-forward-reverse-refusal|independent-SING3-hand-JVP-VJP|central-difference-sweep|adjoint-identity|upstream-source-SHA-256-contract,"FoX/module bundle lacks fox_dom.mod and exact source has undefined dp/sp and ambiguous generic; bounded one-element port",pass-fresh-parser-tangent-reverse-generation-strict-compile-refusal,exact-parser-forward-reverse-refusal; bounded-port-forward-reverse-runtime-pass
fortran-known-failures,todoF90/REFERENCES/v547,fortran,free,historical Fortran issue and expected-failure references,expected-refusal,"endval(bb,aind,bind,cind,n); xmul; xadd; xdot",-head endval(endval)/(bb)|-p/-d/-b,parser|forward|reverse,strict-compiler|fresh-Tapenade-parser-tangent-reverse-compile|FortAD-exact-parser-forward-reverse-refusal|independent-indexed-array-JVP-VJP|central-difference-sweep|adjoint-identity|upstream-source-SHA-256-contract,"COMMON state; stored/fresh derivative references retain legacy kind/declaration defects; no repaired port",pass-fresh-parser-tangent-reverse-generation-strict-compile-refusal,expected-refusal-exact-parser-forward-reverse-no-output
admm,ADMM/test1,c,n/a,ADMM support code and one C test,fortad-unsupported-source-language,not-inspected,not-inspected,not-inspected,not-applicable-no-fortad-run,not-inspected,not-run,not-run-unsupported-source-language
first-aid-kit,ADFirstAidKit/testMemSizec.c,c,n/a,derivative runtime and standalone runtime tests,fortad-unsupported-source-language,not-inspected,not-inspected,not-inspected,not-applicable-no-fortad-run,not-inspected,not-run,not-run-unsupported-source-language
first-aid-kit,ADFirstAidKit/testMemSizef.f,fortran,fixed,derivative runtime and standalone runtime tests,expected-refusal,program testmemsize,-root testmemsize,forward|reverse,upstream-runtime|Tapenade-parser-roundtrip|Fortran-storage_size|exact-engine-diagnostics,ADFirstAidKit/testMemSizec.c,refused-no-active-input-or-output,unsupported-program-not-procedure
first-aid-kit,ADFirstAidKit/validityTest.f,fortran,fixed,derivative runtime and standalone runtime tests,expected-refusal,"validity_domain_real8(t,td)",none,forward|reverse,strict-compiler|interval-state-transitions|FortAD-diagnostic,none,pass-transform-compile,unsupported-common-block
julia-parser-examples,src/frontjulia/examples/curly_test.jl,julia,n/a,standalone Julia front-end parser examples,fortad-unsupported-source-language,not-inspected,not-inspected,not-inspected,not-applicable-no-fortad-run,not-inspected,not-run,not-run-unsupported-source-language
julia-parser-examples,src/frontjulia/examples/micro.jl,julia,n/a,standalone Julia front-end parser examples,fortad-unsupported-source-language,not-inspected,not-inspected,not-inspected,not-applicable-no-fortad-run,not-inspected,not-run,not-run-unsupported-source-language
julia-parser-examples,src/frontjulia/examples/small_test_file.jl,julia,n/a,standalone Julia front-end parser examples,fortad-unsupported-source-language,not-inspected,not-inspected,not-inspected,not-applicable-no-fortad-run,not-inspected,not-run,not-run-unsupported-source-language
julia-parser-examples,src/frontjulia/examples/testfile.jl,julia,n/a,standalone Julia front-end parser examples,fortad-unsupported-source-language,not-inspected,not-inspected,not-inspected,not-applicable-no-fortad-run,not-inspected,not-run,not-run-unsupported-source-language
julia-parser-examples,src/frontjulia/examples/testinclude.jl,julia,n/a,standalone Julia front-end parser examples,fortad-unsupported-source-language,not-inspected,not-inspected,not-inspected,not-applicable-no-fortad-run,not-inspected,not-run,not-run-unsupported-source-language
julia-parser-examples,src/frontjulia/examples/tobeincluded.jl,julia,n/a,standalone Julia front-end parser examples,fortad-unsupported-source-language,not-inspected,not-inspected,not-inspected,not-applicable-no-fortad-run,not-inspected,not-run,not-run-unsupported-source-language
